event_id,case_name,d_gap_px,cohort_group,n_corridor_pixels,n_interior_pixels,n_interior_cells_patched,z00_baseline_logit,z00_baseline_prob,probe_a0_sage_off_logit,probe_a0_delta_sage_off,probe_a0_cured,probe_a_sim_pre_crack,probe_a_sim_pre_bg,probe_a_sim_post_crack,probe_a_sim_post_bg,probe_a_delta_sim_crack,probe_a_delta_sim_bg,probe_a_norm_pre,probe_a_norm_post,probe_a_norm_diff,probe_b1_bg_logit,probe_b1_delta_bg,probe_b2_crack_logit,probe_b2_delta_crack,probe_b3_shuffle_logit,probe_b3_delta_shuffle,probe_c_interior_logit,probe_c_delta_interior,probe_c_cured
2,20160222_080850_641_361,15.6525,Group_B (>8px),56,56,3,2.610748767852783,0.9315501564858643,2.6215500831604004,-0.010801315307617188,False,0.9960308074951172,0.9969956278800964,0.9960058331489563,0.9969828128814697,-2.4974346160888672e-05,-1.2814998626708984e-05,1277.7730712890625,1306.0125732421875,29.195344924926758,2.3135194778442383,0.2972292900085449,2.577402114868164,0.03334665298461914,2.608968734741211,0.0017800331115722656,2.5046138763427734,0.10613489151000977,False
3,20160222_115224_1281_1,12.0,Group_B (>8px),25,25,2,0.1943066567182541,0.5484244043710657,0.23603054881095886,-0.04172389209270477,False,0.9867241382598877,0.9921038746833801,0.9867217540740967,0.9920912981033325,-2.384185791015625e-06,-1.2576580047607422e-05,1226.87841796875,1253.382080078125,27.419944763183594,0.3528335392475128,-0.15852688252925873,1.3128471374511719,-1.1185404807329178,0.07404354214668274,0.12026311457157135,0.3528335392475128,-0.15852688252925873,False
4,20160222_115224_1281_1,7.2111,Group_A (5-8px),65,55,0,1.1963220834732056,0.7678698565204356,1.2267916202545166,-0.030469536781311035,False,0.9964752793312073,0.9961472749710083,0.9964768886566162,0.9961258769035339,1.6093254089355469e-06,-2.1398067474365234e-05,1226.87841796875,1253.382080078125,27.419944763183594,0.6553720831871033,0.5409500002861023,2.008253574371338,-0.8119314908981323,1.2158206701278687,-0.019498586654663086,1.1963220834732056,0.0,False
5,20160222_115224_1281_361,8.0,Group_A (5-8px),18,16,0,1.912642002105713,0.8713156721950615,1.9458401203155518,-0.03319811820983887,False,0.9895778298377991,0.9872024655342102,0.9895573854446411,0.987189531326294,-2.0444393157958984e-05,-1.2934207916259766e-05,1260.6199951171875,1288.0677490234375,28.36557960510254,1.1227706670761108,0.789871335029602,1.9452216625213623,-0.032579660415649414,1.8224103450775146,0.09023165702819824,1.912642002105713,0.0,False
7,20160222_115224_641_1,8.0623,Group_B (>8px),97,76,0,2.4775705337524414,0.9225543959839276,2.47355580329895,0.004014730453491211,False,0.9975886344909668,0.9962548017501831,0.9975833892822266,0.9962447285652161,-5.245208740234375e-06,-1.0073184967041016e-05,1217.41552734375,1243.626953125,27.130538940429688,1.560916781425476,0.9166537523269653,3.705716133117676,-1.2281455993652344,2.945347785949707,-0.4677772521972656,2.4775705337524414,0.0,False
10,20160222_115837_1281_361,13.1529,Group_B (>8px),45,45,1,1.3809659481048584,0.7991460909439032,1.3587549924850464,0.02221095561981201,False,0.9926353693008423,0.9971215128898621,0.9926019310951233,0.9971221685409546,-3.343820571899414e-05,6.556510925292969e-07,1199.66015625,1225.722900390625,26.9665584564209,1.7925015687942505,-0.4115356206893921,4.849122047424316,-3.468156099319458,2.2393136024475098,-0.8583476543426514,1.6729581356048584,-0.2919921875,False
11,20160222_164851_1281_1081,11.1803,Group_B (>8px),46,46,0,2.8907103538513184,0.9473853013962953,2.8903427124023438,0.0003676414489746094,False,0.9913533329963684,0.9929612874984741,0.9913395643234253,0.9929402470588684,-1.3768672943115234e-05,-2.104043960571289e-05,1170.265869140625,1195.7607421875,26.393436431884766,1.9617400169372559,0.9289703369140625,3.8003880977630615,-0.9096777439117432,2.8907103538513184,0.0,2.8907103538513184,0.0,False
13,20160222_164851_641_721,20.025,Group_B (>8px),40,40,2,1.49518620967865,0.8168554185848097,1.4688013792037964,0.026384830474853516,False,0.9910474419593811,0.9939337968826294,0.9909771680831909,0.9939208030700684,-7.027387619018555e-05,-1.2993812561035156e-05,1172.847412109375,1198.2374267578125,26.29198455810547,0.7716531753540039,0.723533034324646,2.904229164123535,-1.4090429544448853,0.4521702826023102,1.0430159270763397,0.7716531753540039,0.723533034324646,False
14,20160222_165225_1921_721,21.2132,Group_B (>8px),62,62,3,2.9108448028564453,0.948379937891576,2.8926873207092285,0.018157482147216797,False,0.9965600967407227,0.995762050151825,0.9965657591819763,0.9957559108734131,5.662441253662109e-06,-6.139278411865234e-06,1138.462158203125,1163.177734375,25.61647605895996,2.6215896606445312,0.28925514221191406,3.4895238876342773,-0.578679084777832,2.9108448028564453,0.0,2.6215896606445312,0.28925514221191406,False
16,20160222_165926_1281_361,23.0,Group_B (>8px),44,44,2,2.2997732162475586,0.9088582551112806,2.2823777198791504,0.017395496368408203,False,0.9915725588798523,0.9962213039398193,0.9915246963500977,0.9962127804756165,-4.786252975463867e-05,-8.52346420288086e-06,1157.278564453125,1182.6563720703125,26.28736686706543,1.6834025382995605,0.616370677947998,2.3980953693389893,-0.09832215309143066,2.390547275543213,-0.0907740592956543,1.6834025382995605,0.616370677947998,False
18,20160222_165926_1_721,23.6008,Group_B (>8px),55,55,4,2.9380931854248047,0.9496977125975973,2.9595324993133545,-0.021439313888549805,False,0.9948782324790955,0.996996283531189,0.9948357343673706,0.9969890713691711,-4.2498111724853516e-05,-7.212162017822266e-06,1164.1754150390625,1189.9013671875,26.649198532104492,2.4058098793029785,0.5322833061218262,3.9574062824249268,-1.019313097000122,3.028726100921631,-0.09063291549682617,2.4058098793029785,0.5322833061218262,False
19,20160222_165926_641_361,13.3417,Group_B (>8px),44,44,1,2.3427014350891113,0.9123523476626864,2.375673294067383,-0.032971858978271484,False,0.9962077140808105,0.9979212284088135,0.9961680173873901,0.9979100227355957,-3.9696693420410156e-05,-1.1205673217773438e-05,1157.309814453125,1182.8001708984375,26.403688430786133,1.808340311050415,0.5343611240386963,3.7220118045806885,-1.3793103694915771,2.7213165760040283,-0.378615140914917,2.433830499649048,-0.09112906455993652,False
20,20160302_155857_641_721,44.2719,Group_B (>8px),138,138,6,3.4598817825317383,0.9695244739850813,3.509434700012207,-0.04955291748046875,False,0.9959303736686707,0.9961607456207275,0.9959266185760498,0.9961517453193665,-3.7550926208496094e-06,-9.000301361083984e-06,1304.989501953125,1333.74365234375,29.699419021606445,3.3247032165527344,0.1351785659790039,3.9216837882995605,-0.46180200576782227,3.5033938884735107,-0.04351210594177246,3.3247032165527344,0.1351785659790039,False
21,20160307_144202_1281_361,11.0454,Group_B (>8px),58,58,1,2.741694450378418,0.939442566167272,2.7758026123046875,-0.03410816192626953,False,0.9908304214477539,0.9932347536087036,0.9908095002174377,0.9932173490524292,-2.092123031616211e-05,-1.7404556274414062e-05,1255.4847412109375,1282.568359375,28.006576538085938,2.65079402923584,0.09090042114257812,3.3673694133758545,-0.6256749629974365,2.8318121433258057,-0.0901176929473877,2.829800605773926,-0.08810615539550781,False
22,20160307_144202_1281_721,5.099,Group_A (5-8px),34,20,1,2.5275278091430664,0.9260492309112647,2.568070888519287,-0.0405430793762207,False,0.9877557754516602,0.9911165833473206,0.9877432584762573,0.9911107420921326,-1.2516975402832031e-05,-5.841255187988281e-06,1242.73876953125,1269.7105712890625,27.885971069335938,2.0612382888793945,0.4662895202636719,3.5884084701538086,-1.0608806610107422,2.5853002071380615,-0.05777239799499512,2.2565412521362305,0.27098655700683594,False
23,20160307_144202_1921_361,13.0384,Group_B (>8px),66,66,2,3.31304669380188,0.964873687104016,3.338820457458496,-0.02577376365661621,False,0.9884821772575378,0.9959871768951416,0.9884552359580994,0.9959762096405029,-2.6941299438476562e-05,-1.0967254638671875e-05,1258.8582763671875,1285.95068359375,28.013471603393555,3.1899943351745605,0.12305235862731934,4.0019025802612305,-0.6888558864593506,3.3475565910339355,-0.034509897232055664,3.1899943351745605,0.12305235862731934,False
27,20160307_145059_1281_721,46.0,Group_B (>8px),55,55,2,0.42476436495780945,0.6046227565849704,0.4430282413959503,-0.01826387643814087,False,0.9894419312477112,0.9968467354774475,0.9894041419029236,0.9968522787094116,-3.7789344787597656e-05,5.543231964111328e-06,1203.2843017578125,1229.4373779296875,27.0615177154541,-0.10994318872690201,0.5347075536847115,0.7701939940452576,-0.3454296290874481,0.25760209560394287,0.16716226935386658,-0.10994318872690201,0.5347075536847115,False
28,20160307_145059_1921_1081,14.3178,Group_B (>8px),51,51,1,1.686804175376892,0.8438034153555543,1.7348456382751465,-0.048041462898254395,False,0.9946978092193604,0.9978265166282654,0.9946900606155396,0.9978232979774475,-7.748603820800781e-06,-3.2186508178710938e-06,1210.6597900390625,1237.1685791015625,27.427536010742188,1.6083332300186157,0.07847094535827637,4.131862163543701,-2.445057988166809,1.9024522304534912,-0.21564805507659912,1.6966793537139893,-0.009875178337097168,False
29,20160307_145059_1921_721,8.0,Group_A (5-8px),15,13,0,2.546574592590332,0.9273430554131782,2.585240602493286,-0.0386660099029541,False,0.984785258769989,0.982397198677063,0.98479825258255,0.9823729991912842,1.2993812561035156e-05,-2.4199485778808594e-05,1216.7283935546875,1243.4647216796875,27.656423568725586,1.764299750328064,0.7822748422622681,2.600306272506714,-0.053731679916381836,2.546574592590332,0.0,2.546574592590332,0.0,False
30,20160307_145059_641_721,19.8494,Group_B (>8px),44,44,3,2.05710768699646,0.8866638431826903,2.1100425720214844,-0.052934885025024414,False,0.9908698201179504,0.9972529411315918,0.9908667802810669,0.9972497224807739,-3.039836883544922e-06,-3.2186508178710938e-06,1198.4644775390625,1224.53076171875,26.97262954711914,1.2520551681518555,0.8050525188446045,4.438264846801758,-2.381157159805298,2.297187328338623,-0.24007964134216309,1.427018642425537,0.6300890445709229,False
31,20160310_114505_1281_1,19.4165,Group_B (>8px),43,43,4,4.324944972991943,0.9869385801463433,4.3401899337768555,-0.01524496078491211,False,0.9952226281166077,0.9962506294250488,0.9951974153518677,0.9962338209152222,-2.5212764739990234e-05,-1.6808509826660156e-05,1211.9735107421875,1238.393798828125,27.330812454223633,3.334564208984375,0.9903807640075684,4.7923688888549805,-0.4674239158630371,3.9989540576934814,0.3259909152984619,3.334564208984375,0.9903807640075684,False
33,20160310_114505_641_1081,17.1172,Group_B (>8px),64,64,4,4.476574897766113,0.9887555771183592,4.50753927230835,-0.030964374542236328,False,0.9947643280029297,0.9941712617874146,0.9947587251663208,0.9941474199295044,-5.602836608886719e-06,-2.384185791015625e-05,1233.7769775390625,1260.3817138671875,27.510555267333984,3.9789669513702393,0.497607946395874,4.734771728515625,-0.2581968307495117,4.460382461547852,0.01619243621826172,3.9893383979797363,0.48723649978637695,False
35,20160310_114505_641_721,9.0554,Group_B (>8px),81,81,2,3.721688985824585,0.9763784073183316,3.7466721534729004,-0.02498316764831543,False,0.9959513545036316,0.9966182708740234,0.9959298968315125,0.9966040849685669,-2.1457672119140625e-05,-1.4185905456542969e-05,1233.9366455078125,1260.4471435546875,27.41564178466797,3.461134195327759,0.26055479049682617,5.103926658630371,-1.3822376728057861,3.9249510765075684,-0.2032620906829834,3.756290912628174,-0.03460192680358887,False
38,20160316_142539_1921_361,12.083,Group_B (>8px),151,151,4,2.173290729522705,0.8978252373342636,2.178734302520752,-0.005443572998046875,False,0.9986031651496887,0.9984001517295837,0.9985886216163635,0.9983910918235779,-1.4543533325195312e-05,-9.059906005859375e-06,1200.6414794921875,1226.4625244140625,26.72358512878418,1.9884768724441528,0.18481385707855225,2.4916839599609375,-0.3183932304382324,2.171130895614624,0.0021598339080810547,2.1106765270233154,0.06261420249938965,False
47,20160316_143527_1281_721,7.6158,Group_A (5-8px),48,46,1,2.33236026763916,0.911521876711818,2.3595070838928223,-0.02714681625366211,False,0.9938791990280151,0.9924278855323792,0.9938652515411377,0.9924183487892151,-1.3947486877441406e-05,-9.5367431640625e-06,1269.769775390625,1297.12255859375,28.26824378967285,2.312443256378174,0.019917011260986328,2.428403615951538,-0.09604334831237793,2.33236026763916,0.0,2.2958145141601562,0.036545753479003906,False
48,20160316_143527_1921_361,56.0803,Group_B (>8px),64,64,5,1.3875558376312256,0.8002017598604607,1.4809541702270508,-0.0933983325958252,False,0.9972983002662659,0.9975764155387878,0.9973001480102539,0.9975718259811401,1.8477439880371094e-06,-4.589557647705078e-06,1262.3223876953125,1289.380126953125,27.96426773071289,0.9635420441627502,0.42401379346847534,2.303061008453369,-0.9155051708221436,1.446259617805481,-0.05870378017425537,0.9635420441627502,0.42401379346847534,False
50,20160316_143527_641_361,11.4018,Group_B (>8px),7,7,1,0.15941452980041504,0.5397694463810391,0.1882556676864624,-0.028841137886047363,False,0.9966497421264648,0.9979040026664734,0.9966294169425964,0.9978951811790466,-2.0325183868408203e-05,-8.821487426757812e-06,1271.7567138671875,1299.1031494140625,28.26266098022461,-0.22119201719760895,0.380606546998024,0.4226522743701935,-0.26323774456977844,0.13509386777877808,0.024320662021636963,0.017622439190745354,0.14179209060966969,False
51,20160316_143527_641_361,10.6301,Group_B (>8px),40,40,2,1.4765887260437012,0.814056774924031,1.532436728477478,-0.055848002433776855,False,0.9965123534202576,0.9965298175811768,0.9965037703514099,0.9965206980705261,-8.58306884765625e-06,-9.119510650634766e-06,1271.7567138671875,1299.1031494140625,28.26266098022461,1.0218578577041626,0.4547308683395386,1.7601677179336548,-0.2835789918899536,1.4765887260437012,0.0,1.0639064311981201,0.41268229484558105,False
52,20160316_143547_1281_1081,7.0,Group_A (5-8px),24,16,0,2.0186119079589844,0.8827374011457237,2.031693696975708,-0.013081789016723633,False,0.9899370074272156,0.9897786974906921,0.9898879528045654,0.9897679090499878,-4.9054622650146484e-05,-1.0788440704345703e-05,1257.8836669921875,1284.8323974609375,27.85661506652832,1.0879688262939453,0.9306430816650391,2.1233935356140137,-0.1047816276550293,2.084239959716797,-0.0656280517578125,2.0186119079589844,0.0,False
54,20160318_181632_1921_1,9.0,Group_B (>8px),31,26,0,3.129701614379883,0.9581014164579011,3.1757094860076904,-0.04600787162780762,False,0.9936940670013428,0.9953606128692627,0.9936650991439819,0.9953415989875793,-2.8967857360839844e-05,-1.901388168334961e-05,1239.0997314453125,1265.6844482421875,27.497825622558594,3.026547908782959,0.10315370559692383,3.192678213119507,-0.06297659873962402,3.2036659717559814,-0.07396435737609863,3.129701614379883,0.0,False
55,20160318_181632_1_361,7.0,Group_A (5-8px),23,12,0,1.5070959329605103,0.8186304254199921,1.5016851425170898,0.00541079044342041,False,0.985897958278656,0.9892230033874512,0.9859259128570557,0.9892613887786865,2.7954578399658203e-05,3.838539123535156e-05,1233.021484375,1259.621826171875,27.505477905273438,1.4568246603012085,0.05027127265930176,2.1719470024108887,-0.6648510694503784,1.5496530532836914,-0.04255712032318115,1.5070959329605103,0.0,False
69,20160328_151244_1921_721,28.0,Group_B (>8px),33,33,2,2.5338802337646484,0.9264830823356287,2.577198028564453,-0.04331779479980469,False,0.9946405291557312,0.9964827299118042,0.994615912437439,0.9964742660522461,-2.4616718292236328e-05,-8.463859558105469e-06,1193.588623046875,1220.4205322265625,27.77402114868164,2.72404408454895,-0.19016385078430176,3.2075259685516357,-0.6736457347869873,2.5508265495300293,-0.01694631576538086,2.72404408454895,-0.19016385078430176,False
96,20160330_165956_1921_721,7.0,Group_A (5-8px),61,38,0,3.2244038581848145,0.9617423798439471,3.2852091789245605,-0.060805320739746094,False,0.9949878454208374,0.9963603615760803,0.9949660301208496,0.9963495135307312,-2.181529998779297e-05,-1.0848045349121094e-05,1191.02001953125,1217.6512451171875,27.55703353881836,2.757701873779297,0.4667019844055176,3.6813275814056396,-0.4569237232208252,3.552556037902832,-0.3281521797180176,3.2244038581848145,0.0,False
97,20160330_165956_1_721,7.0711,Group_A (5-8px),52,37,0,2.1398138999938965,0.8947130808498778,2.1656110286712646,-0.025797128677368164,True,0.9972459673881531,0.996867835521698,0.9972412586212158,0.9968631863594055,-4.708766937255859e-06,-4.649162292480469e-06,1161.75732421875,1187.796630859375,26.963287353515625,1.1155331134796143,1.0242807865142822,3.2776026725769043,-1.1377887725830078,2.680337905883789,-0.5405240058898926,2.1398138999938965,0.0,True
104,20160407_163130_1_721,8.0,Group_A (5-8px),26,21,0,3.09867000579834,0.9568378507528976,3.100259304046631,-0.0015892982482910156,False,0.967424750328064,0.9732550382614136,0.967424750328064,0.9732522368431091,0.0,-2.8014183044433594e-06,1188.3985595703125,1213.990234375,26.49652099609375,3.1064929962158203,-0.007822990417480469,3.5965352058410645,-0.4978652000427246,3.09867000579834,0.0,3.09867000579834,0.0,False
108,20160407_165001_1281_1081,22.0907,Group_B (>8px),78,78,6,2.285142421722412,0.9076390428284593,2.31746244430542,-0.03232002258300781,False,0.9949650168418884,0.9962018728256226,0.9949519634246826,0.9961919188499451,-1.3053417205810547e-05,-9.953975677490234e-06,1193.4200439453125,1219.395751953125,26.875211715698242,2.755840301513672,-0.47069787979125977,3.157395362854004,-0.8722529411315918,2.048534393310547,0.23660802841186523,2.755840301513672,-0.47069787979125977,False
109,20160407_165001_1921_721,17.4929,Group_B (>8px),37,37,2,2.935607433319092,0.9495788304997278,2.9579691886901855,-0.02236175537109375,False,0.9979592561721802,0.9976202845573425,0.9979801177978516,0.9976184368133545,2.086162567138672e-05,-1.8477439880371094e-06,1191.985107421875,1218.0347900390625,26.956981658935547,2.58223295211792,0.3533744812011719,3.113947868347168,-0.17834043502807617,2.966463565826416,-0.03085613250732422,2.7902016639709473,0.14540576934814453,False
110,20160407_165001_641_1081,8.2462,Group_B (>8px),80,59,1,1.662121057510376,0.8405225243536693,1.6619462966918945,0.0001747608184814453,False,0.9963775277137756,0.9974835515022278,0.9963628649711609,0.9974750876426697,-1.4662742614746094e-05,-8.463859558105469e-06,1185.8941650390625,1211.6451416015625,26.651790618896484,1.4068007469177246,0.25532031059265137,3.1014511585235596,-1.4393301010131836,1.5674896240234375,0.09463143348693848,1.6512656211853027,0.010855436325073242,False
111,IMG_2931_1297_485,11.0,Group_B (>8px),28,28,2,2.5738508701324463,0.929159587353502,2.676776647567749,-0.10292577743530273,False,0.9947378039360046,0.9932681322097778,0.9947506189346313,0.9932412505149841,1.2814998626708984e-05,-2.6881694793701172e-05,1816.162353515625,1856.0015869140625,41.156063079833984,1.2595393657684326,1.3143115043640137,3.343334436416626,-0.7694835662841797,2.2936511039733887,0.2801997661590576,1.2595393657684326,1.3143115043640137,False
112,IMG_2931_1945_485,6.0,Group_A (5-8px),19,9,1,2.613572120666504,0.9317299668566025,2.628901958465576,-0.015329837799072266,False,0.9884483218193054,0.9936422109603882,0.988414466381073,0.9936305284500122,-3.3855438232421875e-05,-1.1682510375976562e-05,1795.2720947265625,1834.452880859375,40.49585723876953,2.172595739364624,0.4409763813018799,4.735204696655273,-2.1216325759887695,1.80731999874115,0.806252121925354,2.6315910816192627,-0.01801896095275879,False
113,IMG_2941_1297_969,11.0,Group_B (>8px),74,74,0,0.6105190515518188,0.648059195662748,0.5961390733718872,0.01437997817993164,False,0.9924177527427673,0.9972132444381714,0.9924218654632568,0.9972123503684998,4.112720489501953e-06,-8.940696716308594e-07,1794.9998779296875,1834.0985107421875,40.407188415527344,0.7356935739517212,-0.12517452239990234,2.613349676132202,-2.0028306245803833,1.303503394126892,-0.6929843425750732,0.6105190515518188,0.0,False
116,IMG_2942_1945_485,60.0333,Group_B (>8px),64,64,2,2.519681453704834,0.9255100968601473,2.5284037590026855,-0.008722305297851562,False,0.9928922057151794,0.995732843875885,0.9928575754165649,0.9957268834114075,-3.463029861450195e-05,-5.9604644775390625e-06,1627.4407958984375,1662.590087890625,36.456024169921875,2.1160755157470703,0.40360593795776367,2.7351393699645996,-0.21545791625976562,2.67014217376709,-0.15046072006225586,2.1160755157470703,0.40360593795776367,False
118,IMG_2942_649_485,130.3112,Group_B (>8px),79,79,2,2.455639362335205,0.920972869625885,2.4846034049987793,-0.02896404266357422,False,0.9960464835166931,0.995589554309845,0.9960306286811829,0.9955775141716003,-1.5854835510253906e-05,-1.2040138244628906e-05,1657.148681640625,1692.8016357421875,36.94114685058594,2.0943853855133057,0.3612539768218994,2.945434808731079,-0.489795446395874,2.687302589416504,-0.23166322708129883,2.0943853855133057,0.3612539768218994,False
