cohort,statistic,NECK_median,CRACK_median,BG_median,NECK_minus_CRACK,NECK_minus_BG
Consensus_Resistant,E_B,3.6518516540527344,3.8567053079605103,3.227262496948242,-0.20485365390777588,0.4245891571044922
Consensus_Resistant,E_S,15.751201629638672,15.548798084259033,15.62345027923584,0.20240354537963867,0.12775135040283203
Consensus_Resistant,log_ratio,1.4760394096374512,1.39922297000885,1.565093755722046,0.07681643962860107,-0.08905434608459473
Consensus_Resistant,z_B,0.26223713904619217,0.6470832526683807,-0.6195272207260132,-0.38484611362218857,0.8817643597722054
Consensus_Resistant,z_S,0.36746664345264435,0.2750646024942398,0.15563155710697174,0.09240204095840454,0.2118350863456726
Consensus_Resistant,norm_E_B,0.46055422723293304,0.5206981897354126,0.34463322162628174,-0.06014396250247955,0.1159210056066513
Consensus_Resistant,norm_E_S,0.46432851254940033,0.43954628705978394,0.43974393606185913,0.024782225489616394,0.0245845764875412
Consensus_Resistant,disagree_diff,0.1587979719042778,-0.18338419497013092,0.847578763961792,0.3421821668744087,-0.6887807920575142
Consensus_Resistant,disagree_abs,1.2281337976455688,1.2683542966842651,1.1488561630249023,-0.04022049903869629,0.0792776346206665
Consensus_Resistant,norm_ratio,1.0182115137577057,0.8528883755207062,1.263977289199829,0.1653231382369995,-0.2457657754421234
Consensus_Resistant,cosine_BS,-0.028106273151934147,-0.017789880745112896,-0.029881780967116356,-0.010316392406821251,0.001775507815182209
Consensus_Resistant,grad_E_B,2.4763200283050537,2.2201534509658813,1.8198261260986328,0.25616657733917236,0.6564939022064209
Consensus_Resistant,grad_E_S,2.0777080059051514,2.0215901136398315,2.1192879676818848,0.056117892265319824,-0.0415799617767334
Consensus_Resistant,var_E_B,0.10464596748352051,0.10370612144470215,0.07439041137695312,0.0009398460388183594,0.030255556106567383
Consensus_Resistant,var_E_S,0.143524169921875,0.13478851318359375,0.14591217041015625,0.00873565673828125,-0.00238800048828125
Consensus_Resistant,candidate_gate_B,0.2380838394165039,0.19948579370975494,0.28293102979660034,0.03859804570674896,-0.044847190380096436
Consensus_Resistant,candidate_gate_C,1.0182115137577057,0.8528883755207062,1.263977289199829,0.1653231382369995,-0.2457657754421234
Consensus_Sensitive,E_B,3.260373115539551,3.428856372833252,2.912879705429077,-0.16848325729370117,0.34749341011047363
Consensus_Sensitive,E_S,15.826045989990234,15.943334579467773,15.991518020629883,-0.11728858947753906,-0.16547203063964844
Consensus_Sensitive,log_ratio,1.5540605783462524,1.5081899166107178,1.7336819171905518,0.04587066173553467,-0.17962133884429932
Consensus_Sensitive,z_B,0.01894327998161316,0.2698780298233032,-0.7271504402160645,-0.25093474984169006,0.7460937201976776
Consensus_Sensitive,z_S,0.12726067006587982,0.3028185963630676,0.19699916243553162,-0.1755579262971878,-0.0697384923696518
Consensus_Sensitive,norm_E_B,0.4655877947807312,0.4799790382385254,0.2963225543498993,-0.01439124345779419,0.1692652404308319
Consensus_Sensitive,norm_E_S,0.43735575675964355,0.4439837336540222,0.4410216212272644,-0.006627976894378662,-0.0036658644676208496
Consensus_Sensitive,disagree_diff,-0.014308542013168335,-0.2706087827682495,1.0655723810195923,0.2563002407550812,-1.0798809230327606
Consensus_Sensitive,disagree_abs,1.2390897274017334,1.2211812734603882,1.3423349857330322,0.017908453941345215,-0.10324525833129883
Consensus_Sensitive,norm_ratio,0.9469424486160278,0.9354864954948425,1.5336365699768066,0.011455953121185303,-0.5866941213607788
Consensus_Sensitive,cosine_BS,-0.023500271141529083,-0.021042590960860252,-0.025427497923374176,-0.002457680180668831,0.0019272267818450928
Consensus_Sensitive,grad_E_B,1.5699362754821777,2.50363826751709,1.664664387702942,-0.9337019920349121,-0.09472811222076416
Consensus_Sensitive,grad_E_S,1.894956350326538,2.0835959911346436,2.6552417278289795,-0.18863964080810547,-0.7602853775024414
Consensus_Sensitive,var_E_B,0.06243276596069336,0.11164093017578125,0.06933832168579102,-0.04920816421508789,-0.006905555725097656
Consensus_Sensitive,var_E_S,0.10385894775390625,0.11962890625,0.14984130859375,-0.01576995849609375,-0.04598236083984375
Consensus_Sensitive,candidate_gate_B,0.23400481045246124,0.22368735074996948,0.30363765358924866,0.01031745970249176,-0.06963284313678741
Consensus_Sensitive,candidate_gate_C,0.9469424486160278,0.9354864954948425,1.5336365699768066,0.011455953121185303,-0.5866941213607788
Cured_by_D2,E_B,3.721757650375366,3.9102578163146973,3.5017526149749756,-0.18850016593933105,0.22000503540039062
Cured_by_D2,E_S,15.390169143676758,16.210285186767578,16.396953582763672,-0.8201160430908203,-1.006784439086914
Cured_by_D2,log_ratio,1.4309464693069458,1.425146222114563,1.5225305557250977,0.0058002471923828125,-0.09158408641815186
Cured_by_D2,z_B,-0.8337786495685577,-0.20171624422073364,-1.1703002452850342,-0.6320624053478241,0.33652159571647644
Cured_by_D2,z_S,-0.5457731038331985,0.1684117168188095,0.6570935845375061,-0.7141848206520081,-1.2028666883707047
Cured_by_D2,norm_E_B,0.3998187929391861,0.5415717363357544,0.29990676045417786,-0.1417529433965683,0.09991203248500824
Cured_by_D2,norm_E_S,0.32880234718322754,0.43475767970085144,0.4379674196243286,-0.1059553325176239,-0.10916507244110107
Cured_by_D2,disagree_diff,0.433127760887146,0.3301367461681366,1.455732822418213,0.1029910147190094,-1.022605061531067
Cured_by_D2,disagree_abs,1.4705155491828918,1.10884428024292,1.455732822418213,0.3616712689399719,0.014782726764678955
Cured_by_D2,norm_ratio,0.9967308044433594,0.8382380604743958,1.8736505508422852,0.15849274396896362,-0.8769197463989258
Cured_by_D2,cosine_BS,-0.01853104494512081,-0.026569683104753494,-0.024032440036535263,0.008038638159632683,0.005501395091414452
Cured_by_D2,grad_E_B,2.683474898338318,2.0399281978607178,1.4428514242172241,0.6435467004776001,1.2406234741210938
Cured_by_D2,grad_E_S,1.7582049369812012,2.4361610412597656,2.2664942741394043,-0.6779561042785645,-0.5082893371582031
Cured_by_D2,var_E_B,0.12339162826538086,0.09958791732788086,0.06891012191772461,0.0238037109375,0.05448150634765625
Cured_by_D2,var_E_S,0.909332275390625,0.266448974609375,0.314117431640625,0.64288330078125,0.59521484375
Cured_by_D2,candidate_gate_B,0.21337495744228363,0.20320050418376923,0.3195117712020874,0.010174453258514404,-0.10613681375980377
Cured_by_D2,candidate_gate_C,0.9967308044433594,0.8382380604743958,1.8736505508422852,0.15849274396896362,-0.8769197463989258
Clean_Control,E_B,3.2097485065460205,3.626826763153076,3.1135287284851074,-0.41707825660705566,0.09621977806091309
Clean_Control,E_S,15.379803657531738,15.624478816986084,15.53315544128418,-0.2446751594543457,-0.1533517837524414
Clean_Control,log_ratio,1.5718191266059875,1.4563116431236267,1.6641688346862793,0.11550748348236084,-0.09234970808029175
Clean_Control,z_B,-0.6407720446586609,0.21481092274188995,-0.7239089012145996,-0.8555829674005508,0.08313685655593872
Clean_Control,z_S,-0.13415928930044174,0.07122033834457397,-0.0430386196821928,-0.20537962764501572,-0.09112066961824894
Clean_Control,norm_E_B,0.35075363516807556,0.5066538155078888,0.3135753273963928,-0.15590018033981323,0.03717830777168274
Clean_Control,norm_E_S,0.41253435611724854,0.42086654901504517,0.4316854327917099,-0.00833219289779663,-0.019151076674461365
Clean_Control,disagree_diff,0.8449748754501343,-0.10563847795128822,0.9632355272769928,0.9506133534014225,-0.11826065182685852
Clean_Control,disagree_abs,1.3647387027740479,1.4710049033164978,1.4246092438697815,-0.10626620054244995,-0.05987054109573364
Clean_Control,norm_ratio,1.0843573808670044,0.8852555453777313,1.2508010268211365,0.19910183548927307,-0.16644364595413208
Clean_Control,cosine_BS,-0.043071966618299484,-0.023071316070854664,-0.02277268096804619,-0.02000065054744482,-0.020299285650253296
Clean_Control,grad_E_B,1.3358319997787476,2.161134958267212,1.5100637078285217,-0.8253029584884644,-0.17423170804977417
Clean_Control,grad_E_S,1.8318227529525757,2.2445220947265625,2.010774612426758,-0.4126993417739868,-0.17895185947418213
Clean_Control,var_E_B,0.05216813087463379,0.09447002410888672,0.058905601501464844,-0.04230189323425293,-0.006737470626831055
Clean_Control,var_E_S,0.19568634033203125,0.1472625732421875,0.157012939453125,0.04842376708984375,0.03867340087890625
Clean_Control,candidate_gate_B,0.2554568350315094,0.21299125999212265,0.273276224732399,0.04246557503938675,-0.017819389700889587
Clean_Control,candidate_gate_C,1.0843573808670044,0.8852555453777313,1.2508010268211365,0.19910183548927307,-0.16644364595413208
