image_id,g_b_crack_mean,g_b_crack_median,g_b_corridor_mean,g_b_corridor_median,g_b_bg_mean,g_s_crack_mean,g_s_crack_median,g_s_corridor_mean,g_s_corridor_median,g_s_bg_mean
20160222_080850_1281_721,0.4327451288700104,0.40832316875457764,0.3519649803638458,0.35510843992233276,0.9268808960914612,0.5660139918327332,0.5793161988258362,0.5563554167747498,0.5646001100540161,0.6652092933654785
20160222_080850_641_361,0.6373750567436218,0.6429806351661682,0.6736133694648743,0.6721963286399841,0.9512637257575989,0.7158997058868408,0.7194419503211975,0.7379023432731628,0.7437276244163513,0.6617623567581177
20160222_115224_1281_1,0.5661897659301758,0.5447183847427368,0.5858946442604065,0.5795618295669556,0.9282531142234802,0.5597910284996033,0.5482620000839233,0.5914958119392395,0.591625452041626,0.6710414886474609
20160222_115224_1281_361,0.5420817732810974,0.528657853603363,0.5754832625389099,0.5823096036911011,0.9150713086128235,0.5533292293548584,0.5554820895195007,0.5383273959159851,0.5251569747924805,0.6667041182518005
20160222_115224_1281_721,0.41579654812812805,0.38585954904556274,0.430111825466156,0.45194125175476074,0.951174795627594,0.5263152718544006,0.5134354829788208,0.5495626926422119,0.5495904088020325,0.6729218363761902
20160222_115224_641_1,0.34619829058647156,0.34478554129600525,0.37902265787124634,0.37073367834091187,0.9404817819595337,0.5023943185806274,0.5038873553276062,0.5181059241294861,0.5236203670501709,0.6687451004981995
20160222_115224_641_361,,,,,0.898780345916748,,,,,0.6686042547225952
20160222_115837_1281_1081,0.2805613875389099,0.26833242177963257,0.3061014413833618,0.30163824558258057,0.95123291015625,0.3958744704723358,0.39552634954452515,0.4231926500797272,0.4194118082523346,0.6743382215499878
20160222_164851_1281_1081,0.3495067358016968,0.31790369749069214,0.3240119516849518,0.2781171500682831,0.9524405598640442,0.5167309641838074,0.5159533619880676,0.4737672805786133,0.43874937295913696,0.6713312268257141
20160222_164851_641_361,0.32419097423553467,0.3149650990962982,0.36562997102737427,0.3418775200843811,0.9394822716712952,0.4300203323364258,0.4418654441833496,0.46620413661003113,0.466065376996994,0.6714234948158264
20160222_165225_1921_721,0.34192681312561035,0.3256390690803528,0.3587300777435303,0.3471521735191345,0.9499048590660095,0.5184228420257568,0.5135229229927063,0.5170150399208069,0.5166630744934082,0.6700987219810486
20160222_165402_1281_361,0.3607015609741211,0.3473971486091614,0.42007869482040405,0.42661306262016296,0.976227879524231,0.5242717862129211,0.5214174389839172,0.5585846304893494,0.5628478527069092,0.678267776966095
20160222_165926_1281_361,0.37726253271102905,0.3494459390640259,0.4416753947734833,0.42387276887893677,0.9191951751708984,0.4294045865535736,0.4248116612434387,0.49400246143341064,0.4844422936439514,0.6693177223205566
20160222_165926_1921_721,0.3223482370376587,0.2944551110267639,0.3175060451030731,0.29944804310798645,0.9494728446006775,0.47208887338638306,0.45880094170570374,0.47616010904312134,0.466963529586792,0.6699347496032715
20160222_165926_1_721,0.40429696440696716,0.39576882123947144,0.40703099966049194,0.3942379653453827,0.9294730424880981,0.4898659884929657,0.48583871126174927,0.4663924276828766,0.46462878584861755,0.6694039106369019
20160222_165926_641_361,,,,,0.8965616226196289,,,,,0.6709710955619812
20160302_155857_641_721,0.567514955997467,0.5587484240531921,0.5808027982711792,0.5731480717658997,0.9316469430923462,0.6939332485198975,0.7001518607139587,0.7003641128540039,0.7067058086395264,0.6657886505126953
20160307_144202_1281_361,0.5214287042617798,0.5051237940788269,0.5551028847694397,0.5447341799736023,0.9423180818557739,0.6361602544784546,0.6354604959487915,0.6726828813552856,0.6666512489318848,0.669707715511322
20160307_144202_1281_721,0.44931501150131226,0.42775195837020874,0.44751012325286865,0.42669957876205444,0.9262757301330566,0.606964647769928,0.6046048998832703,0.6169278025627136,0.624341607093811,0.6644874811172485
20160307_144202_1921_361,0.6450149416923523,0.6509465575218201,0.6480668187141418,0.6470822095870972,0.9444335699081421,0.7243614792823792,0.7302486896514893,0.7176907658576965,0.7223063707351685,0.6636753678321838
20160307_144202_1_361,0.5339112281799316,0.5215194225311279,0.5300810933113098,0.518336296081543,0.9489914178848267,0.6739089488983154,0.6718820929527283,0.6469389796257019,0.6526483297348022,0.6674081683158875
20160307_144202_641_361,0.565361738204956,0.557722806930542,0.5620586276054382,0.5657449960708618,0.9461230039596558,0.6620892882347107,0.6628322601318359,0.6490025520324707,0.6514115333557129,0.6687557697296143
20160307_145059_1281_361,0.5758562684059143,0.5649293065071106,0.6412271857261658,0.6439933180809021,0.968993067741394,0.6705991625785828,0.674412727355957,0.6832436323165894,0.6967968940734863,0.6671416759490967
20160307_145059_1921_1081,0.3689103424549103,0.36305537819862366,0.4266631305217743,0.43264269828796387,0.9555056095123291,0.511593222618103,0.5209510922431946,0.5433433651924133,0.5360119342803955,0.674128532409668
20160307_145059_1921_721,0.3836480975151062,0.3794347047805786,0.39989978075027466,0.38553544878959656,0.9535477757453918,0.5110496282577515,0.5108319520950317,0.5312898755073547,0.5399571657180786,0.6732093691825867
20160307_145059_641_721,0.38981667160987854,0.38413435220718384,0.38730481266975403,0.3752809166908264,0.9581828713417053,0.5662357211112976,0.5683226585388184,0.5625174045562744,0.5651845932006836,0.6720381379127502
20160310_114505_1281_1,0.34191006422042847,0.3260456323623657,0.4129796028137207,0.4017525315284729,0.9368848204612732,0.4543359577655792,0.4443287253379822,0.5116027593612671,0.5093846321105957,0.6704148054122925
20160310_114505_641_1,0.7265660762786865,0.7265660762786865,0.8089691400527954,0.8189905285835266,0.9018821120262146,0.5001549124717712,0.5001549124717712,0.5607509613037109,0.558821439743042,0.6672986745834351
20160310_114505_641_1081,0.4304479658603668,0.4200628399848938,0.43659260869026184,0.4198431968688965,0.9436766505241394,0.5700691342353821,0.561852216720581,0.5643050670623779,0.5459539890289307,0.6707566976547241
20160310_114505_641_361,0.44642001390457153,0.4379214644432068,0.5601221323013306,0.5765687823295593,0.9289537072181702,0.612027645111084,0.6064131259918213,0.6792140007019043,0.6842510104179382,0.6655271053314209
20160310_114505_641_721,0.3899703025817871,0.38381800055503845,0.46047133207321167,0.4489014148712158,0.9451416730880737,0.5443897843360901,0.5353894233703613,0.5818858742713928,0.575625479221344,0.6701530814170837
20160316_142539_1281_721,0.4399799704551697,0.4194401204586029,0.5601131319999695,0.5730491280555725,0.9518526196479797,0.6026487946510315,0.6085680723190308,0.676537036895752,0.6996633410453796,0.6680306792259216
20160316_142539_1921_361,0.5951976776123047,0.6005346775054932,0.630348265171051,0.6345537900924683,0.9524027109146118,0.6546807885169983,0.6641018986701965,0.6757045984268188,0.6706653237342834,0.6684739589691162
20160316_142539_1_721,0.5187978148460388,0.5041734576225281,0.5781009197235107,0.5731021165847778,0.9397169947624207,0.6376311779022217,0.63795006275177,0.6819953322410583,0.6920843124389648,0.6683868169784546
20160316_142539_641_721,0.5440855622291565,0.549747109413147,0.659528911113739,0.6712473630905151,0.9349030256271362,0.6407799124717712,0.6409538984298706,0.7254631519317627,0.7327532172203064,0.6655616760253906
20160316_143445_1281_1081,,,0.8079269528388977,0.7728143334388733,0.8998757004737854,,,0.5992359519004822,0.6000618934631348,0.6690530776977539
20160316_143445_1281_361,0.48639899492263794,0.481344610452652,0.471466064453125,0.4550716280937195,0.9642998576164246,0.6211002469062805,0.6220953464508057,0.6138612627983093,0.6193600296974182,0.67177814245224
20160316_143445_1921_1081,0.5229030847549438,0.5170807242393494,0.4942733645439148,0.4883308410644531,0.9502830505371094,0.6304441094398499,0.6342596411705017,0.6183823347091675,0.6150315403938293,0.6668319702148438
20160316_143527_1281_361,0.5147575736045837,0.4181523621082306,0.44497397541999817,0.445087194442749,0.9360190033912659,0.5806087255477905,0.5658623576164246,0.6467243432998657,0.6547938585281372,0.6669358015060425
20160316_143527_1281_721,0.5701202154159546,0.5564383268356323,0.577096700668335,0.5950883030891418,0.965671718120575,0.6288062334060669,0.6320368647575378,0.6562513709068298,0.6753005385398865,0.6714326739311218
20160316_143527_1_361,,,0.9545889496803284,0.9545889496803284,0.8987511396408081,,,0.49770525097846985,0.49770525097846985,0.6690884232521057
20160316_143527_641_361,0.518875241279602,0.48622384667396545,0.5064445734024048,0.49222514033317566,0.9542593359947205,0.6155828237533569,0.607649564743042,0.6039581298828125,0.610023021697998,0.6715272068977356
20160318_181632_1281_361,0.6955899000167847,0.6776412725448608,0.624808669090271,0.6516799330711365,0.9683110117912292,0.7159330248832703,0.738581120967865,0.6492134928703308,0.6676583886146545,0.6587272882461548
20160318_181632_1921_1,0.6669541001319885,0.7417256832122803,0.4527885913848877,0.44522762298583984,0.9200921654701233,0.6894005537033081,0.7057117819786072,0.586997926235199,0.6044042706489563,0.662992537021637
20160321_185557_1921_361,0.4756346046924591,0.46920686960220337,0.5715929269790649,0.5733692646026611,0.9487094879150391,0.6089180111885071,0.6025665402412415,0.6579173803329468,0.6755774021148682,0.6700619459152222
20160324_170347_1281_1,0.3053451180458069,0.2822398543357849,0.35330426692962646,0.32542550563812256,0.9713289141654968,0.43922314047813416,0.4244958162307739,0.4498577117919922,0.4456718862056732,0.6797309517860413
20160324_170347_1281_361,0.3708142340183258,0.3827834725379944,0.4640409052371979,0.49314987659454346,0.9677001237869263,0.49697187542915344,0.5012130737304688,0.5850764513015747,0.6224348545074463,0.6770985722541809
20160324_170347_641_361,0.29849594831466675,0.27329033613204956,0.304291695356369,0.27755284309387207,0.9555001258850098,0.41666319966316223,0.4113945960998535,0.43903306126594543,0.43548399209976196,0.6733248829841614
20160328_151020_1281_361,0.43796759843826294,0.4231838285923004,0.5758584141731262,0.5538204312324524,0.9487472772598267,0.5919793844223022,0.590282678604126,0.6965441107749939,0.6949424147605896,0.6702724695205688
20160328_151020_641_361,0.48011523485183716,0.4372081160545349,0.44985082745552063,0.4434853792190552,0.9407710433006287,0.630064070224762,0.6325889825820923,0.621290385723114,0.6212149262428284,0.6679272651672363
20160328_151057_1281_1,0.3165179193019867,0.28427454829216003,0.2708185017108917,0.24320292472839355,0.9606927037239075,0.44075191020965576,0.42203453183174133,0.39965498447418213,0.38264575600624084,0.6764138340950012
20160328_151057_1281_1081,0.4123380482196808,0.40382662415504456,0.4562423825263977,0.45560818910598755,0.9396588802337646,0.5001502633094788,0.4977248013019562,0.534034788608551,0.5205506682395935,0.6727181077003479
20160328_151057_1281_361,0.23221662640571594,0.23204264044761658,0.2944447994232178,0.2961461544036865,0.940342903137207,0.4289492666721344,0.4344445466995239,0.47581711411476135,0.4482985734939575,0.6683126091957092
20160328_151057_641_1081,0.3327479064464569,0.31961575150489807,0.3479176461696625,0.33827897906303406,0.94933021068573,0.44040414690971375,0.4322549104690552,0.44820570945739746,0.4609983563423157,0.6737855672836304
20160328_151057_641_721,0.23519267141819,0.21265259385108948,0.27568626403808594,0.2350122481584549,0.9467004537582397,0.4170379936695099,0.4105222225189209,0.471856951713562,0.42919695377349854,0.6706891059875488
20160328_151244_1921_721,0.6962756514549255,0.7021402716636658,0.6626184582710266,0.6620473265647888,0.9873663783073425,0.7363604307174683,0.7461488246917725,0.7015541195869446,0.7076218724250793,0.6472916603088379
20160328_151752_1921_721,0.4802367389202118,0.463964581489563,0.5097116231918335,0.5223199129104614,0.9786788821220398,0.5896326899528503,0.5928713083267212,0.5912407040596008,0.5764156579971313,0.6742818355560303
20160328_151752_1_721,0.5067930817604065,0.5087510347366333,0.3967457115650177,0.3637832999229431,0.9211344718933105,0.5736240148544312,0.5825974941253662,0.5072264075279236,0.4957219064235687,0.6647121906280518
20160328_151752_641_361,0.5099170207977295,0.49503782391548157,0.4694931209087372,0.47355392575263977,0.9706897735595703,0.6358433365821838,0.6384184956550598,0.6027190089225769,0.5925332307815552,0.6704152226448059
20160328_152022_1_361,,,,,0.8963637351989746,,,,,0.6717037558555603
20160328_152022_641_721,0.42678943276405334,0.4011850953102112,0.4262821078300476,0.43645089864730835,0.9469273686408997,0.588283121585846,0.5861255526542664,0.5883273482322693,0.6010227799415588,0.6699461340904236
20160328_153548_1921_721,0.49421191215515137,0.4904690086841583,0.5115811228752136,0.5170987248420715,0.9711006879806519,0.6341995596885681,0.64531409740448,0.6194011569023132,0.6191836595535278,0.6698203682899475
20160328_153548_641_361,0.3607598841190338,0.320186972618103,0.30322161316871643,0.27526548504829407,0.9468616843223572,0.5077574253082275,0.5097597241401672,0.4862212836742401,0.4863601624965668,0.669465184211731
20160328_153604_641_361,0.5921818017959595,0.5819026231765747,0.5873623490333557,0.5897109508514404,0.9709097146987915,0.6427792310714722,0.6457200646400452,0.6442076563835144,0.6469011902809143,0.6707640290260315
20160328_153620_1281_721,0.4942377209663391,0.48282158374786377,0.4776226878166199,0.480840802192688,0.9649091958999634,0.6282370090484619,0.6377175450325012,0.6079845428466797,0.6144980192184448,0.6708847284317017
20160328_153620_1921_361,0.5521141290664673,0.5492835640907288,0.513799250125885,0.5137522220611572,0.9696664810180664,0.6872027516365051,0.6918476223945618,0.6526095271110535,0.6561784148216248,0.6673927903175354
20160328_153620_1_361,0.6031368374824524,0.602857232093811,0.6135039329528809,0.602799654006958,0.9814048409461975,0.7136984467506409,0.7156447172164917,0.7015128135681152,0.7058539390563965,0.6596972942352295
20160328_153620_641_721,0.6590536832809448,0.6558787822723389,0.6149939298629761,0.6097733974456787,0.9831757545471191,0.7066490054130554,0.7171956896781921,0.6828120946884155,0.6851987838745117,0.6581466197967529
20160328_153629_1_361,0.5440198183059692,0.5391502380371094,0.5741797685623169,0.5775908827781677,0.9754223823547363,0.6868215203285217,0.6895483732223511,0.6705724596977234,0.6728343367576599,0.6658574342727661
20160328_153629_641_721,0.5580132603645325,0.5546889901161194,0.5451062917709351,0.5307387709617615,0.9739686846733093,0.6933117508888245,0.7001110911369324,0.6712378263473511,0.6736454963684082,0.6636736392974854
20160328_153829_1281_361,0.5889265537261963,0.59632807970047,0.5672429800033569,0.5675657987594604,0.9730381369590759,0.6461204290390015,0.6608083248138428,0.619134783744812,0.5991824865341187,0.6712525486946106
20160328_153829_1281_721,0.3008591830730438,0.25688859820365906,0.2514903247356415,0.2327495664358139,0.9484565854072571,0.4414820969104767,0.4461573660373688,0.43364956974983215,0.4389725923538208,0.6716740131378174
20160328_153829_1921_1,0.5276662707328796,0.5251569747924805,0.504548966884613,0.5050711631774902,0.9739407896995544,0.618260383605957,0.6189387440681458,0.5862197279930115,0.5855313539505005,0.673798680305481
20160328_153829_1_1,0.5206616520881653,0.5195260047912598,0.5018667578697205,0.4993087649345398,0.9757332801818848,0.6211745738983154,0.6241368651390076,0.6022439002990723,0.6083715558052063,0.6725114583969116
20160328_153829_641_1,0.5653396844863892,0.5738082528114319,0.5438592433929443,0.5585570335388184,0.9845094084739685,0.6614320278167725,0.6691635847091675,0.651218593120575,0.6668627858161926,0.6695672869682312
20160328_153829_641_1081,0.44989967346191406,0.45634138584136963,0.5730416774749756,0.572309136390686,0.9206058979034424,0.5740441679954529,0.5827039480209351,0.6510341763496399,0.6534291505813599,0.664010226726532
20160328_153829_641_721,,,,,0.897524356842041,,,,,0.6710237860679626
20160329_103807_361_1,0.6199048161506653,0.6237421631813049,0.5798596143722534,0.589731752872467,0.9515026211738586,0.7233364582061768,0.7328397035598755,0.69707190990448,0.7051888704299927,0.6611340045928955
20160329_103807_361_1281,0.6592372059822083,0.6323978900909424,0.6183039546012878,0.6231437921524048,0.9565675854682922,0.7117635607719421,0.7116332054138184,0.7110746502876282,0.7186026573181152,0.6619983911514282
20160329_103807_361_1921,0.7607007622718811,0.7949697375297546,0.5652630925178528,0.5546290874481201,0.9529762268066406,0.6818435192108154,0.6773220896720886,0.6659324765205383,0.6631736755371094,0.6657339930534363
20160330_165956_1281_721,0.32589292526245117,0.3093518018722534,0.45452553033828735,0.4665052592754364,0.9525569081306458,0.45662635564804077,0.4518517255783081,0.5833495259284973,0.5882136821746826,0.672731339931488
20160330_165956_1921_721,0.31158435344696045,0.3033277690410614,0.33033403754234314,0.32352349162101746,0.953307569026947,0.4468565881252289,0.44047507643699646,0.47300660610198975,0.4849403500556946,0.6733312010765076
20160330_165956_1_721,0.3323170840740204,0.3332180678844452,0.37057244777679443,0.35293200612068176,0.9416929483413696,0.4704052805900574,0.4657804071903229,0.5082501769065857,0.5115078687667847,0.6691158413887024
20160330_165956_641_721,0.3658412992954254,0.3545888364315033,0.3581772446632385,0.3381853699684143,0.9574963450431824,0.4822963774204254,0.47688204050064087,0.4882131516933441,0.48469385504722595,0.6746715307235718
20160330_172309_1281_721,0.5152741074562073,0.5037805438041687,0.5981186628341675,0.6095186471939087,0.9667385220527649,0.6568424105644226,0.657089114189148,0.690667986869812,0.6960294246673584,0.6671454310417175
20160402_150314_1281_721,0.46641695499420166,0.4487529397010803,0.47162917256355286,0.4837217628955841,0.9728913903236389,0.5564041137695312,0.5484431385993958,0.5704721808433533,0.5819951295852661,0.6773673295974731
20160402_151049_1_361,0.4330237805843353,0.43563273549079895,0.4977119565010071,0.48483604192733765,0.964967668056488,0.6026161909103394,0.6126148700714111,0.5969285368919373,0.5992177128791809,0.6710693836212158
20160402_151054_1921_361,0.3769555389881134,0.3527650833129883,0.38885778188705444,0.373039573431015,0.9630988836288452,0.5272401571273804,0.5207514762878418,0.5282478928565979,0.5231297612190247,0.6748462915420532
20160407_163130_1_721,0.3927513062953949,0.380364328622818,0.43714746832847595,0.44982826709747314,0.969660758972168,0.5580461621284485,0.5584027767181396,0.5579578876495361,0.5552190542221069,0.6734784245491028
20160407_163257_1281_1,0.4212782680988312,0.41812264919281006,0.45063263177871704,0.45632341504096985,0.9716804623603821,0.5848469138145447,0.5852639675140381,0.5738368630409241,0.577713668346405,0.6760744452476501
20160407_163257_1921_1081,0.19232046604156494,0.16782303154468536,0.19376693665981293,0.1967501938343048,0.9447978734970093,0.4134562909603119,0.40389543771743774,0.42902296781539917,0.43171370029449463,0.6686765551567078
20160407_163257_641_361,0.3068689703941345,0.2994399070739746,0.32468268275260925,0.3324745297431946,0.9636209011077881,0.4767305552959442,0.46997278928756714,0.5114476680755615,0.5069305300712585,0.6745165586471558
20160407_165001_1281_1081,0.3957724869251251,0.3856799602508545,0.48177945613861084,0.467415988445282,0.936073899269104,0.56670743227005,0.5636156797409058,0.5956246256828308,0.5925559997558594,0.6675289869308472
20160407_165001_1921_721,0.33765798807144165,0.31863856315612793,0.39779892563819885,0.37550288438796997,0.9447752237319946,0.5098696947097778,0.5093387365341187,0.5613077282905579,0.5447463393211365,0.6685355305671692
IMG_2931_1297_485,,,,,0.8998178243637085,,,,,0.6682865619659424
IMG_2931_1945_485,,,,,0.8996945023536682,,,,,0.6677602529525757
IMG_2941_1_969,0.4331507086753845,0.4114793837070465,0.4630986750125885,0.4059366285800934,0.9447637796401978,0.6109422445297241,0.6131613850593567,0.617854654788971,0.582231879234314,0.6672772765159607
IMG_2942_1297_485,0.3922930955886841,0.3902134895324707,0.39022859930992126,0.38592439889907837,0.935853898525238,0.5181199908256531,0.5172725319862366,0.5366700887680054,0.5346859097480774,0.6665177941322327
IMG_2942_1945_485,0.33622050285339355,0.3481391668319702,0.3582185208797455,0.3617584705352783,0.9391207695007324,0.4550256133079529,0.4506862163543701,0.495906800031662,0.5015720725059509,0.6681655645370483
IMG_2942_1_485,0.3676053285598755,0.3699665665626526,0.37816011905670166,0.3677420914173126,0.9430029988288879,0.5029780864715576,0.5049100518226624,0.5072401165962219,0.5139758586883545,0.668874204158783
IMG_2942_649_485,0.3721017837524414,0.36515915393829346,0.384901762008667,0.39678511023521423,0.9367839097976685,0.5110830664634705,0.5087102651596069,0.528208315372467,0.5234558582305908,0.6676401495933533
