subgroup,stage,n_samples,count_reemerge_50,pct_reemerge_50,count_reemerge_70,pct_reemerge_70
Consensus_Resistant,raw_conv,82,58,70.73170731707317,55,67.07317073170732
Consensus_Resistant,stem_ln,82,12,14.634146341463413,9,10.975609756097562
Consensus_Resistant,stage0_block0,82,3,3.6585365853658534,5,6.097560975609756
Consensus_Resistant,stage0_block1,82,0,0.0,1,1.2195121951219512
Consensus_Resistant,stage0_post_sage,82,0,0.0,0,0.0
Consensus_Resistant,stage1_post_sage,82,4,4.878048780487805,4,4.878048780487805
Consensus_Resistant,stage2_post_sage,82,2,2.4390243902439024,3,3.6585365853658534
Consensus_Resistant,stage3_post_sage,82,0,0.0,0,0.0
Consensus_Resistant,pre_vit,82,2,2.4390243902439024,3,3.6585365853658534
Consensus_Resistant,vit_block_0,82,0,0.0,0,0.0
Consensus_Resistant,vit_block_1,82,0,0.0,0,0.0
Consensus_Resistant,vit_block_2,82,0,0.0,0,0.0
Consensus_Resistant,vit_block_3,82,1,1.2195121951219512,1,1.2195121951219512
Consensus_Resistant,bottleneck,82,0,0.0,0,0.0
Consensus_Resistant,S2,82,0,0.0,1,1.2195121951219512
Consensus_Resistant,T1,82,0,0.0,0,0.0
Consensus_Resistant,T2,82,0,0.0,0,0.0
Consensus_Resistant,T3,82,0,0.0,0,0.0
Consensus_Resistant,T4_S1,82,0,0.0,0,0.0
Consensus_Resistant,S0,82,0,0.0,0,0.0
Consensus_Resistant,final_head,82,0,0.0,0,0.0
Consensus_Resistant,None,82,0,0.0,0,0.0
Consensus_Sensitive,raw_conv,19,13,68.42105263157895,11,57.89473684210527
Consensus_Sensitive,stem_ln,19,2,10.526315789473683,2,10.526315789473683
Consensus_Sensitive,stage0_block0,19,3,15.789473684210526,2,10.526315789473683
Consensus_Sensitive,stage0_block1,19,0,0.0,0,0.0
Consensus_Sensitive,stage0_post_sage,19,0,0.0,0,0.0
Consensus_Sensitive,stage1_post_sage,19,0,0.0,3,15.789473684210526
Consensus_Sensitive,stage2_post_sage,19,1,5.263157894736842,1,5.263157894736842
Consensus_Sensitive,stage3_post_sage,19,0,0.0,0,0.0
Consensus_Sensitive,pre_vit,19,0,0.0,0,0.0
Consensus_Sensitive,vit_block_0,19,0,0.0,0,0.0
Consensus_Sensitive,vit_block_1,19,0,0.0,0,0.0
Consensus_Sensitive,vit_block_2,19,0,0.0,0,0.0
Consensus_Sensitive,vit_block_3,19,0,0.0,0,0.0
Consensus_Sensitive,bottleneck,19,0,0.0,0,0.0
Consensus_Sensitive,S2,19,0,0.0,0,0.0
Consensus_Sensitive,T1,19,0,0.0,0,0.0
Consensus_Sensitive,T2,19,0,0.0,0,0.0
Consensus_Sensitive,T3,19,0,0.0,0,0.0
Consensus_Sensitive,T4_S1,19,0,0.0,0,0.0
Consensus_Sensitive,S0,19,0,0.0,0,0.0
Consensus_Sensitive,final_head,19,0,0.0,0,0.0
Consensus_Sensitive,None,19,0,0.0,0,0.0
Cured_by_D2,raw_conv,7,1,14.285714285714285,1,14.285714285714285
Cured_by_D2,stem_ln,7,2,28.57142857142857,1,14.285714285714285
Cured_by_D2,stage0_block0,7,1,14.285714285714285,1,14.285714285714285
Cured_by_D2,stage0_block1,7,1,14.285714285714285,1,14.285714285714285
Cured_by_D2,stage0_post_sage,7,0,0.0,0,0.0
Cured_by_D2,stage1_post_sage,7,0,0.0,0,0.0
Cured_by_D2,stage2_post_sage,7,0,0.0,0,0.0
Cured_by_D2,stage3_post_sage,7,1,14.285714285714285,0,0.0
Cured_by_D2,pre_vit,7,0,0.0,1,14.285714285714285
Cured_by_D2,vit_block_0,7,0,0.0,0,0.0
Cured_by_D2,vit_block_1,7,0,0.0,0,0.0
Cured_by_D2,vit_block_2,7,0,0.0,0,0.0
Cured_by_D2,vit_block_3,7,0,0.0,0,0.0
Cured_by_D2,bottleneck,7,0,0.0,1,14.285714285714285
Cured_by_D2,S2,7,1,14.285714285714285,0,0.0
Cured_by_D2,T1,7,0,0.0,0,0.0
Cured_by_D2,T2,7,0,0.0,0,0.0
Cured_by_D2,T3,7,0,0.0,0,0.0
Cured_by_D2,T4_S1,7,0,0.0,0,0.0
Cured_by_D2,S0,7,0,0.0,0,0.0
Cured_by_D2,final_head,7,0,0.0,0,0.0
Cured_by_D2,None,7,0,0.0,1,14.285714285714285
Clean_Control,raw_conv,56,20,35.714285714285715,15,26.785714285714285
Clean_Control,stem_ln,56,9,16.071428571428573,10,17.857142857142858
Clean_Control,stage0_block0,56,2,3.571428571428571,2,3.571428571428571
Clean_Control,stage0_block1,56,4,7.142857142857142,4,7.142857142857142
Clean_Control,stage0_post_sage,56,0,0.0,0,0.0
Clean_Control,stage1_post_sage,56,5,8.928571428571429,3,5.357142857142857
Clean_Control,stage2_post_sage,56,3,5.357142857142857,2,3.571428571428571
Clean_Control,stage3_post_sage,56,0,0.0,1,1.7857142857142856
Clean_Control,pre_vit,56,3,5.357142857142857,2,3.571428571428571
Clean_Control,vit_block_0,56,0,0.0,0,0.0
Clean_Control,vit_block_1,56,0,0.0,1,1.7857142857142856
Clean_Control,vit_block_2,56,1,1.7857142857142856,2,3.571428571428571
Clean_Control,vit_block_3,56,0,0.0,0,0.0
Clean_Control,bottleneck,56,0,0.0,1,1.7857142857142856
Clean_Control,S2,56,0,0.0,0,0.0
Clean_Control,T1,56,0,0.0,0,0.0
Clean_Control,T2,56,0,0.0,0,0.0
Clean_Control,T3,56,2,3.571428571428571,2,3.571428571428571
Clean_Control,T4_S1,56,0,0.0,0,0.0
Clean_Control,S0,56,0,0.0,0,0.0
Clean_Control,final_head,56,0,0.0,0,0.0
Clean_Control,None,56,7,12.5,11,19.642857142857142
