case_name,candidate_b_category,is_thin_66,is_bm_127,gt_cc,Base_sample_area_excess,Base_has_bridge,A1_sample_area_excess,A1_has_bridge,A2_sample_area_excess,A2_has_bridge,B1_sample_area_excess,B1_has_bridge,C1_sample_area_excess,C1_has_bridge
20160222_080850_1281_361,high_quality,False,False,1,-7.607529503559933,0,-15.741734126597093,0,-16.936506388374134,0,-16.102604115868527,0,-13.147371501024091,0
20160222_080850_1281_721,moderate_general_error,True,False,2,71.93515704154002,1,21.32725430597771,1,29.584599797365758,1,35.30901722391084,1,60.58763931104356,1
20160222_080850_1921_1,missed_crack_high_fn,False,False,1,77.44641192917055,0,2.3299161230195713,0,865.5172413793103,0,329.9161230195713,0,8.946877912395154,0
20160222_080850_1921_361,high_quality,False,False,1,-10.929124478856462,0,-11.03037522334723,0,-14.99702203692674,0,-8.528886241810602,0,-10.166765932102443,0
20160222_080850_1_361,boundary_margin_error,False,True,1,5.210471204188482,0,-0.41047120418848165,0,1.2523560209424083,0,0.28900523560209423,0,-3.895287958115183,0
20160222_080850_641_361,boundary_margin_error,False,True,4,24.017413697958183,1,16.66564473603532,1,13.152247225458336,1,17.205224109387455,1,19.688515543564904,1
20160222_080850_641_721,over_segmentation,True,False,1,105.4820870401539,0,22.8660735753787,0,10.60351045924501,0,19.427747054580426,0,51.69511901899495,0
20160222_115224_1281_1,thin_low_area_failure,True,False,10,150.95586499881992,1,106.72645739910314,1,45.69270710408308,1,135.94524427661082,1,146.73117772008496,1
20160222_115224_1281_1081,high_quality,True,False,1,14.452690166975882,0,-6.122448979591836,0,-6.363636363636363,0,0.05565862708719852,0,15.974025974025974,0
20160222_115224_1281_361,false_crack_high_fp,True,False,6,163.02931596091207,1,79.75027144408251,1,60.477741585233446,1,68.07817589576547,1,91.91096634093377,1
20160222_115224_1281_721,boundary_margin_error,True,True,4,27.854046242774565,1,8.164739884393063,1,16.221098265895954,1,14.17991329479769,1,32.947976878612714,1
20160222_115224_1921_1081,boundary_margin_error,True,True,1,41.74382716049383,0,5.632716049382716,0,-5.169753086419753,0,16.049382716049383,0,33.71913580246913,0
20160222_115224_641_1,boundary_margin_error,True,True,4,26.08695652173913,1,5.7376004080071406,1,-1.0582685196990949,1,15.22376641591228,1,27.782736197883462,1
20160222_115224_641_1081,missed_crack_high_fn,True,False,1,184.2781998831093,0,43.77556984219754,0,162.94564582115723,0,113.5008766803039,0,149.44476914085328,0
20160222_115224_641_361,boundary_margin_error,True,True,2,41.55339805825243,1,28.381877022653722,1,21.488673139158575,1,39.385113268608414,1,39.51456310679612,1
20160222_115224_641_721,complex_topology,True,False,5,-41.90891472868217,0,-46.826550387596896,0,239.4137596899225,1,-49.32170542635659,0,-35.48934108527132,0
20160222_115837_1281_1,boundary_margin_error,True,True,1,41.52721677245624,0,47.20138488170802,0,31.04443162146567,0,50.41354106558954,0,68.43623773802653,0
20160222_115837_1281_1081,moderate_general_error,True,False,4,95.94225516972298,1,60.9832227857979,1,63.94849785407726,1,76.90206788919235,1,96.332422941865,1
20160222_115837_1281_361,boundary_margin_error,True,True,4,53.46187554776512,1,21.647677475898337,1,21.9690330119778,0,43.58749634823255,1,57.20128542214432,1
20160222_115837_1281_721,moderate_general_error,True,False,1,68.43866171003718,0,33.49442379182156,0,27.992565055762082,0,55.61338289962825,0,75.91078066914498,0
20160222_164851_1281_1081,high_quality,False,False,2,2.926208651399491,1,-0.44529262086513993,1,-3.1488549618320607,1,-1.9561068702290079,1,2.099236641221374,1
20160222_164851_641_1,boundary_margin_error,False,True,2,8.139931740614333,0,13.225255972696246,0,0.7593856655290102,0,8.634812286689419,0,8.873720136518772,0
20160222_164851_641_1081,boundary_margin_error,False,True,3,47.09311485741295,0,43.1700015755475,0,31.369150779896017,0,37.214432015125254,0,56.98755317472822,0
20160222_164851_641_361,complex_topology,False,False,7,27.281311700575156,1,23.212292900678168,1,19.383638080521933,1,25.890634389217958,1,29.899562194179758,1
20160222_164851_641_721,high_quality,False,False,3,22.948577680525165,1,18.781911013858497,0,13.019693654266959,1,20.933625091174328,1,30.278993435448577,1
20160222_165225_1281_361,boundary_margin_error,False,True,1,41.48894920511827,0,36.978156908362415,0,26.431433372108053,0,34.664598681659555,0,49.55409073284219,0
20160222_165225_1281_721,boundary_margin_error,True,True,1,34.901685393258425,0,23.384831460674157,0,8.00561797752809,0,16.713483146067414,0,46.76966292134831,0
20160222_165225_1921_721,moderate_general_error,True,False,2,81.5071659731854,1,76.37540453074433,1,46.833102172908,1,70.7042687625212,1,101.46401602712282,1
20160222_165225_1_361,boundary_margin_error,True,True,1,38.10091378625348,0,25.62574493444577,0,27.082505628393587,0,33.06846775261555,0,49.50337703615415,0
20160222_165225_641_361,boundary_margin_error,True,True,4,18.374259102455547,0,7.100520140316922,0,1.463650659247611,0,14.696988024676424,0,23.321640256441274,0
20160222_165402_1281_1,high_quality,False,False,1,10.306535569693464,0,8.316946211683055,0,6.281087333718912,0,6.477732793522267,0,11.08155002891845,0
20160222_165402_1281_361,high_quality,False,False,2,25.720469301742792,1,21.813418384781865,1,17.507688802824923,1,19.489691308805103,1,24.02323727075977,1
20160222_165402_641_1081,high_quality,False,False,1,3.294793319730976,0,0.4534119247336205,0,0.785914002871609,0,1.118416081009597,0,3.2192246656087056,0
20160222_165402_641_721,high_quality,False,False,1,26.438431805632245,0,25.300938707896194,0,20.220872446162343,0,21.76697956929873,0,29.055770292655993,0
20160222_165926_1281_361,false_crack_high_fp,True,False,2,222.63719512195124,1,194.89329268292684,1,146.9512195121951,1,208.53658536585365,1,256.4786585365854,1
20160222_165926_1281_721,moderate_general_error,True,False,1,76.31018321261185,0,55.43246697912229,0,43.757988922028126,0,67.5969322539412,0,99.12654452492544,0
20160222_165926_1921_721,moderate_general_error,True,False,4,60.98259979529171,1,40.75742067553736,1,40.49129989764585,1,46.264073694984646,1,77.37973387922212,1
20160222_165926_1_1081,over_segmentation,True,False,4,129.68515742128938,0,81.70914542728636,0,65.36731634182908,0,93.1784107946027,0,141.82908545727136,0
20160222_165926_1_721,over_segmentation,True,False,5,112.52707581227438,1,74.98194945848375,1,81.11913357400722,1,97.9783393501805,1,125.48736462093864,1
20160222_165926_641_1,moderate_general_error,True,False,1,76.35373277795578,0,73.50208266581224,0,55.01441845562319,0,63.05671259211791,0,68.1832745914771,0
20160222_165926_641_361,over_segmentation,True,False,2,103.58411365837907,1,95.73781078463028,1,96.83564740071037,1,99.6125282531482,1,111.43041653212786,1
20160222_165926_641_721,moderate_general_error,True,False,2,61.70589276234295,0,40.73615289329322,0,35.39196602371262,0,57.441160856485574,0,74.67704831003363,0
20160302_155857_1281_1,boundary_margin_error,False,True,2,26.312920225331638,0,34.090496093040166,1,21.242958386334728,1,-9.958204615664183,0,25.931310194439394,0
20160302_155857_1281_361,boundary_margin_error,False,True,1,45.102246907346625,0,3.8121686442817473,0,42.956324160565515,0,6.753345114869982,0,26.887149709669277,0
20160302_155857_1281_721,false_crack_high_fp,False,False,1,375.1848808545604,0,218.89893179950695,0,183.40180772391125,0,155.29991783073132,0,353.2456861133936,0
20160302_155857_1_721,high_quality,False,False,1,7.8412338887990085,0,-4.055438710025347,0,-1.634039799385213,0,-5.2688346006579305,0,6.60626651566629,0
20160302_155857_641_721,moderate_general_error,False,False,3,71.61234245980009,1,45.93654932637983,1,63.833116036505864,1,39.51325510647545,1,72.1251629726206,1
20160307_144202_1281_361,over_segmentation,True,False,10,100.04754358161647,1,83.16957210776546,1,87.22662440570524,1,94.81774960380349,1,100.3961965134707,1
20160307_144202_1281_721,thin_low_area_failure,True,False,5,178.58958068614993,1,160.1969504447268,1,121.50571791613723,1,124.65057179161371,1,193.1702668360864,1
20160307_144202_1921_361,over_segmentation,True,False,5,104.02230860233226,1,124.78451918201792,1,98.14940003380092,1,136.53878654723678,1,135.7444651005577,1
20160307_144202_1_361,complex_topology,False,False,7,38.04109058017831,1,31.425248740147303,1,26.70887711590645,1,33.76405220312702,1,39.83718826721799,1
20160307_144202_641_361,complex_topology,False,False,10,74.54132606721163,1,73.65122615803816,1,70.05449591280653,1,79.08265213442324,1,79.07356948228883,1
20160307_145059_1281_361,boundary_margin_error,False,True,4,29.75871313672922,1,25.701989558346266,1,28.192465076901367,1,26.428672216734867,1,32.57372654155496,1
20160307_145059_1281_721,boundary_margin_error,True,True,3,61.46380913869793,1,28.15743361639035,0,21.377544143415555,0,35.7864941366761,0,65.3861706429438,0
20160307_145059_1921_1081,boundary_margin_error,True,True,3,64.92716208740549,1,55.92845288585654,1,24.82021021574774,1,53.93693527567767,1,84.62105845472986,1
20160307_145059_1921_361,high_quality,False,False,1,5.877375182706362,0,2.1540118470651586,0,-5.885068082160166,0,6.500500038464498,0,9.477652127086698,0
20160307_145059_1921_721,boundary_margin_error,False,True,3,33.71064004939288,1,21.609384647046717,1,8.705494957810249,1,22.782465527886398,1,44.24778761061947,1
20160307_145059_1_361,high_quality,False,False,1,15.338328792007266,0,14.044050862851954,0,13.44232515894641,0,11.886920980926432,0,26.396457765667574,0
20160307_145059_1_721,boundary_margin_error,False,True,1,35.715437973866756,0,26.32682690756574,0,21.37441522826262,0,26.536538151314726,0,41.68414260364575,0
20160307_145059_641_361,moderate_general_error,False,False,2,74.55677102980007,0,52.942285929837794,0,48.321388155413054,0,51.867219917012456,0,76.57487740475293,0
20160307_145059_641_721,high_quality,False,False,2,24.255054984036892,1,25.399077687123096,1,16.6371053565094,1,37.95672224192976,1,39.677190493082655,1
20160307_162438_1281_361,high_quality,False,False,1,-19.313512206913224,0,-32.92240754169688,0,-35.41213439690597,0,-36.74160019337685,0,-26.20256224317138,0
20160307_162438_1281_721,high_quality,False,False,1,-17.387167369723112,0,-11.443433029908972,0,-17.62821529385645,0,-19.366297694186304,0,-13.045133052110755,0
20160307_162438_1921_1081,boundary_margin_error,False,True,2,43.281309478492574,0,64.42710315949752,1,63.523030072325845,1,76.9318614389037,1,83.65055196041111,1
20160307_162438_1921_721,high_quality,False,False,1,-2.2121333511372234,0,7.388614412249077,0,-6.0355187608492455,0,-2.274446966662216,0,2.746250055637157,0
20160307_162438_1_361,high_quality,False,False,1,-8.523468908265023,0,-6.137419725369394,0,-13.347778415913956,0,-8.821072416853756,0,-8.896778572547381,0
20160307_162438_641_361,high_quality,False,False,1,-0.9317758283714377,0,1.7044679787282395,0,-2.127176037452843,0,-2.4317076496522887,0,2.190809508658697,0
20160307_162438_641_721,boundary_margin_error,False,True,1,37.616511318242345,0,36.8508655126498,0,11.701065246338215,0,40.16311584553928,0,48.11917443408788,0
20160310_114505_1281_1,false_crack_high_fp,True,False,4,270.5882352941177,1,264.5424836601307,1,236.43790849673204,1,271.84095860566447,1,277.2331154684096,1
20160310_114505_641_1,over_segmentation,True,False,4,143.44050692325746,1,145.4588124853321,1,131.65923492137998,1,145.83431119455528,1,149.1903309082375,1
20160310_114505_641_1081,over_segmentation,True,False,3,135.54603854389723,1,136.830835117773,1,139.5907684986914,1,147.4660956459672,1,146.08612895550797,1
20160310_114505_641_361,false_crack_high_fp,True,False,5,182.06880301602263,1,194.13289349670123,1,209.0245051837889,1,190.85768143261075,1,198.60980207351554,1
20160310_114505_641_721,over_segmentation,True,False,4,136.63070920358044,1,138.81110856093642,1,154.395226072986,1,138.8570117053018,1,131.16823502409915,1
20160316_142539_1281_361,boundary_margin_error,False,True,1,-11.534291135809163,0,-3.7544049878015726,0,-9.43345079967471,0,-10.477094063431824,0,-0.9758742206560044,0
20160316_142539_1281_721,boundary_margin_error,False,True,2,45.18421340330163,1,37.09412922269596,1,25.89920192412813,1,23.362851208046354,1,19.700448234393793,1
20160316_142539_1921_361,complex_topology,False,False,7,70.93449781659389,1,54.427947598253276,1,53.17903930131004,1,80.75982532751091,1,40.646288209606986,1
20160316_142539_1_721,complex_topology,False,False,7,53.249378109452735,1,51.01057213930348,1,22.279228855721392,1,61.979166666666664,1,53.7235696517413,1
20160316_142539_641_721,moderate_general_error,False,False,4,85.533114138093,1,70.25207452638172,1,23.673085955847817,1,93.1892907468295,1,54.971034914670426,1
20160316_143445_1281_1,high_quality,False,False,1,11.375402266685322,0,10.088148873653282,0,8.695956345319715,0,6.828039736952568,0,10.920666013712047,0
20160316_143445_1281_1081,boundary_margin_error,False,True,4,12.720568870160653,1,18.856992362391363,1,22.254411377403212,1,42.691598630497765,1,28.469844614169084,1
20160316_143445_1281_361,high_quality,False,False,2,15.94705834880155,1,22.185457186667744,1,23.145831652005487,1,25.324832539746588,1,27.979985473327417,1
20160316_143445_1281_721,boundary_margin_error,False,True,2,-1.7992847563701386,0,6.97362539114886,0,-5.5040232454179705,0,8.23088958426464,0,1.5310683951721056,0
20160316_143445_1921_1081,moderate_general_error,False,False,2,39.47760339099553,1,43.659067476228664,1,34.33382976285944,1,39.60362011685187,1,39.23702600526979,1
20160316_143445_1_1081,high_quality,False,False,1,0.3356045967659921,0,6.223939794569308,0,-12.417370080341707,0,2.318722668565036,0,3.9153869622699076,0
20160316_143445_1_721,thin_low_area_failure,False,False,2,113.75561333018199,0,122.1224296856535,0,65.87095249350035,0,123.63507445048452,0,84.02268967147246,0
20160316_143445_641_361,high_quality,False,False,1,17.020621729763004,0,16.087001128552377,0,13.32717759310557,0,13.019390581717452,0,23.720119010977736,0
20160316_143445_641_721,high_quality,False,False,1,9.748392192259956,0,11.779307232314116,0,7.661062845537628,0,5.946067922825229,0,10.955658354958818,0
20160316_143527_1281_1081,boundary_margin_error,False,True,4,-0.32972607372336826,0,1.4034494420020291,0,-1.8515387216773755,0,-0.8539059857964153,0,0.3043625295908015,0
20160316_143527_1281_361,boundary_margin_error,False,True,4,3.9365079365079367,1,4.603174603174604,1,1.9682539682539684,1,3.0476190476190474,1,-14.444444444444443,1
20160316_143527_1281_721,complex_topology,False,False,7,4.614510861848644,1,14.080174168204836,1,-0.5537413034218372,1,14.979412182308675,1,7.170239954564817,1
20160316_143527_1921_361,moderate_general_error,True,False,2,48.40822893920239,1,44.13285829215033,1,13.952419262153775,0,51.79864383404207,1,57.39570164348925,1
20160316_143527_1_1,boundary_margin_error,False,True,2,-7.522173571348377,0,-7.656899068148647,0,-11.339395980689346,0,-8.061075558549456,0,2.4138318176714946,0
20160316_143527_1_361,moderate_general_error,True,False,2,69.4360902255639,1,79.4360902255639,1,83.30827067669173,1,79.17293233082707,1,84.51127819548873,1
20160316_143527_641_1,boundary_margin_error,False,True,1,10.348977135980746,0,14.878022098238706,0,8.029756044196477,0,8.379827152390328,0,16.934689858877586,0
20160316_143527_641_361,complex_topology,False,False,8,9.490356367352152,1,10.212032188018904,1,7.772384723464045,1,15.270149444373482,1,18.271809937412186,1
20160316_143527_641_721,boundary_margin_error,False,True,3,-7.174749807544265,0,-5.696689761354888,0,-20.04618937644342,0,-19.13779830638953,0,-2.01693610469592,0
20160316_143547_1281_1081,high_quality,False,False,3,5.7509941878250235,1,5.292138268583665,1,4.7721015601101255,1,3.2119914346895073,1,14.132762312633835,0
20160316_143547_1281_361,false_crack_high_fp,False,False,1,448.8669950738916,0,426.0098522167488,0,361.3793103448276,0,374.0886699507389,0,494.8768472906404,0
20160316_143547_1281_721,high_quality,False,False,1,6.0101731215420315,0,4.760842405854007,0,5.541674103159022,0,7.74585043726575,0,11.431376048545422,0
20160316_143547_1921_1081,high_quality,False,False,3,3.13694477395545,0,3.844295066121875,0,6.761565836298933,0,9.51627784367998,0,11.282456834058257,0
20160316_143547_1_1,boundary_margin_error,False,True,1,-13.205174272367948,0,-13.037489519702957,0,-19.265780332974007,0,-12.929692178704036,0,-10.67193675889328,0
20160316_143547_641_1,boundary_margin_error,False,True,1,22.910447761194032,0,17.83582089552239,0,17.313432835820898,0,11.940298507462686,0,27.761194029850746,0
20160316_143547_641_361,high_quality,False,False,2,11.41732283464567,0,9.77093772369363,0,10.035790980672871,0,10.207587687902649,0,19.12670007158196,0
20160316_143547_641_721,moderate_general_error,True,False,2,-47.680890538033395,0,-2.2263450834879404,0,-7.421150278293136,0,-14.37847866419295,0,-43.69202226345084,0
20160318_181632_1281_1081,high_quality,False,False,1,5.8507729780782425,0,3.9667942536163445,0,11.164686583486603,0,11.810906198737387,0,10.185415320375801,0
20160318_181632_1281_361,complex_topology,False,False,8,-13.323050739283055,1,-13.799063929369215,1,-11.812573130518029,1,-12.386980108499095,1,-11.301989150090415,1
20160318_181632_1281_721,high_quality,False,False,1,1.2664035973203636,0,2.725520785537304,0,5.226209048361934,0,3.8542718179315405,0,3.1476553179774247,0
20160318_181632_1921_1,complex_topology,False,False,5,-6.759132643094354,1,-7.63821058800547,1,-4.121898808361008,1,-11.115452236764993,1,-6.251220941590155,1
20160318_181632_1921_361,high_quality,False,False,1,-7.861372759429274,0,-7.499701919637534,0,-6.478279877588331,0,-7.638806088788204,0,-2.368745280394261,0
20160318_181632_1_1,high_quality,False,False,1,-0.9045257477932691,0,1.5688843142759115,0,0.34309597330089514,0,-0.5489535572814322,0,0.9637877795452419,0
20160318_181632_1_361,high_quality,False,False,2,1.0110294117647058,1,-2.734375,1,-1.3097426470588236,1,0.8501838235294117,1,2.9641544117647056,1
20160318_181632_641_1,high_quality,False,False,2,-13.197383609080415,0,-7.233551365909966,0,-7.425933051173528,0,-29.20353982300885,0,-21.816083108888034,0
20160318_181632_641_361,high_quality,False,False,1,-11.007221588749525,0,-8.72925376916255,0,-6.988470796908654,0,-10.505511212466741,0,-6.187761307487647,0
20160318_181632_641_721,false_crack_high_fp,True,False,1,564.5299145299145,0,546.0683760683761,0,246.75213675213678,0,466.3247863247864,0,569.7435897435897,0
20160321_183947_1281_361,boundary_margin_error,False,True,1,25.137362637362635,0,12.316849816849818,0,30.265567765567763,0,11.584249084249084,0,13.27838827838828,0
20160321_183947_1281_721,high_quality,False,False,1,2.4778141798403257,0,1.0528324692261204,0,1.6539966283914884,0,0.534368141480327,0,3.6038041922453004,0
20160321_183947_1921_721,high_quality,False,False,1,3.3768048439683276,0,5.066870716614545,0,1.0912236343070063,0,3.9723201809834316,0,8.48692527779626,0
20160321_183947_1_721,high_quality,False,False,1,10.166044697890896,0,7.390246970522874,0,7.293806868212503,0,14.262652522118326,0,8.411254140634828,0
20160321_183947_641_721,high_quality,False,False,1,14.227287763510061,0,18.070550025561605,0,15.099389528764323,0,16.819535079541694,0,19.724536132078306,0
20160321_185557_1281_721,high_quality,False,False,3,-3.378928197775797,0,1.534467392567908,1,0.6509861665439609,1,1.5887162397799046,1,5.366760956329678,1
20160321_185557_1921_1,high_quality,False,False,1,10.508765243902438,0,14.510289634146343,0,8.022103658536585,0,15.806021341463413,0,15.920350609756099,0
20160321_185557_1921_1081,boundary_margin_error,False,True,1,1.3795099363303107,0,6.029326644800308,0,6.2801466332240015,0,4.900636696893692,0,11.75959868801852,0
20160321_185557_1921_361,boundary_margin_error,False,True,2,51.51771549444738,1,53.5483870967742,1,53.590692755156,1,76.10787942887362,1,60.243257535695406,1
20160321_185557_1921_721,high_quality,False,False,1,-12.015768326889546,0,-2.2591160639830186,0,-8.695322568417861,0,5.098172996740201,0,-5.378667273140778,0
20160321_185557_1_361,false_crack_high_fp,False,False,1,204.25361155698235,0,358.0256821829856,0,159.87158908507223,0,275.4414125200642,0,147.03049759229535,0
20160321_185557_1_721,boundary_margin_error,False,True,1,20.409056108498305,0,24.291807940500927,0,20.769987968937986,0,30.006562397462538,0,30.65733347916439,0
20160321_185557_641_721,high_quality,False,False,1,0.36367027228646026,0,0.6434166355837374,0,2.830100708690787,0,2.5690041029466615,0,10.462513987318165,0
20160324_170347_1281_1,high_quality,False,False,2,-3.4699853587115665,1,-4.275256222547584,1,-6.617862371888726,1,-5.75402635431918,1,1.259150805270864,1
20160324_170347_1281_1081,boundary_margin_error,False,True,1,-10.041666666666666,0,-18.73611111111111,0,-20.305555555555554,0,-13.444444444444445,0,-10.527777777777777,0
20160324_170347_1281_361,complex_topology,False,False,5,24.98695878977569,1,22.326551904016693,1,19.170579029733958,1,21.191966614501826,1,28.781950965049557,1
20160324_170347_1281_721,boundary_margin_error,True,True,1,-9.99902257843808,0,-18.580783892092658,0,-24.34757110741863,0,-9.823086697292542,0,-2.746554588994233,0
20160324_170347_641_1,moderate_general_error,True,False,1,56.50929899856938,0,34.83547925608011,0,26.75250357653791,0,44.098712446351925,0,61.51645207439199,0
20160324_170347_641_361,boundary_margin_error,True,True,3,42.19892735251097,1,21.696733300828864,1,20.112140419307657,1,34.470989761092156,1,50.26816187225743,1
20160324_170347_641_721,boundary_margin_error,True,True,1,16.127886323268207,0,5.61278863232682,0,0.8170515097690942,0,13.818827708703374,0,25.32859680284192,0
20160326_141808_1281_1,missed_crack_high_fn,False,False,4,-4.711111111111111,0,-49.24444444444445,0,-90.75555555555556,0,80.64444444444445,1,-66.04444444444444,0
20160326_141808_641_1,high_quality,False,False,1,10.516605166051662,0,37.269372693726936,0,33.48708487084871,0,8.579335793357934,0,22.785977859778598,0
20160326_141808_641_361,boundary_margin_error,False,True,1,23.683069585952744,0,11.825276392802948,0,-2.070236288749187,0,26.349447214394107,0,-9.21309343160633,0
20160326_141808_641_721,missed_crack_high_fn,False,False,4,-43.66460520638573,1,-59.370056090896014,1,-86.95527110599741,0,-20.724866963900475,1,-79.10254566374228,1
20160326_142521_1281_1,missed_crack_high_fn,False,False,1,-71.10126201923077,0,-77.35877403846155,0,-70.89092548076923,0,-72.64873798076923,0,-69.97445913461539,0
20160326_142521_1281_1081,missed_crack_high_fn,False,False,2,-44.91783323189288,0,-12.35544735240414,0,-56.17772367620207,0,-89.59220937309799,0,-52.86062081558125,0
20160326_142521_1281_361,boundary_margin_error,False,True,1,-27.417089769903857,0,-68.25105325699471,0,-64.37290698930539,0,-33.4989737495949,0,-47.5315977098412,0
20160326_142521_1281_721,moderate_general_error,False,False,1,-40.84240842408424,0,-42.01242012420124,0,-43.34443344433445,0,-33.22833228332283,0,-34.38034380343804,0
20160326_142521_641_1,missed_crack_high_fn,False,False,1,-74.760147601476,0,-48.708487084870846,0,-91.14391143911439,0,-100.0,0,-98.5239852398524,0
20160326_142521_641_1081,missed_crack_high_fn,False,False,2,-42.58142340168878,0,-41.69682348210696,0,-60.75593084036992,0,-91.6767189384801,0,-83.39364696421391,0
20160326_142745_1281_1081,boundary_margin_error,False,True,2,-26.46406388642413,0,-34.71606033717835,0,-43.766637089618456,0,-28.149955634427688,0,-20.319432120674357,0
20160326_142745_1281_361,missed_crack_high_fn,False,False,1,-91.72970675733106,0,-82.72843178920527,0,-68.28729281767956,0,-82.37994050148745,0,-96.13259668508287,0
20160326_142745_1281_721,moderate_general_error,False,False,1,-45.00054758514949,0,-36.17895082685357,0,-42.48713174898697,0,-21.84317161318585,0,-34.130982367758186,0
20160326_142745_1921_1081,moderate_general_error,False,False,2,-33.71091257179323,0,-23.56413529036375,0,-8.95022335673261,0,-24.53733248245054,0,-29.132099553286533,0
20160326_142745_1_1,moderate_general_error,False,False,1,-62.17666219582295,0,-65.54895573864725,0,-65.58727725617935,0,-63.1730216516574,0,-59.74324583253497,0
20160326_142745_641_361,boundary_margin_error,False,True,1,-22.453916493299143,0,-48.79287822342639,0,-49.48957375780154,0,-18.81077942812908,0,-45.6093666844066,0
20160328_151020_1281_361,complex_topology,False,False,6,97.63225068215826,1,83.03846492386234,1,87.2546430771939,1,104.84992518264238,1,84.13872018308247,1
20160328_151020_1921_361,over_segmentation,True,False,1,148.97280966767372,0,147.29103726082576,0,125.11581067472306,0,154.47129909365557,0,142.55790533736152,0
20160328_151020_1_1,moderate_general_error,False,False,1,76.60239000543183,0,80.2417164584465,0,58.731667571971755,0,74.94568169473112,0,71.17055947854428,0
20160328_151020_1_361,false_crack_high_fp,True,False,1,273.5005452562704,0,242.5663395129044,0,245.29262086513995,0,355.14358415121774,0,263.17702653580517,0
20160328_151020_641_361,complex_topology,True,False,5,90.03532528701795,1,106.06417427141595,1,78.65763909331763,1,109.59670297321166,1,99.23461878127759,1
20160328_151020_641_721,moderate_general_error,False,False,1,-15.581740276862227,0,28.04878048780488,0,-17.542847725774553,0,47.552735662491756,0,13.052076466710613,0
20160328_151057_1281_1,boundary_margin_error,True,True,3,9.78238341968912,1,-1.1398963730569949,1,-3.7512953367875648,1,2.3626943005181347,1,7.191709844559585,1
20160328_151057_1281_1081,thin_low_area_failure,True,False,4,133.49339735894358,1,86.34453781512606,1,53.81152460984394,1,118.03721488595438,1,82.77310924369748,1
20160328_151057_1281_361,boundary_margin_error,False,True,2,15.110124637186273,1,14.905241591258322,1,-0.7683114222298105,1,10.36366740652211,1,8.536793580331228,1
20160328_151057_1281_721,boundary_margin_error,False,True,2,-7.937841243175137,0,-12.995740085198296,0,-13.961720765584687,0,-5.657886842263155,0,-3.1619367612647746,0
20160328_151057_1921_721,boundary_margin_error,False,True,1,-16.852244609402618,0,-21.597737716507602,0,-23.029338989042063,0,-18.10710498409332,0,-8.792859667727113,0
20160328_151057_641_1081,boundary_margin_error,True,True,2,29.086485290864854,1,14.97456314974563,1,13.072329130723293,1,26.47644326476443,1,38.19951338199513,1
20160328_151057_641_721,boundary_margin_error,False,True,2,12.348322626695216,1,7.601713062098502,1,-6.691648822269808,1,7.887223411848679,1,13.31192005710207,1
20160328_151244_1281_1081,boundary_margin_error,False,True,1,34.90109282058376,0,34.65670678286531,0,17.494351454788585,0,17.877069211970305,0,43.86498824180385,0
20160328_151244_1281_361,high_quality,False,False,1,0.7634543178973717,0,2.1193158114309556,0,-0.41301627033792243,0,0.3337505214851898,0,3.571130579891531,0
20160328_151244_1281_721,complex_topology,False,False,6,0.40194346289752647,0,2.1068904593639575,1,-1.340547703180212,1,6.086572438162544,1,4.9757067137809186,1
20160328_151244_1921_1081,boundary_margin_error,False,True,3,-11.570771913139959,0,-15.184656839435725,0,-29.101283880171184,0,-21.31875099064828,0,-2.662862577270566,0
20160328_151244_1921_361,high_quality,False,False,2,-12.169658439291947,0,-10.0037397157816,0,-11.920344053851908,0,-12.079281974569934,0,-11.714659685863875,0
20160328_151244_1921_721,high_quality,False,False,4,9.022642987123673,1,10.227351254232603,1,7.811024347545666,1,11.194803399903256,1,10.5751733351761,1
20160328_151244_1_1,boundary_margin_error,False,True,1,-11.885834354753984,0,-9.861670460514796,0,-11.791279985991945,0,-8.88110663631588,0,-6.53125547189634,0
20160328_151244_1_1081,boundary_margin_error,False,True,1,-7.357133161395411,0,-7.234966743586263,0,-9.841183656848107,0,-11.035699742093117,0,-4.669471969594136,0
20160328_151244_1_721,high_quality,False,False,1,1.660255112370925,0,3.00161976108524,0,2.738408584733752,0,1.8677870014172908,0,4.727677667544037,0
20160328_151244_641_1,high_quality,False,False,1,-6.06670631834195,0,-1.52811456284028,0,-1.6836711351054583,0,-3.4222445898339204,0,-1.8346525140687193,0
20160328_151244_641_361,high_quality,False,False,1,-1.2097250088516465,0,0.3127581730201817,0,-2.3250324560368227,0,-0.05310987843738935,0,3.5406585624926232,0
20160328_151244_641_721,high_quality,False,False,1,-0.05716463414634146,0,-0.33727134146341464,0,-2.3361280487804876,0,0.2172256097560976,0,0.9984756097560976,0
20160328_151752_1281_361,boundary_margin_error,False,True,2,-12.159917521049316,0,-15.860014892032762,0,-17.99644882295664,0,-11.988086373790022,0,-13.786585715103957,0
20160328_151752_1281_721,boundary_margin_error,False,True,1,-17.714766984839976,0,-22.64177428411005,0,-25.39303761931499,0,-26.333520494104434,0,-15.047725996631106,0
20160328_151752_1921_721,boundary_margin_error,False,True,4,-27.135556096373815,1,-27.411373407966256,1,-33.14675103431492,1,-25.200778778291554,1,-23.456639896162894,1
20160328_151752_1_361,boundary_margin_error,False,True,1,34.1824686940966,0,33.46690518783542,0,33.674418604651166,0,38.55456171735241,0,38.25402504472272,0
20160328_151752_1_721,false_crack_high_fp,True,False,5,221.74721189591077,1,194.70260223048328,1,158.08550185873605,1,172.4907063197026,1,252.8810408921933,1
20160328_151752_641_361,complex_topology,False,False,5,-1.595795508838987,1,0.3535594839942666,1,-2.680363115145724,1,2.016244624940277,1,6.149068322981367,1
20160328_152022_1281_721,high_quality,False,False,1,7.9068847269849645,0,8.645476127670799,0,7.847533632286996,0,6.953969928778686,0,10.693088894750726,0
20160328_152022_1921_1,boundary_margin_error,False,True,1,17.576170986812187,0,22.351068667576172,0,18.21282401091405,0,16.086857662573898,0,19.57708049113233,0
20160328_152022_1921_361,boundary_margin_error,False,True,3,24.355300859598856,0,18.197270652226702,0,14.802583653052304,0,23.257733961439463,0,22.74780243795833,0
20160328_152022_1921_721,high_quality,False,False,1,14.50635386119257,0,11.818181818181818,0,9.67741935483871,0,9.521016617790812,0,13.558162267839688,0
20160328_152022_1_1081,boundary_margin_error,False,True,1,43.0370278020197,0,43.722727839421516,0,38.698416656277274,0,42.99962598179778,0,49.607280887669866,0
20160328_152022_1_361,moderate_general_error,False,False,2,66.41554321966693,1,61.45915939730373,1,60.388580491673274,1,61.2609040444092,1,70.73750991276765,1
20160328_152022_1_721,boundary_margin_error,False,True,2,5.004046398705152,0,15.807930941462098,0,9.711356892365794,0,19.73293768545994,0,17.10277852711087,0
20160328_152022_641_361,boundary_margin_error,False,True,1,1.0798505720289517,0,2.1071678729862247,0,1.1382208732197059,0,3.1928554751342513,0,5.2825122577632495,0
20160328_152022_641_721,boundary_margin_error,False,True,3,18.562190947128183,1,20.730315709395207,1,17.370356282490174,1,19.684290604792697,1,27.735514137187778,1
20160328_152305_1281_361,high_quality,False,False,2,7.9441860465116285,0,13.848062015503876,0,5.686821705426357,0,7.789147286821706,0,8.806201550387597,0
20160328_152305_1281_721,boundary_margin_error,False,True,2,35.195908851620665,0,36.120929532977364,0,34.33857261036324,0,31.74400240655787,0,45.619312626908325,0
20160328_152305_1921_361,boundary_margin_error,False,True,3,10.574517512508935,0,23.2174767691208,0,8.684774839170837,0,21.14903502501787,0,15.980164403145103,0
20160328_152305_1921_721,high_quality,False,False,1,0.05704145012042085,0,1.1344910635061478,0,-0.6844974014450501,0,0.4563316009633668,0,3.866142730384079,0
20160328_152305_1_361,boundary_margin_error,False,True,1,20.095245530486377,0,19.884456241705053,0,16.16051213990163,0,17.21445858380826,0,24.974627215239284,0
20160328_152305_641_361,boundary_margin_error,False,True,2,32.69344110465606,0,28.946703713058852,0,26.513429317167635,0,28.37416856108445,0,34.62153742527575,0
20160328_152305_641_721,boundary_margin_error,False,True,2,15.467145790554415,0,16.021560574948666,0,14.101642710472278,0,17.515400410677618,0,21.534907597535934,0
20160328_152511_1281_361,boundary_margin_error,False,True,3,33.13253012048193,0,47.064855165342216,0,42.09177134068188,0,59.3693924634709,0,48.141502178928484,0
20160328_152511_1281_721,boundary_margin_error,False,True,1,10.295501599849425,0,19.424054206662902,0,1.0163749294184077,0,27.460944852249202,0,40.974967061923586,0
20160328_152511_1921_361,boundary_margin_error,False,True,2,15.024516606531593,0,27.458599315385328,0,17.540938107132945,0,30.68739013784809,0,25.154963456378944,0
20160328_152511_1921_721,missed_crack_high_fn,False,False,1,-65.56832694763729,0,-53.997445721583645,0,-68.69731800766283,0,-44.08684546615581,0,-49.042145593869726,0
20160328_152511_1_361,moderate_general_error,False,False,1,41.45295159936585,0,43.94292641984519,0,38.981628275669124,0,51.61801734589201,0,51.03049519723958,0
20160328_152511_641_361,boundary_margin_error,False,True,1,46.74492238782918,0,49.86485442891343,0,46.999768321878136,0,47.88014518495637,0,49.51733724611939,0
20160328_152511_641_721,boundary_margin_error,False,True,1,26.827896512935883,0,30.146231721034873,0,0.8998875140607425,0,-20.47244094488189,0,31.439820022497187,0
20160328_152747_1281_361,boundary_margin_error,False,True,2,4.311872415829888,0,6.758923297612015,0,-1.4176018901358536,0,7.67867690490254,0,7.898067673614041,0
20160328_152747_1281_721,boundary_margin_error,False,True,1,43.44673731176798,0,36.19631901840491,0,28.611266034578918,0,29.113218070273284,0,59.84383714445064,0
20160328_152747_1921_361,boundary_margin_error,False,True,1,-14.11087925102927,0,-10.061474254131182,0,-18.481755118154645,0,-8.138288872596018,0,-11.454514691782753,0
20160328_152747_1_361,boundary_margin_error,False,True,1,24.43155235332647,0,29.344062880134743,0,22.17647609244877,0,28.324132123140267,0,32.34771217366894,0
20160328_152747_641_361,boundary_margin_error,False,True,1,22.705350414468725,0,31.055011303692538,0,25.83270535041447,0,28.628485305199696,0,30.610399397136394,0
20160328_153548_1281_1081,boundary_margin_error,False,True,1,-16.468725257323833,0,-26.365795724465556,0,-33.09580364212193,0,-60.33254156769596,0,-24.46555819477435,0
20160328_153548_1281_361,high_quality,False,False,1,-14.926108374384237,0,-15.714285714285714,0,-13.472906403940888,0,-18.854679802955665,0,-11.982758620689655,0
20160328_153548_1281_721,boundary_margin_error,False,True,3,-6.341944112057436,0,-5.398747096501724,0,-6.612937284437249,0,-0.8974449215175617,0,0.02815513479270782,0
20160328_153548_1921_361,high_quality,False,False,1,-3.698224852071006,0,-3.772189349112426,0,-2.899408284023669,0,-4.260355029585798,0,-1.886094674556213,0
20160328_153548_1921_721,high_quality,False,False,2,-1.9216762843856798,1,0.06723065717967393,1,0.17367919771415766,1,-0.21849963583394028,1,3.5800324948176367,1
20160328_153548_1_1,boundary_margin_error,False,True,1,-14.645155094593296,0,-14.56352636127917,0,-13.017382118505713,0,-14.741188898492268,0,-9.68500912321137,0
20160328_153548_1_1081,boundary_margin_error,False,True,1,-3.266090297790586,0,-0.10246557796990073,0,2.078130003202049,0,4.383605507524816,0,0.7588856868395774,0
20160328_153548_641_1,boundary_margin_error,False,True,1,14.856260852787962,0,5.788153579008296,0,12.444530194867836,0,5.788153579008296,0,14.219563959097048,0
20160328_153548_641_1081,boundary_margin_error,False,True,1,7.765433512770588,0,6.064597411522162,0,8.607261482075364,0,7.061046844576796,0,13.371893253922803,0
20160328_153548_641_361,complex_topology,False,False,10,18.98582892265665,1,15.366228444596208,1,14.66621137100905,1,16.61260030732457,1,28.273860338057027,1
20160328_153548_641_721,boundary_margin_error,False,True,2,-9.115918469426035,0,-10.56646242340878,0,-12.385894710516443,0,-3.576341127922971,0,0.9065899712392147,0
20160328_153604_1281_1,moderate_general_error,False,False,1,56.855607557635636,0,63.89322239556249,0,54.13416536661466,0,43.7857514300572,0,54.532847980585885,0
20160328_153604_1281_361,boundary_margin_error,False,True,1,9.336957806405863,0,8.822834180356933,0,13.16629240042548,0,11.127526297127998,0,6.092660442028129,0
20160328_153604_1281_721,boundary_margin_error,False,True,1,34.7151142954623,0,33.768338451040606,0,46.46025247355851,0,36.65131354486523,0,39.48311156601842,0
20160328_153604_1921_361,boundary_margin_error,False,True,2,13.409016123724909,0,12.94833826916749,0,13.524185587364265,0,13.121092464626521,0,17.851266864100033,0
20160328_153604_1921_721,boundary_margin_error,False,True,1,15.547608404112651,0,6.365668305766651,0,-7.688869021010282,0,28.01072865444792,0,16.06616003576218,0
20160328_153604_1_1,boundary_margin_error,False,True,1,12.468279478937575,0,11.774657418372527,0,18.110302825241074,0,11.740822195905938,0,14.066993740483843,0
20160328_153604_1_361,boundary_margin_error,False,True,1,20.973782771535582,0,20.59925093632959,0,21.49487054225696,0,31.574662107148672,0,28.29343755088748,0
20160328_153604_641_1,boundary_margin_error,False,True,1,33.97463002114165,0,26.564482029598306,0,31.152219873150106,0,28.520084566596193,0,31.553911205073998,0
20160328_153604_641_1081,high_quality,False,False,1,-3.9718063487163655,0,-4.758964860832433,0,-3.400730565416474,0,-5.854812985543036,0,-2.490096208262592,0
20160328_153604_641_361,boundary_margin_error,False,True,3,23.47617288511267,1,22.87279891638961,1,27.644378771087304,1,30.199482822312522,1,27.699790666174117,1
20160328_153604_641_721,boundary_margin_error,False,True,2,11.357924054072413,0,9.897425446640854,0,14.530262889749338,0,16.099449765640923,0,14.441953671625567,0
20160328_153620_1281_1081,high_quality,False,False,1,-12.768130745658834,0,-13.585291113381,0,-12.665985699693566,0,-16.68369084099421,0,-7.490636704119851,0
20160328_153620_1281_361,boundary_margin_error,False,True,2,-9.990279250618594,0,-10.111788617886178,0,-7.48497702368328,0,-3.386797454931071,0,-7.456256627783669,0
20160328_153620_1281_721,complex_topology,False,False,12,23.541752177680486,1,21.188489077393168,1,25.10603365713504,1,22.75277055684772,1,26.80257217129566,1
20160328_153620_1921_1081,high_quality,False,False,1,-3.753609239653513,0,-3.0221366698748797,0,-0.6063522617901829,0,-3.7632338787295474,0,-4.571703561116458,0
20160328_153620_1921_361,high_quality,False,False,2,4.954189571880726,1,6.0536398467432955,1,10.687989338664002,1,4.3478260869565215,1,9.69848409128769,1
20160328_153620_1_361,high_quality,False,False,2,5.948322553923599,1,6.432599483862746,1,4.941536304839583,1,7.490362251887723,1,7.289642208557683,1
20160328_153620_1_721,high_quality,False,False,1,1.1637436485821997,0,0.9506638256023603,0,13.538764137026718,0,1.6062940501557124,0,6.769382068513359,0
20160328_153620_641_361,high_quality,False,False,4,17.97202797202797,0,17.3986013986014,1,15.636363636363637,0,17.832167832167833,1,22.363636363636363,0
20160328_153620_641_721,high_quality,False,False,3,2.5017900012635303,1,1.7773659604936192,1,4.167544118266436,1,7.19580507939182,1,8.109758665712,1
20160328_153629_1281_361,high_quality,False,False,1,5.055542960779869,0,4.896848787123101,0,5.599637270460213,0,4.375425073679438,0,6.642484697347541,0
20160328_153629_1281_721,high_quality,False,False,1,0.07159401979364077,0,-0.7412086755106339,0,-0.11370814908401769,0,-0.012634238787113077,0,2.8132238365971785,0
20160328_153629_1921_361,high_quality,False,False,1,-2.8939214872073338,0,0.22998051553965565,0,0.6548056345226307,0,-0.8464560641390104,0,2.6415817548791005,0
20160328_153629_1_361,high_quality,False,False,3,8.52531832987859,1,9.084986674563222,1,9.082025466390286,1,10.035534498075215,1,12.37192774652058,1
20160328_153629_641_361,high_quality,False,False,2,8.13976377952756,0,4.330708661417323,0,6.4763779527559056,0,10.718503937007874,0,14.261811023622048,0
20160328_153629_641_721,complex_topology,False,False,6,4.4979333819596405,1,4.7375916084887635,1,6.686117189399465,1,4.956409989232746,1,9.034073147858706,1
20160328_153829_1281_361,complex_topology,False,False,7,15.641888761928291,1,14.619684382817082,1,16.46335814212038,1,18.458355208301164,1,20.669528427164078,1
20160328_153829_1281_721,boundary_margin_error,False,True,3,16.537065837221355,1,6.661482633488855,1,9.279419388284085,1,7.620528771384137,1,17.65163297045101,1
20160328_153829_1921_1,complex_topology,False,False,14,27.286024108538857,1,26.378171180713167,1,28.859635850103395,1,29.253038785494528,1,31.941292177333942,1
20160328_153829_1921_361,boundary_margin_error,False,True,2,26.140065146579804,0,22.28555917480999,0,17.86102062975027,0,15.662323561346362,0,33.52334419109663,0
20160328_153829_1_1,boundary_margin_error,False,True,4,29.599022289472153,1,25.798754583018102,1,28.60385264505616,1,34.16749112494908,1,34.522493161846015,1
20160328_153829_1_721,high_quality,False,False,1,-4.189386886554063,0,-4.481978986567363,0,-0.33249102274238596,0,-4.082989759276499,0,1.8885490091767523,0
20160328_153829_641_1,complex_topology,False,False,5,1.0140028971511348,1,2.7462578464509897,1,2.26943505552873,1,3.74215354901014,1,7.061805890873973,1
20160328_153829_641_1081,boundary_margin_error,False,True,2,48.4863523573201,1,82.81224152191893,1,67.47725392886683,1,79.30521091811414,1,75.84780810587263,1
20160328_153829_641_361,high_quality,False,False,2,24.262567511425008,0,20.12186677745465,0,18.66777454646171,0,19.470987397867333,0,31.86539260490237,0
20160328_153829_641_721,boundary_margin_error,True,True,2,37.96928327645051,1,39.334470989761094,1,37.54266211604095,1,34.38566552901024,1,48.80546075085324,1
20160329_103807_1081_1,missed_crack_high_fn,False,False,1,-39.93399339933993,0,72.55225522552256,0,16.94169416941694,0,57.700770077007704,0,-33.88338833883388,0
20160329_103807_361_1,boundary_margin_error,False,True,2,-18.858892530619286,1,-12.65309642918751,1,-24.1159220286355,1,-17.258927031223045,1,-19.708469898223218,1
20160329_103807_361_1281,boundary_margin_error,False,True,4,-14.480048367593712,1,-8.69105199516324,1,-16.18802902055623,1,-4.8035066505441355,1,-15.928053204353084,1
20160329_103807_361_1921,complex_topology,False,False,6,-38.97548786292242,1,-38.48465016658734,1,-44.24976201808663,1,-35.47715373631604,1,-36.35471204188482,1
20160329_103807_361_641,boundary_margin_error,False,True,3,-26.509390361749507,0,-17.221965463635982,0,-23.146086298895003,0,-16.667366917356414,0,-22.936011091970926,0
20160329_103807_721_1,boundary_margin_error,False,True,1,-17.66621054121644,0,-9.83343556834804,0,-21.17208512244609,0,-9.20115132355023,0,-9.342707497758694,0
20160329_103807_721_1281,boundary_margin_error,False,True,2,14.319923371647509,0,3.9750957854406135,0,8.5727969348659,0,-9.81800766283525,0,3.256704980842912,0
20160330_165956_1281_721,complex_topology,True,False,5,63.980909601347555,1,57.38349241998877,1,44.511510387422796,1,55.09545199326221,1,69.24480628860191,1
20160330_165956_1921_721,moderate_general_error,True,False,2,50.6139798488665,1,25.787153652392945,1,28.668136020151135,1,27.597607052896727,1,55.887909319899244,1
20160330_165956_1_1081,boundary_margin_error,False,True,1,4.338468509288627,0,-3.466243769823289,0,-8.688264612596285,0,1.8463978251019482,0,7.748074309016764,0
20160330_165956_1_721,complex_topology,True,False,5,68.3186833738545,1,40.45259023751637,1,32.50420796708435,1,63.99850383392557,1,80.19450158967646,1
20160330_165956_641_721,boundary_margin_error,True,True,2,28.294716194679413,1,20.50999141841363,1,11.045727595929876,1,31.997057741816842,1,32.49969351477259,1
20160330_170359_1281_721,boundary_margin_error,False,True,1,-25.134577652563262,0,-23.80640941792021,0,-31.16667505156714,0,-25.11193842129094,0,-26.835035468128993,0
20160330_170359_1921_361,high_quality,False,False,1,-0.52384295512232,0,4.034130798725496,0,-1.2961062807150185,0,2.2195820057244693,0,-0.8964735108278878,0
20160330_170359_1921_721,high_quality,False,False,2,-15.622208040842375,0,-14.915975324399064,0,-16.22208040842374,0,-13.805573282280365,0,-11.193363114231014,0
20160330_170359_1_721,high_quality,False,False,1,-2.3469301816344292,0,3.840431206310884,0,-4.244687122764661,0,-0.23300861851155216,0,-1.4429690351197326,0
20160330_170359_641_721,high_quality,False,False,1,-5.192784094518198,0,0.7590675220733024,0,-7.587499205996316,0,-1.981833195706028,0,-1.2958140125770183,0
20160330_172309_1281_361,high_quality,False,False,1,8.2039911308204,0,9.912612495108908,0,3.052041215599322,0,10.929959566975349,0,14.803704186774489,0
20160330_172309_1281_721,high_quality,False,False,4,6.9399304095132495,1,16.051695790157915,1,13.765151225480823,1,19.97858754253814,1,19.271211715673154,1
20160330_172309_1921_361,high_quality,False,False,1,14.565882196516423,0,21.513096662677835,0,16.646722510304482,0,18.02286929929531,0,18.28879138412445,0
20160330_172309_1921_721,high_quality,False,False,1,4.273735461184745,0,11.241547200432784,0,5.409791723018664,0,9.055991344333243,0,13.594806599945903,0
20160330_172309_1_721,high_quality,False,False,1,-9.814652279415562,0,-7.135112809127989,0,-10.485827869275646,0,-11.430636584232538,0,-3.6553255201610817,0
20160330_172309_641_361,boundary_margin_error,False,True,1,58.86712546320805,0,47.64425622022234,0,42.4563260984648,0,39.06829010058232,0,56.643726839597676,0
20160330_172309_641_721,boundary_margin_error,False,True,3,-7.779861605121904,0,-3.369333247105995,0,-7.860699734850934,0,1.6749660479855137,0,-0.1519756838905775,0
20160402_150314_1281_1081,boundary_margin_error,False,True,1,22.531418312387792,0,13.24057450628366,0,-4.847396768402154,0,8.43806104129264,0,39.138240574506284,0
20160402_150314_1281_361,high_quality,False,False,1,26.8523575459676,0,24.99544875295831,0,24.46750409612234,0,27.416712179137082,0,34.279992718004735,0
20160402_150314_1281_721,high_quality,False,False,3,3.1628587690056102,1,4.902837629075535,1,-1.0000813074233676,1,2.553053093747459,1,7.894950809008862,1
20160402_150314_1921_1,high_quality,False,False,2,9.832930756843801,0,2.2242351046698876,1,-5.3341384863123995,0,10.36634460547504,1,14.673913043478262,1
20160402_150314_1921_361,high_quality,False,False,1,21.237993596584843,0,11.810743507648523,0,0.32017075773745995,0,16.364283173247955,0,16.22198505869797,0
20160402_150314_1_361,high_quality,False,False,1,-5.022418523723482,0,-4.44355216489326,0,-3.6906912935822795,0,-3.6906912935822795,0,0.10707354614200629,0
20160402_150314_1_721,boundary_margin_error,False,True,2,11.294347401540632,0,10.068351958337853,0,-17.532819789519365,0,-1.8227188890094392,0,15.959639796029077,0
20160402_150314_641_361,high_quality,False,False,1,-11.822008418520745,0,-11.677690920024054,0,-11.148526758869513,0,-12.42333132892363,0,-5.003006614552015,0
20160402_150314_641_721,boundary_margin_error,False,True,1,-8.374248792175655,0,-9.230527514827761,0,-7.706508503868966,0,-1.2804901999292981,0,-2.179975647118897,0
20160402_151049_1281_721,high_quality,False,False,2,2.950745466376213,0,5.318697484935072,0,4.359634481002631,0,3.1855603021472825,0,7.726256825190257,0
20160402_151049_1921_1081,high_quality,False,False,1,-0.9378792894185148,0,2.0523005627275737,0,-0.11033873993158998,0,-0.4744565817058369,0,3.9280591415646033,0
20160402_151049_1921_721,high_quality,False,False,1,-0.9726388510135442,0,3.1269884555949456,0,2.5861285337696573,0,2.6633942368875556,0,3.4769566403054264,0
20160402_151049_1_361,high_quality,False,False,2,9.705858454538067,1,12.19631104249614,1,10.473714146420736,1,12.854473064109856,1,17.57130088567482,1
20160402_151049_1_721,high_quality,False,False,1,18.607038959557357,0,21.989618390280075,0,16.656209001197876,0,22.62848668073698,0,27.414294677998974,0
20160402_151049_641_361,boundary_margin_error,False,True,1,43.90948483389504,0,44.439094848338954,0,46.17236398651902,0,36.73567645642754,0,45.20943668753009,0
20160402_151049_641_721,high_quality,False,False,1,3.575592693354061,0,4.848425961912165,0,5.127769141080451,0,5.552856587640886,0,8.817528177225029,0
20160402_151054_1281_1081,high_quality,False,False,1,-1.6154992548435172,0,-0.518628912071535,0,-1.7347242921013413,0,-2.12220566318927,0,-1.03725782414307,0
20160402_151054_1281_361,high_quality,False,False,1,14.459691252144083,0,14.665523156089193,0,14.974271012006863,0,12.761578044596913,0,17.787307032590054,0
20160402_151054_1281_721,high_quality,False,False,1,1.7630398867122965,0,2.669341515223035,0,2.5702147746046733,0,1.6214302572574935,0,4.404059476044371,0
20160402_151054_1921_361,high_quality,False,False,3,15.149814048136973,1,16.012911374640375,1,12.146516033962529,1,16.19535471195004,1,23.25450845554698,1
20160402_151054_1_361,high_quality,False,False,1,-10.571493110458551,0,-9.90588058128153,0,-10.630223627738875,0,-8.762894360364431,0,-10.941947142534447,0
20160402_151054_1_721,missed_crack_high_fn,False,False,1,-98.78808864265928,0,-97.78393351800554,0,-73.82271468144043,0,-100.0,0,-97.02216066481995,0
20160402_151054_641_361,high_quality,False,False,1,-6.965740821869798,0,-5.4499255235258035,0,-4.906685358801367,0,-7.246122842372733,0,-0.3504775256286691,0
20160402_151054_641_721,high_quality,False,False,1,2.0693038398073407,0,3.7862908620612763,0,2.827453953529858,0,2.042545600499487,0,7.6706952682513485,0
20160405_171348_1281_361,boundary_margin_error,False,True,1,46.45849200304646,0,132.97791317593297,0,51.63747143945163,0,118.2025894897182,0,48.59101294744859,0
20160405_171348_1281_721,high_quality,False,False,2,-0.7250463224039314,0,8.88316012782298,0,5.166626386315422,0,7.868095276457478,0,9.302075780767476,0
20160405_171348_1921_721,boundary_margin_error,False,True,4,-13.143122132187834,0,-8.827980083959778,1,-9.145269940447134,1,-7.624719320511569,1,-9.001269159425949,1
20160405_171348_1_721,complex_topology,False,False,5,-13.794054128566835,0,-3.434728667922621,0,-8.160639617699765,0,-3.8873317097826585,0,-11.894040343702615,0
20160405_171348_641_721,boundary_margin_error,False,True,3,-4.545964125560538,0,7.679372197309417,0,0.31670403587443946,0,6.151905829596412,0,1.547085201793722,0
20160407_163130_1281_721,high_quality,False,False,2,-14.820435002529084,0,-13.440934381753806,0,-17.561042902469307,0,-13.60647445624684,0,-7.3067549547063955,0
20160407_163130_1921_721,high_quality,False,False,1,-16.306839383762462,0,-15.944346713577485,0,-18.577749346980116,0,-11.839650301188763,0,-8.481262327416173,0
20160407_163130_1_361,boundary_margin_error,False,True,2,-3.9857932123125495,0,22.967640094711918,0,12.233622730860299,0,-8.366219415943172,0,45.30386740331492,0
20160407_163130_1_721,boundary_margin_error,False,True,4,-16.050686378035902,1,-12.905018618351583,1,-19.18523870394042,1,-16.728727838603902,1,-6.602567665203135,1
20160407_163130_641_721,high_quality,False,False,1,-15.59052185652437,0,-14.138075508588985,0,-19.659233741445927,0,-16.335366137516875,0,-9.72021786695219,0
20160407_163257_1281_1,high_quality,False,False,2,23.43927852202084,1,19.499168198931795,1,23.605638735662378,1,16.749846773487437,1,22.2309780229402,1
20160407_163257_1281_361,high_quality,False,False,1,11.09077598828697,0,9.824304538799414,0,10.226939970717423,0,9.121522693997072,0,14.560761346998536,0
20160407_163257_1281_721,high_quality,False,False,1,0.7828067179049245,0,3.686307998861372,0,-1.1813265015656134,0,-1.152860802732707,0,10.873896954170224,0
20160407_163257_1921_1081,boundary_margin_error,False,True,3,25.808047493403695,1,26.121372031662272,1,21.388522427440634,1,29.320580474934037,1,37.153693931398415,1
20160407_163257_1921_721,high_quality,False,False,1,4.685123212655917,0,4.1222999695771225,0,3.7420139945238824,0,2.1904472163066626,0,13.964101003954973,0
20160407_163257_1_1,high_quality,False,False,1,10.293857319879624,0,8.665250486811825,0,7.567711099309612,0,10.46202867764206,0,18.658169587537618,0
20160407_163257_641_361,high_quality,False,False,2,8.214250024982512,1,6.70530628560008,1,6.195663035874888,1,6.24562806035775,1,19.216548416108726,1
20160407_165001_1281_1081,thin_low_area_failure,True,False,2,138.98305084745763,1,164.96292372881356,1,108.26271186440677,1,186.38771186440678,1,211.6790254237288,1
20160407_165001_1281_361,boundary_margin_error,False,True,2,14.971796937953263,0,17.74375503626108,0,14.5044319097502,0,18.597904915390814,0,29.758259468170827,0
20160407_165001_1281_721,boundary_margin_error,False,True,1,-17.85111569473092,0,-16.126007875492217,0,-24.732795799737485,0,-14.682167635477217,0,-10.106881680105007,0
20160407_165001_1921_361,moderate_general_error,False,False,1,42.80884265279584,0,35.786736020806245,0,24.629388816644994,0,27.906371911573473,0,38.673602080624185,0
20160407_165001_1921_721,moderate_general_error,True,False,2,64.74612344177561,1,60.73274551535421,1,37.838248707813925,1,72.56004864700517,1,78.68653086044391,1
20160407_165001_1_1081,moderate_general_error,True,False,2,43.35928809788654,0,31.234705228031146,0,-13.414905450500555,0,38.10901001112347,0,56.729699666295886,0
20160407_165001_1_721,high_quality,False,False,1,-9.704688908926961,0,-10.955816050495942,0,-14.0892696122633,0,-11.711000901713255,0,-1.8710550045085663,0
20160407_165001_641_1081,false_crack_high_fp,True,False,2,170.901447921532,1,173.84399813171416,1,119.4301728164409,0,168.37926202709014,1,224.47454460532464,1
20160407_165001_641_361,high_quality,False,False,1,2.914366414173835,0,2.6062395686224162,0,2.6062395686224162,0,14.552574143022213,0,9.686737707022724,0
20160407_165001_641_721,over_segmentation,False,False,2,131.51171043293115,0,96.02555003548616,0,127.39531582682753,0,60.11355571327183,0,135.06032647267565,0
IMG_2931_1297_485,complex_topology,False,False,8,22.931739540736082,1,-1.0380622837370241,1,15.13054419628814,1,0.9436929852154765,1,29.946524064171122,1
IMG_2931_1297_969,high_quality,False,False,1,5.359712230215828,0,-0.7194244604316548,0,5.350719424460432,0,1.8884892086330936,0,11.51978417266187,0
IMG_2931_1945_485,high_quality,False,False,2,15.800415800415802,1,0.31185031185031187,1,6.912681912681913,1,4.98960498960499,1,17.74081774081774,1
IMG_2931_1945_969,high_quality,False,False,1,8.707463540177294,0,0.28595939376608526,0,13.826136688590221,0,3.217043179868459,0,17.81527023162711,0
IMG_2931_1_485,high_quality,False,False,1,2.210092577727832,0,-5.683095199871568,0,0.909723337079253,0,-6.946005244287473,0,3.7994327607427625,0
IMG_2931_649_485,high_quality,False,False,2,11.601085481682496,0,-4.040404040404041,0,6.399819086386251,0,-3.1358359716568676,0,15.90532187547113,0
IMG_2931_649_969,moderate_general_error,False,False,1,76.18110236220473,0,53.08398950131233,0,73.29396325459318,0,17.519685039370078,0,49.60629921259843,0
IMG_2941_1297_485,high_quality,False,False,1,20.940763330560948,0,7.134275944921911,0,14.056002217909619,0,10.100730061916643,0,20.580353017281215,0
IMG_2941_1297_969,boundary_margin_error,True,True,2,46.2245696400626,1,24.589201877934272,0,28.012519561815335,1,23.06338028169014,0,51.07589984350548,1
IMG_2941_1945_485,high_quality,False,False,1,15.552253590886577,0,7.627538385339277,0,14.285714285714285,0,9.063893016344725,0,16.59944810019104,0
IMG_2941_1_485,boundary_margin_error,False,True,3,22.872125857200484,0,1.593384429205325,0,17.103670835014118,0,-2.8842275110931825,0,22.206534893102056,0
IMG_2941_1_969,high_quality,False,False,3,12.691190706679576,1,7.744433688286543,1,11.43272023233301,1,7.07647628267183,1,19.428848015488867,1
IMG_2941_649_969,high_quality,False,False,1,11.174467411103192,0,4.933871861883266,0,9.582640373802171,0,4.05480319949315,0,10.8656054486418,0
IMG_2942_1297_485,over_segmentation,True,False,3,123.03750768600123,1,86.78007788481246,1,76.04017216642754,1,107.93195326911251,1,144.47632711621233,1
IMG_2942_1945_485,false_crack_high_fp,True,False,3,178.57598978288632,1,113.02681992337165,1,133.65261813537677,1,144.06130268199234,1,203.8633461047254,1
IMG_2942_1_485,complex_topology,True,False,5,68.73429951690821,1,19.864734299516908,1,32.289855072463766,1,42.91787439613526,1,73.77777777777777,1
IMG_2942_649_485,false_crack_high_fp,True,False,3,362.25108225108227,1,260.9090909090909,1,255.45454545454547,1,238.65800865800867,1,388.3116883116883,1
