case_name,target_len_px,gt_crack_pixels,segment_pixels,z00_crack_logit,base_frag_count,S0_delta_crack,S0_new_breakage,S0_created_bridges,S1_delta_crack,S1_new_breakage,S1_created_bridges,S2_delta_crack,S2_new_breakage,S2_created_bridges
20160222_080850_1281_361,3.0,20506,23,6.408438682556152,0,-0.022571086883544922,0,0,0.9564690589904785,0,0,0.4546780586242676,0,0
20160222_080850_1921_1,7.0,1073,48,0.06126696243882179,0,-0.23541399464011192,0,0,0.3105047680437565,0,0,0.1205831989645958,0,0
20160222_080850_1921_361,2.8284,16790,32,0.07017538696527481,0,-0.3184756264090538,0,0,1.3985867276787758,0,0,0.35790110379457474,0,0
20160222_080850_1_361,4.4721,23875,37,5.571595668792725,0,-0.13326501846313477,0,0,0.7253961563110352,0,0,0.07514619827270508,0,0
20160222_080850_641_721,2.2361,4159,26,2.7859323024749756,0,-0.3290367126464844,0,0,3.1240130066871643,0,0,-0.160874605178833,0,0
20160222_115224_1281_1081,2.2361,5390,26,5.551534175872803,0,-0.2868514060974121,0,0,2.580207347869873,0,0,0.4805417060852051,0,0
20160222_115224_1921_1081,2.0,1296,26,3.874985933303833,0,-0.37767958641052246,0,0,2.0578248500823975,0,0,0.09071564674377441,0,0
20160222_115224_641_1081,11.0454,1711,64,-1.0411710739135742,1,-0.14201807975769043,0,0,0.589937686920166,0,0,-0.8134306520223618,0,0
20160222_115224_641_721,3.0,4128,28,-0.6131560802459717,0,-0.027972698211669922,0,0,0.03009742498397827,0,0,-0.003938913345336914,0,0
20160222_115837_1281_1,2.2361,5199,26,6.462437629699707,0,-0.18442440032958984,0,0,2.1876683235168457,0,0,-0.07073593139648438,0,0
20160222_115837_1281_721,2.0,2690,26,4.479253768920898,0,-0.25311851501464844,0,0,3.220890522003174,0,0,0.1788797378540039,0,0
20160222_164851_641_1,2.0,11720,26,2.097191333770752,0,-0.5561251640319824,0,0,1.009070873260498,0,0,-0.7400555610656738,0,0
20160222_164851_641_1081,2.0,6347,26,3.7716317176818848,0,-0.20307230949401855,0,0,0.817255973815918,0,0,0.04541635513305664,0,0
20160222_165225_1281_361,2.0,7737,26,3.748915910720825,0,-0.3986027240753174,0,0,1.681166410446167,0,0,-0.08543133735656738,0,0
20160222_165225_1281_721,2.2361,1424,26,4.526504993438721,0,-0.452059268951416,0,0,3.4583580493927,0,0,0.2882990837097168,0,0
20160222_165225_1_361,2.0,7551,23,4.343447685241699,0,-0.4688119888305664,0,0,1.039428472518921,0,0,0.2496623992919922,0,0
20160222_165225_641_361,8.0,8267,53,4.441070079803467,1,-0.25237369537353516,0,0,1.2798891067504883,0,0,-0.3128085136413574,0,0
20160222_165402_1281_1,2.2361,8645,26,5.802004814147949,0,-0.39371681213378906,0,0,3.4900455474853516,0,0,0.9134798049926758,0,0
20160222_165402_641_1081,12.0,13233,73,4.225631237030029,0,-0.1293191909790039,0,0,0.5934910774230957,0,0,-0.051889896392822266,0,0
20160222_165402_641_721,5.099,9055,38,5.847143173217773,0,-0.23267364501953125,0,0,1.0123367309570312,0,0,-0.10356330871582031,0,0
20160222_165926_1281_721,2.0,4694,20,2.7650771141052246,0,-0.14154338836669922,0,0,1.1954848766326904,0,0,0.057417869567871094,0,0
20160222_165926_1_1081,15.6525,1334,91,2.9479634761810303,0,-0.3752593994140625,0,0,4.298353433609009,1,0,-0.09852337837219238,0,0
20160222_165926_641_1,2.0,3121,23,4.083907127380371,0,-0.3825364112854004,0,0,2.337218999862671,0,0,0.2093334197998047,0,0
20160222_165926_641_721,22.0907,5651,124,3.874554395675659,0,-0.2840549945831299,0,0,3.531581938266754,1,0,1.007047414779663,0,0
20160302_155857_1281_1,19.8494,5503,107,3.733315944671631,1,-0.16343188285827637,0,0,4.186233758926392,0,0,0.5645174980163574,0,0
20160302_155857_1281_361,12.083,7922,76,6.235455513000488,0,-0.23466920852661133,0,0,3.4064688682556152,0,0,0.48789262771606445,0,0
20160302_155857_1281_721,15.6525,1217,88,4.41750955581665,0,0.0653390884399414,0,0,2.2491211891174316,0,0,0.3318910598754883,0,0
20160302_155857_1_721,2.2361,18543,26,6.062791347503662,0,0.02588510513305664,0,0,0.6704249382019043,0,0,0.13202857971191406,0,0
20160307_145059_1921_361,2.2361,12999,23,6.541358470916748,0,0.012404441833496094,0,0,1.0859737396240234,0,0,0.2703571319580078,0,0
20160307_145059_1_361,11.0454,8808,68,6.861196517944336,0,0.0265350341796875,0,0,2.454498291015625,0,0,0.4156465530395508,0,0
20160307_145059_1_721,17.1172,6199,102,3.670905590057373,0,-0.41774511337280273,0,0,5.442162275314331,1,0,0.38248634338378906,0,0
20160307_145059_641_361,2.2361,5302,26,5.23015022277832,0,-0.078460693359375,0,0,0.8098468780517578,0,0,0.24379205703735352,0,0
20160307_162438_1281_361,2.0,4137,23,4.202362537384033,0,-0.2790384292602539,0,0,0.8582987785339355,0,0,-0.19000864028930664,0,0
20160307_162438_1281_721,5.099,31529,38,4.958527565002441,0,-0.18140411376953125,0,0,2.2987053394317627,0,0,0.17325305938720703,0,0
20160307_162438_1921_1081,22.0907,10508,134,1.5052886009216309,1,-0.12893712520599365,0,0,1.9034080505371094,0,0,-0.4530543088912964,0,0
20160307_162438_1921_721,2.2361,22467,26,5.594702243804932,0,-0.3799138069152832,0,0,1.6527345180511475,0,0,0.5441193580627441,0,0
20160307_162438_1_361,5.0,38306,38,3.9736437797546387,0,-0.28472471237182617,0,0,1.6317753791809082,0,0,-0.10015106201171875,0,0
20160307_162438_641_361,2.0,22001,23,2.1213951110839844,0,-0.5658764839172363,0,0,1.155851125717163,0,0,-1.2800681591033936,0,0
20160307_162438_641_721,2.0,6008,23,4.886213302612305,0,-0.19097375869750977,0,0,0.5656380653381348,0,0,-0.11418533325195312,0,0
20160316_142539_1281_361,2.0,7378,26,-0.24013903737068176,0,0.12399104237556458,0,0,0.4930192530155182,0,0,-0.011143296957015991,0,0
20160316_143445_1281_1,2.0,14294,23,6.21125602722168,0,-0.33542346954345703,0,0,1.4813547134399414,0,0,0.5147972106933594,0,0
20160316_143445_1281_721,2.2361,17896,26,3.7491369247436523,1,-0.24006938934326172,0,0,0.788372278213501,0,0,-0.10598564147949219,0,0
20160316_143445_1_1081,2.0,9833,23,1.2929730415344238,0,-0.4256455898284912,0,0,2.0920937061309814,0,0,-0.1993042230606079,0,0
