condition,k,type,mean_train_auc_nc,std_train_auc_nc,mean_test_auc_nc,std_test_auc_nc,mean_train_test_gap,std_train_test_gap,n_valid_boots
pca_32,32,pca,0.7470444490281402,0.018827552225447124,0.6423830916981177,0.032457469198069626,0.10466135733002244,0.04865120927915563,10
pca_64,64,pca,0.8042491946897361,0.009857923970278635,0.6675888680368567,0.030140450427868424,0.13666032665287925,0.036322951701927494,10
pca_128,128,pca,0.8717821603977158,0.01072208482407064,0.6882268884243231,0.03510902262829127,0.18355527197339266,0.038464387518220004,10
pca_192,192,pca,0.9102173676998726,0.008118167975219474,0.6928276940452209,0.03170141974088912,0.21738967365465175,0.034150442374993116,10
pca_256,256,pca,0.9324647820251846,0.008071942443821069,0.6893954866471258,0.03177344272297678,0.24306929537805888,0.035604528444931206,10
raw_288,288,raw,0.9379090815148279,0.008395649874854354,0.6880607825581084,0.028438913868734355,0.2498482989567194,0.031987756032761584,10
rand_32,32,rand,0.7132999784007212,0.029659668097071587,0.6050747574759439,0.02360766098720473,0.10822522092477742,0.03306620434634289,10
rand_64,64,rand,0.7777095134209255,0.017135843696718327,0.6323323301867415,0.03610065506695166,0.145377183234184,0.044540059084925046,10
rand_128,128,rand,0.8477846010844052,0.015476744016903965,0.6704361012659082,0.03311836243448551,0.17734849981849696,0.042983480442264285,10
