cohort,subgroup,condition,alpha,n_taps,n_samples,n_bridge,pct_bridge,n_cured,pct_cured,n_breakage,pct_breakage,median_dice,median_recall,median_precision,median_cldice,mean_connector_prob_neck,median_connector_prob_neck,median_delta_connector_prob,median_T4_S1_R_norm,median_T4_S1_sep_margin
Consensus_7of7,All,Baseline,1.0,0,101,101,100.0,0,0.0,10,9.900990099009901,0.7607133351072926,0.9278908060769783,0.6830130016949081,0.8872912484463087,0.8893516966612032,0.8921107053756714,0.0,0.7249738963116917,0.13556912494749906
Consensus_7of7,All,Dir_N_0.50,0.5,1,101,101,100.0,0,0.0,11,10.891089108910892,0.763234356175492,0.9172461155456114,0.689432131646205,0.8833995726732278,0.8672993277559186,0.8788576126098633,-0.019947588443756104,0.7211735062623469,0.14446337511072693
Consensus_7of7,All,Dir_S_0.50,0.5,1,101,101,100.0,0,0.0,10,9.900990099009901,0.7626054358011335,0.9262862796818498,0.6813766694682537,0.8923582580115037,0.8849498546949708,0.8919418454170227,-0.0031264424324035645,0.7222657722984278,0.1342427787523739
Consensus_7of7,All,Dir_E_0.50,0.5,1,101,101,100.0,0,0.0,9,8.91089108910891,0.7549686904435734,0.9363984674326382,0.6763344646693109,0.8776995439337607,0.8952692121562391,0.902236819267273,0.005369901657104492,0.7221984189336575,0.12342702200912348
Consensus_7of7,All,Dir_W_0.50,0.5,1,101,99,98.01980198019803,2,1.9801980198019802,13,12.871287128712872,0.7629768605370408,0.8967645408623588,0.7095952023977368,0.8786720900612186,0.8414246375017828,0.8513935804367065,-0.04063713550567627,0.7165752113937678,0.12775529277939668
Consensus_7of7,All,Dir_NE_0.50,0.5,1,101,101,100.0,0,0.0,11,10.891089108910892,0.7557205259939896,0.9321830200009166,0.676506405572275,0.8878560920155142,0.9055136849384496,0.9126666188240051,0.0131605863571167,0.7251010947840067,0.13767083683679016
Consensus_7of7,All,Dir_NW_0.50,0.5,1,101,101,100.0,0,0.0,12,11.881188118811881,0.7628107500173944,0.9267748304567544,0.6835192769373203,0.8890091982523862,0.8894284255433791,0.8942113518714905,0.00014352798461914062,0.7138012155731283,0.12195846528478627
Consensus_7of7,All,Dir_SE_0.50,0.5,1,101,101,100.0,0,0.0,12,11.881188118811881,0.7612919193159742,0.9221256038629524,0.6848751418832507,0.8883610451306413,0.8908978759652317,0.9014519453048706,0.0021852850914001465,0.7172294725521071,0.1298852027965145
Consensus_7of7,All,Dir_SW_0.50,0.5,1,101,101,100.0,0,0.0,9,8.91089108910891,0.7507224334595051,0.9349660423936305,0.6673031727369751,0.8779171367266131,0.90663479460348,0.910064697265625,0.014673292636871338,0.7232893178835395,0.12794110261906733
Consensus_7of7,All,Axis_Vertical_0.50,0.5,2,101,100,99.00990099009901,1,0.9900990099009901,11,10.891089108910892,0.7632631426779831,0.9182762468873565,0.6926566080974538,0.8855556668822355,0.8622701173961753,0.8741207122802734,-0.021628379821777344,0.7058905930444042,0.1359162773803132
Consensus_7of7,All,Axis_Horizontal_0.50,0.5,2,101,101,100.0,0,0.0,13,12.871287128712872,0.7592475163807797,0.9084507042241674,0.7026410172784394,0.8878261481116816,0.8539140731981485,0.8566552996635437,-0.03154069185256958,0.7259359757745044,0.11791619498679262
Consensus_7of7,All,Axis_Diag_Main_0.50,0.5,2,101,101,100.0,0,0.0,11,10.891089108910892,0.7629072681694701,0.920277336281547,0.689686141047131,0.8855455968132024,0.8814027929069972,0.890006422996521,-0.0013573169708251953,0.7052750374884548,0.12286961938062901
Consensus_7of7,All,Axis_Diag_Anti_0.50,0.5,2,101,101,100.0,0,0.0,9,8.91089108910891,0.7467698025148554,0.9462702138746136,0.6497722095662731,0.8811978250657303,0.9262134609836163,0.932725191116333,0.0341528058052063,0.7237682786122699,0.1276758377572066
Consensus_7of7,All,Group_Axial_0.50,0.5,4,101,100,99.00990099009901,1,0.9900990099009901,15,14.85148514851485,0.7657371685301725,0.8966357874185845,0.7294619072981039,0.8839716312056737,0.7958869051815259,0.8055073022842407,-0.09015876054763794,0.703464512917191,0.10585668113474322
Consensus_7of7,All,Group_Diagonal_0.50,0.5,4,101,101,100.0,0,0.0,13,12.871287128712872,0.749384697699104,0.9444261213704742,0.6409564211325859,0.8826411759980721,0.9223670298510259,0.9288579225540161,0.02572798728942871,0.7105181227901199,0.11597500718383291
Consensus_7of7,All,Axis_Vertical_0.00,0.0,2,101,97,96.03960396039604,4,3.9603960396039604,19,18.81188118811881,0.7798048114856339,0.873940514715867,0.7447422680402134,0.8790295406042906,0.747682244470804,0.7722150683403015,-0.12000209093093872,0.6676025866823112,0.11833025584525558
Consensus_7of7,All,Axis_Horizontal_0.00,0.0,2,101,97,96.03960396039604,4,3.9603960396039604,23,22.772277227722775,0.7773101665361699,0.8723235527324651,0.7421617377645945,0.8817925739678784,0.7502745977132628,0.7515313029289246,-0.12960028648376465,0.6842652155744893,0.10272080452236765
Consensus_7of7,All,Group_Axial_0.00,0.0,4,101,43,42.57425742574257,58,57.42574257425742,89,88.11881188118812,0.6263842079907886,0.47874685138463674,0.9204333643978093,0.730006704338665,0.34853135425560544,0.32653865218162537,-0.5492762327194214,0.6845853721272447,0.05576498864754453
Consensus_7of7,All,Group_Diagonal_0.00,0.0,4,101,99,98.01980198019803,2,1.9801980198019802,21,20.792079207920793,0.7512727628743021,0.925884334642159,0.6766072613998485,0.8890434071271538,0.8453801572322845,0.870614230632782,-0.011240541934967041,0.6532773908312461,0.08651031452019131
Consensus_7of7,Consensus_Resistant,Baseline,1.0,0,82,82,100.0,0,0.0,7,8.536585365853659,0.7886113629722864,0.9297719851555302,0.7276474866994413,0.8961329675550371,0.8900570607766872,0.8921805620193481,0.0,0.7425171023633221,0.13211098219330009
Consensus_7of7,Consensus_Resistant,Dir_N_0.50,0.5,1,82,82,100.0,0,0.0,8,9.75609756097561,0.7916104097652812,0.925663317030512,0.7314074777126718,0.8972410281604998,0.8698026712347822,0.8788978755474091,-0.018954992294311523,0.7347497756325972,0.13804035261063208
Consensus_7of7,Consensus_Resistant,Dir_S_0.50,0.5,1,82,82,100.0,0,0.0,7,8.536585365853659,0.7898402203692142,0.9318085864778696,0.7251577206824602,0.8972310481964398,0.8873568249911796,0.8928900957107544,-0.002781212329864502,0.7280971666963345,0.12791012398520119
Consensus_7of7,Consensus_Resistant,Dir_E_0.50,0.5,1,82,82,100.0,0,0.0,6,7.317073170731707,0.7841855882659081,0.939084766319086,0.7097012959939684,0.8968149306843918,0.895188949457029,0.9028732478618622,0.00567135214805603,0.7392959719337042,0.12132443152261346
Consensus_7of7,Consensus_Resistant,Dir_W_0.50,0.5,1,82,80,97.5609756097561,2,2.4390243902439024,9,10.975609756097562,0.7940845820916504,0.9126505903125398,0.7548391558624663,0.8961809945619498,0.842999938784576,0.8501710891723633,-0.040146440267562866,0.735771025959332,0.11810288955568016
Consensus_7of7,Consensus_Resistant,Dir_NE_0.50,0.5,1,82,82,100.0,0,0.0,8,9.75609756097561,0.786193226195769,0.9409090479997432,0.7138789531596271,0.900344362704256,0.9058330480645342,0.9138227999210358,0.013163536787033081,0.7370196179961064,0.1327091052529908
Consensus_7of7,Consensus_Resistant,Dir_NW_0.50,0.5,1,82,82,100.0,0,0.0,9,10.975609756097562,0.7891601869569101,0.9328764923968538,0.7268086139747787,0.8976773345093616,0.8908928640005065,0.8941636979579926,0.0001271963119506836,0.7222559356325096,0.11798828268590839
Consensus_7of7,Consensus_Resistant,Dir_SE_0.50,0.5,1,82,82,100.0,0,0.0,8,9.75609756097561,0.7909600706719437,0.9319786280967017,0.7225491490134159,0.8965251442573896,0.8917125594325181,0.901754766702652,0.0026599466800689697,0.7449548630257561,0.11919148033093341
Consensus_7of7,Consensus_Resistant,Dir_SW_0.50,0.5,1,82,82,100.0,0,0.0,7,8.536585365853659,0.7833003755833372,0.9406280641469207,0.7044950861552595,0.893636039503862,0.9070119428925398,0.9115365743637085,0.014731734991073608,0.7566637139474259,0.11890187075417269
Consensus_7of7,Consensus_Resistant,Axis_Vertical_0.50,0.5,2,82,81,98.78048780487805,1,1.2195121951219512,7,8.536585365853659,0.7933210169204228,0.9256761333242463,0.7261990203867574,0.899945382953742,0.8658787331930021,0.8746683895587921,-0.018875688314437866,0.7283076570848199,0.13263028546912292
Consensus_7of7,Consensus_Resistant,Axis_Horizontal_0.50,0.5,2,82,82,100.0,0,0.0,9,10.975609756097562,0.7934121204597969,0.9216988257509721,0.7364781598050238,0.8973697163788339,0.854240176154346,0.855550080537796,-0.0325646698474884,0.740443966790836,0.11333767155896046
Consensus_7of7,Consensus_Resistant,Axis_Diag_Main_0.50,0.5,2,82,82,100.0,0,0.0,7,8.536585365853659,0.7940446699457864,0.9272101039828444,0.7275909617362958,0.8953123102673366,0.8834372300927232,0.8908635973930359,-0.001678168773651123,0.7249319020804993,0.11622837642477996
Consensus_7of7,Consensus_Resistant,Axis_Diag_Anti_0.50,0.5,2,82,82,100.0,0,0.0,8,9.75609756097561,0.7795872580849357,0.9493603031225257,0.6827202511202168,0.8910929336051994,0.9267790484719161,0.933682769536972,0.03448370099067688,0.7555730335939885,0.12202284853225537
Consensus_7of7,Consensus_Resistant,Group_Axial_0.50,0.5,4,82,81,98.78048780487805,1,1.2195121951219512,11,13.414634146341465,0.8010413084780574,0.9021341108458032,0.7538461270791403,0.8951943749736623,0.7998320591158983,0.8003825843334198,-0.08785805106163025,0.7315617835451416,0.10146613082748818
Consensus_7of7,Consensus_Resistant,Group_Diagonal_0.50,0.5,4,82,82,100.0,0,0.0,10,12.195121951219512,0.781810137974793,0.9529224634984863,0.6871957233128625,0.8951039382810385,0.923791420168993,0.9284566640853882,0.028653502464294434,0.7527067433054263,0.11241666890165569
Consensus_7of7,Consensus_Resistant,Axis_Vertical_0.00,0.0,2,82,78,95.1219512195122,4,4.878048780487805,13,15.853658536585366,0.7950985779105543,0.8775432900406963,0.7630908284527651,0.8954273839641319,0.7574546126330771,0.7750934958457947,-0.11502498388290405,0.6752715160182208,0.11413042409748075
Consensus_7of7,Consensus_Resistant,Axis_Horizontal_0.00,0.0,2,82,79,96.34146341463415,3,3.6585365853658534,15,18.29268292682927,0.7986657567935747,0.8793207995339147,0.7690148627991453,0.8919537426116275,0.7509212566585075,0.7477433383464813,-0.1314508318901062,0.6948294655897083,0.09805400234263062
Consensus_7of7,Consensus_Resistant,Group_Axial_0.00,0.0,4,82,38,46.34146341463415,44,53.65853658536586,70,85.36585365853658,0.6505188049317676,0.49498055807673574,0.9267306035734908,0.7539569013937171,0.352137682914007,0.3321719318628311,-0.5480797290802002,0.7130722597477863,0.05015074881224779
Consensus_7of7,Consensus_Resistant,Group_Diagonal_0.00,0.0,4,82,80,97.5609756097561,2,2.4390243902439024,16,19.51219512195122,0.7912045515585266,0.9319757584305437,0.7086939730442239,0.8988319927819666,0.8501854240894318,0.873047947883606,-0.012682586908340454,0.6735984275713631,0.07409199636131886
Consensus_7of7,Consensus_Sensitive,Baseline,1.0,0,19,19,100.0,0,0.0,3,15.789473684210526,0.6825723165189181,0.8988906497608575,0.5857541440993059,0.744680071786983,0.8863074936364826,0.8849713802337646,0.0,0.6832415607203908,0.1591561238881125
Consensus_7of7,Consensus_Sensitive,Dir_N_0.50,0.5,1,19,19,100.0,0,0.0,3,15.789473684210526,0.683154819863348,0.888908296942455,0.5940225213778731,0.7402497067043103,0.8564954243208233,0.8552789092063904,-0.02574467658996582,0.6642319317599907,0.15793394523898052
Consensus_7of7,Consensus_Sensitive,Dir_S_0.50,0.5,1,19,19,100.0,0,0.0,3,15.789473684210526,0.6819612706283116,0.8913565426143717,0.5842118166212436,0.7363499593512396,0.8745618776271218,0.884898841381073,-0.007626175880432129,0.6771027455114285,0.1664149918635357
Consensus_7of7,Consensus_Sensitive,Dir_E_0.50,0.5,1,19,19,100.0,0,0.0,3,15.789473684210526,0.6855250709552102,0.9042789223440503,0.5838369188618291,0.7449987589972699,0.8956156090686196,0.8975823521614075,0.0034839510917663574,0.6286672272978416,0.18023799979793687
Consensus_7of7,Consensus_Sensitive,Dir_W_0.50,0.5,1,19,19,100.0,0,0.0,4,21.052631578947366,0.6841362212042684,0.8577430972363214,0.607202480322902,0.736573214602407,0.834625968807622,0.8513935804367065,-0.045635759830474854,0.6642563060088466,0.1522945582499049
Consensus_7of7,Consensus_Sensitive,Dir_NE_0.50,0.5,1,19,19,100.0,0,0.0,3,15.789473684210526,0.6827036460541094,0.9011093502362899,0.5802597819110165,0.7426317010907403,0.904135380920611,0.9025578498840332,0.01151365041732788,0.6920416898265968,0.1454607905611276
Consensus_7of7,Consensus_Sensitive,Dir_NW_0.50,0.5,1,19,19,100.0,0,0.0,3,15.789473684210526,0.6829690127308753,0.8939737991258567,0.5881184841961045,0.7472712217793189,0.8831082174652501,0.8969091176986694,0.00014352798461914062,0.6710397558882489,0.1548575431893111
Consensus_7of7,Consensus_Sensitive,Dir_SE_0.50,0.5,1,19,19,100.0,0,0.0,4,21.052631578947366,0.6895657186776087,0.8960698689948505,0.5937784396454092,0.7453627718231597,0.8873818736327322,0.8811377882957458,0.0011968016624450684,0.6648904570934037,0.16386216805860399
Consensus_7of7,Consensus_Sensitive,Dir_SW_0.50,0.5,1,19,19,100.0,0,0.0,2,10.526315789473683,0.6811641749071186,0.9061806656087066,0.5763800761416747,0.7474377607066685,0.9050071019875375,0.910064697265625,0.011515974998474121,0.6902706927077781,0.15539639703538488
Consensus_7of7,Consensus_Sensitive,Axis_Vertical_0.50,0.5,2,19,19,100.0,0,0.0,4,21.052631578947366,0.6842683513010079,0.8766257225417691,0.5942997293635027,0.7425673990745616,0.8466960913256595,0.8549224734306335,-0.0322260856628418,0.6568474627093972,0.16331424608897016
Consensus_7of7,Consensus_Sensitive,Axis_Horizontal_0.50,0.5,2,19,19,100.0,0,0.0,4,21.052631578947366,0.6810483674163301,0.8793013100429001,0.5975892443194307,0.7422009314872451,0.8525066814924541,0.8700800538063049,-0.029851436614990234,0.6303982273877734,0.1890688760580559
Consensus_7of7,Consensus_Sensitive,Axis_Diag_Main_0.50,0.5,2,19,19,100.0,0,0.0,4,21.052631578947366,0.6875212843587022,0.8783406113529446,0.5974970404189096,0.7489425230156755,0.8726225903159693,0.8840240240097046,-0.0010007619857788086,0.6469373182018066,0.16041385303165057
Consensus_7of7,Consensus_Sensitive,Axis_Diag_Anti_0.50,0.5,2,19,19,100.0,0,0.0,1,5.263157894736842,0.6609434335797814,0.9077654516625867,0.56783688486849,0.7444407333010307,0.9237725044551649,0.9276796579360962,0.024328112602233887,0.7020080396158308,0.15000263058622498
Consensus_7of7,Consensus_Sensitive,Group_Axial_0.50,0.5,4,19,19,100.0,0,0.0,4,21.052631578947366,0.6967766401210858,0.841836734691351,0.6356783919582019,0.7452223496332133,0.7788604513594979,0.8131057024002075,-0.10359734296798706,0.5688777116287679,0.16812524929156691
Consensus_7of7,Consensus_Sensitive,Group_Diagonal_0.50,0.5,4,19,19,100.0,0,0.0,3,15.789473684210526,0.6590872060393108,0.9063391442140946,0.5770828434825792,0.7438995147377122,0.9162196611103258,0.9339169859886169,0.02269601821899414,0.6607339780905503,0.14350658814521033
Consensus_7of7,Consensus_Sensitive,Axis_Vertical_0.00,0.0,2,19,19,100.0,0,0.0,6,31.57894736842105,0.6794830630917164,0.8059353731063793,0.6936763645101437,0.7504550469608463,0.7055067608230993,0.7453718781471252,-0.17048150300979614,0.6080456059562637,0.13471362859759262
Consensus_7of7,Consensus_Sensitive,Axis_Horizontal_0.00,0.0,2,19,18,94.73684210526315,1,5.263157894736842,8,42.10526315789473,0.6892248062012832,0.8382352941151314,0.6741059424558373,0.7517164142766714,0.7474837538443113,0.7868549823760986,-0.11841189861297607,0.5845301393051923,0.16706564146480274
Consensus_7of7,Consensus_Sensitive,Group_Axial_0.00,0.0,4,19,5,26.31578947368421,14,73.68421052631578,19,100.0,0.4655439792061539,0.3170216563540228,0.8914141413916309,0.5821941716431287,0.33296719899303034,0.299088716506958,-0.5814441442489624,0.576353579712564,0.07899208553647796
Consensus_7of7,Consensus_Sensitive,Group_Diagonal_0.00,0.0,4,19,19,100.0,0,0.0,5,26.31578947368421,0.6887917623525117,0.8422915284210523,0.5980190378179843,0.7656111876746702,0.824641637111965,0.8624553680419922,-0.008775055408477783,0.5839191755900621,0.09701657989175272
Cured_by_D2,All,Baseline,1.0,0,7,7,100.0,0,0.0,0,0.0,0.7635944700452032,0.9391084558801951,0.6303975651500278,0.9011551136804962,0.749005913734436,0.7683733105659485,0.0,0.2879072844233689,0.3962775224578594
Cured_by_D2,All,Dir_N_0.50,0.5,1,7,6,85.71428571428571,1,14.285714285714285,0,0.0,0.7681007345216647,0.9340533088213832,0.6391152502897961,0.9068638568978781,0.7167847497122628,0.728696346282959,-0.03966343402862549,0.23226412996278348,0.36581928772742656
Cured_by_D2,All,Dir_S_0.50,0.5,1,7,7,100.0,0,0.0,0,0.0,0.7595954952875664,0.9356617647037324,0.6260655427152376,0.9000443714248023,0.7259442380496434,0.765880823135376,-0.02560645341873169,0.2664213936799321,0.3587801614577444
Cured_by_D2,All,Dir_E_0.50,0.5,1,7,7,100.0,0,0.0,0,0.0,0.7447400645655741,0.9425551470566578,0.6016187050348892,0.8875091844232181,0.7560556360653469,0.8052740097045898,-0.012707829475402832,0.2655690491135603,0.3955647452742994
Cured_by_D2,All,Dir_W_0.50,0.5,1,7,4,57.14285714285714,3,42.857142857142854,0,0.0,0.7932165693629173,0.9179687499978907,0.6750899110347576,0.8945513689346707,0.5908438393047878,0.6404658555984497,-0.13463902473449707,0.2752661268793457,0.372997534903878
Cured_by_D2,All,Dir_NE_0.50,0.5,1,7,7,100.0,0,0.0,0,0.0,0.7473589570681642,0.9437040441154786,0.6073059360719502,0.8931223371880705,0.7611361742019653,0.7837616205215454,0.0016000866889953613,0.2678860152840011,0.403329582764393
Cured_by_D2,All,Dir_NW_0.50,0.5,1,7,7,100.0,0,0.0,0,0.0,0.7589398401342243,0.9391084558801951,0.6222298870392151,0.8950442610172025,0.7377271907670158,0.7491694092750549,-0.019203901290893555,0.2983276987716533,0.3470878816767179
Cured_by_D2,All,Dir_SE_0.50,0.5,1,7,6,85.71428571428571,1,14.285714285714285,0,0.0,0.7655172413789042,0.9368106617625533,0.6311783745948463,0.9129384703852789,0.6845571441309792,0.7338315844535828,-0.06943660974502563,0.2340327808460096,0.3884391100769349
Cured_by_D2,All,Dir_SW_0.50,0.5,1,7,7,100.0,0,0.0,0,0.0,0.744572441292928,0.949218749997819,0.5996431757348802,0.8888836129576871,0.7889074087142944,0.8013888597488403,0.03177720308303833,0.2807047560417558,0.37098651840186114
Cured_by_D2,All,Axis_Vertical_0.50,0.5,2,7,6,85.71428571428571,1,14.285714285714285,2,28.57142857142857,0.7766789828293975,0.9285386029390429,0.6506144742825211,0.9149575976074399,0.6763988307544163,0.6845269203186035,-0.039679765701293945,0.242532313259389,0.33944813460003787
Cured_by_D2,All,Axis_Horizontal_0.50,0.5,2,7,5,71.42857142857143,2,28.57142857142857,0,0.0,0.7788263369124748,0.9207261029390609,0.6516017787452113,0.8956286205737559,0.6030577165739877,0.6490904688835144,-0.1502588987350464,0.25960305329215494,0.3674153980847933
Cured_by_D2,All,Axis_Diag_Main_0.50,0.5,2,7,5,71.42857142857143,2,28.57142857142857,1,14.285714285714285,0.7867340215238376,0.9347426470566758,0.6637635504487502,0.8882830141339801,0.6470987839358193,0.6859344244003296,-0.08423346281051636,0.23844238440101925,0.34108168797557503
Cured_by_D2,All,Axis_Diag_Anti_0.50,0.5,2,7,7,100.0,0,0.0,0,0.0,0.7220795892161723,0.9561121323507442,0.5696202531635955,0.8805614618471327,0.8125891940934318,0.8394263982772827,0.04421311616897583,0.26361512802830844,0.3784686042538602
Cured_by_D2,All,Group_Axial_0.50,0.5,4,7,3,42.857142857142854,4,57.14285714285714,1,14.285714285714285,0.81168119120401,0.8995863970567565,0.707243024431535,0.8827389312274077,0.500367283821106,0.5311957001686096,-0.2703952193260193,0.28622670556104685,0.2735732259450916
Cured_by_D2,All,Group_Diagonal_0.50,0.5,4,7,5,71.42857142857143,2,28.57142857142857,1,14.285714285714285,0.7478502651764853,0.949218749997819,0.6050658223624353,0.8338656492239697,0.7186301180294582,0.7692191004753113,-0.018448472023010254,0.23285802855294013,0.32786072085829554
Cured_by_D2,All,Axis_Vertical_0.00,0.0,2,7,3,42.857142857142854,4,57.14285714285714,3,42.857142857142854,0.82056537705968,0.8951341151086466,0.728209792328743,0.8618238946659685,0.4350812648023878,0.3820785880088806,-0.3543912470340729,0.2970338951746658,0.2364838626271375
Cured_by_D2,All,Axis_Horizontal_0.00,0.0,2,7,0,0.0,7,100.0,0,0.0,0.8231787289848437,0.8676470588215358,0.7309140189719456,0.888888888888889,0.3678290311779295,0.34569302201271057,-0.4087863862514496,0.2563589174268383,0.279780456593237
Cured_by_D2,All,Group_Axial_0.00,0.0,4,7,0,0.0,7,100.0,4,57.14285714285714,0.6866211329837553,0.5227898439873883,0.9462686567138501,0.735632183908046,0.144631384738854,0.11764281243085861,-0.5917367935180664,0.4375283391775582,0.1338854332030186
Cured_by_D2,All,Group_Diagonal_0.00,0.0,4,7,2,28.57142857142857,5,71.42857142857143,3,42.857142857142854,0.8075974346317977,0.9269301470566936,0.696595744679863,0.8466496319743716,0.4150719887443951,0.41941672563552856,-0.3454859256744385,0.05008627566830835,0.2527451972204846
Clean_Control,All,Baseline,1.0,0,56,0,0.0,0,0.0,8,14.285714285714285,0.7829120313341742,0.8207269289178492,0.7811544152338732,0.8586863102245068,0.11524243127288562,0.06491260603070259,0.0,0.004179314835632162,0.5503552604367266
Clean_Control,All,Dir_N_0.50,0.5,1,56,0,0.0,0,0.0,14,25.0,0.7834756639299465,0.8121474761401308,0.7900658788049647,0.8531458878478064,0.11108316301501223,0.06694184243679047,0.0026634838432073593,0.010257402049207918,0.5351377898526938
Clean_Control,All,Dir_S_0.50,0.5,1,56,0,0.0,0,0.0,10,17.857142857142858,0.7814953989690958,0.8194732881283331,0.7834880420438183,0.8569496298892172,0.109629734020148,0.06320925429463387,-0.002508336678147316,0.015774900130159062,0.49978615215638
Clean_Control,All,Dir_E_0.50,0.5,1,56,0,0.0,0,0.0,7,12.5,0.7815052817376875,0.8295642007581074,0.7649824988124573,0.8637464214558768,0.12837888932387745,0.06763999536633492,0.003249429166316986,0.00424354203129108,0.5350811996557261
Clean_Control,All,Dir_W_0.50,0.5,1,56,0,0.0,0,0.0,11,19.642857142857142,0.7838878829973555,0.7919199385469755,0.8031126183109893,0.8504313644127761,0.10408682791915323,0.06675112992525101,0.0008349232375621796,0.010311620342062686,0.5093192386950433
Clean_Control,All,Dir_NE_0.50,0.5,1,56,0,0.0,0,0.0,7,12.5,0.7831846313234535,0.8350590312453352,0.7521593756181613,0.861397857883979,0.11552076790082667,0.0656813196837902,-0.0001666378229856491,0.010946582302627718,0.5341861937149588
Clean_Control,All,Dir_NW_0.50,0.5,1,56,0,0.0,0,0.0,11,19.642857142857142,0.7810125693033322,0.8177604486646997,0.7798630436612041,0.8542302723342264,0.10985834261269442,0.061804017052054405,-0.0021479427814483643,0.007521178394381917,0.515620497836668
Clean_Control,All,Dir_SE_0.50,0.5,1,56,0,0.0,0,0.0,6,10.714285714285714,0.782864669205519,0.8191264490546328,0.7783430255804524,0.8608517775769662,0.11405555185462747,0.06681713834404945,0.0007307212799787521,0.006763554176581512,0.5194067951028614
Clean_Control,All,Dir_SW_0.50,0.5,1,56,0,0.0,0,0.0,9,16.071428571428573,0.7758690766549641,0.8374000431649413,0.7417881135718971,0.859504260668801,0.12664941412263683,0.06427672877907753,0.000987296923995018,0.007097349512059796,0.5279869182389261
Clean_Control,All,Axis_Vertical_0.50,0.5,2,56,0,0.0,0,0.0,13,23.214285714285715,0.7871819785471901,0.8087304699424056,0.7931929655218646,0.8533558231824008,0.09965643692495567,0.06177605129778385,-0.002947188913822174,0.023563065047518574,0.48671388959245976
Clean_Control,All,Axis_Horizontal_0.50,0.5,2,56,0,0.0,0,0.0,11,19.642857142857142,0.7820804585801715,0.8035732576773645,0.7936072085995464,0.8525162451457151,0.11409273357795817,0.06968140974640846,0.002477971836924553,0.007174351875348449,0.48871524668749045
Clean_Control,All,Axis_Diag_Main_0.50,0.5,2,56,0,0.0,0,0.0,11,19.642857142857142,0.7841930519783487,0.811853828089911,0.786621634231083,0.8548075379840259,0.1052570741490594,0.06274263747036457,-0.004149045795202255,0.015431712183120729,0.47913310097375417
Clean_Control,All,Axis_Diag_Anti_0.50,0.5,2,56,0,0.0,0,0.0,8,14.285714285714285,0.7708875007890545,0.8566572164278593,0.7275859149127956,0.8641602372388079,0.13307733870377497,0.07108699530363083,0.004918660968542099,0.00967765083153514,0.5287168439761596
Clean_Control,All,Group_Axial_0.50,0.5,4,56,0,0.0,0,0.0,14,25.0,0.7808725779055614,0.7819173215031601,0.8181357031763379,0.8448538644300922,0.09802017427448716,0.06609823182225227,-0.0005707927048206329,0.025884504486516254,0.4117335646172421
Clean_Control,All,Group_Diagonal_0.50,0.5,4,56,0,0.0,0,0.0,8,14.285714285714285,0.7747874882158353,0.843716298734944,0.7327565145456916,0.8658980286504467,0.11674422614409455,0.06507045403122902,-0.0044778138399124146,0.02459002078960747,0.4329870479510637
Clean_Control,All,Axis_Vertical_0.00,0.0,2,56,0,0.0,0,0.0,17,30.357142857142854,0.7783738595581973,0.7627177897909724,0.8419353287346598,0.8292816797868059,0.07279197625549776,0.05342800170183182,-0.010394692420959473,0.027831003746819002,0.3506721882013078
Clean_Control,All,Axis_Horizontal_0.00,0.0,2,56,0,0.0,0,0.0,21,37.5,0.7731544484658079,0.7558832672727389,0.8327006095876934,0.842360791178132,0.10333853986646448,0.07268484681844711,0.0037806835025548935,0.005698285468053826,0.38136150267871743
Clean_Control,All,Group_Axial_0.00,0.0,4,56,0,0.0,0,0.0,46,82.14285714285714,0.5226494640199906,0.3745189282409467,0.949633177663063,0.6247690674168735,0.06990294604163085,0.06511477753520012,-0.0015966948121786118,0.03158030430694689,0.18638544098808085
Clean_Control,All,Group_Diagonal_0.00,0.0,4,56,0,0.0,0,0.0,20,35.714285714285715,0.7809604635290641,0.8058493586522463,0.7731856543874197,0.8504310211970245,0.06979109543109578,0.04866401106119156,-0.022900959476828575,0.008097395606065205,0.23453935368812695
