condition,alpha,n_taps,Resistant_Bridges,Resistant_Cured,Resistant_Breakage,Resistant_Recall,Resistant_Med_ConnProb,Sensitive_Bridges,Sensitive_Cured,Sensitive_Breakage,Control_Bridges_Created,Control_Breakage,D2_Bridges
Baseline,1.0,0,82/82,0/82 (0.0%),7/82,0.9298,0.8922,19/19,0/19 (0.0%),3/19,0/56,8/56,7/7
Dir_N_0.50,0.5,1,82/82,0/82 (0.0%),8/82,0.9257,0.8789,19/19,0/19 (0.0%),3/19,0/56,14/56,6/7
Dir_S_0.50,0.5,1,82/82,0/82 (0.0%),7/82,0.9318,0.8929,19/19,0/19 (0.0%),3/19,0/56,10/56,7/7
Dir_E_0.50,0.5,1,82/82,0/82 (0.0%),6/82,0.9391,0.9029,19/19,0/19 (0.0%),3/19,0/56,7/56,7/7
Dir_W_0.50,0.5,1,80/82,2/82 (2.4%),9/82,0.9127,0.8502,19/19,0/19 (0.0%),4/19,0/56,11/56,4/7
Dir_NE_0.50,0.5,1,82/82,0/82 (0.0%),8/82,0.9409,0.9138,19/19,0/19 (0.0%),3/19,0/56,7/56,7/7
Dir_NW_0.50,0.5,1,82/82,0/82 (0.0%),9/82,0.9329,0.8942,19/19,0/19 (0.0%),3/19,0/56,11/56,7/7
Dir_SE_0.50,0.5,1,82/82,0/82 (0.0%),8/82,0.9320,0.9018,19/19,0/19 (0.0%),4/19,0/56,6/56,6/7
Dir_SW_0.50,0.5,1,82/82,0/82 (0.0%),7/82,0.9406,0.9115,19/19,0/19 (0.0%),2/19,0/56,9/56,7/7
Axis_Vertical_0.50,0.5,2,81/82,1/82 (1.2%),7/82,0.9257,0.8747,19/19,0/19 (0.0%),4/19,0/56,13/56,6/7
Axis_Horizontal_0.50,0.5,2,82/82,0/82 (0.0%),9/82,0.9217,0.8556,19/19,0/19 (0.0%),4/19,0/56,11/56,5/7
Axis_Diag_Main_0.50,0.5,2,82/82,0/82 (0.0%),7/82,0.9272,0.8909,19/19,0/19 (0.0%),4/19,0/56,11/56,5/7
Axis_Diag_Anti_0.50,0.5,2,82/82,0/82 (0.0%),8/82,0.9494,0.9337,19/19,0/19 (0.0%),1/19,0/56,8/56,7/7
Group_Axial_0.50,0.5,4,81/82,1/82 (1.2%),11/82,0.9021,0.8004,19/19,0/19 (0.0%),4/19,0/56,14/56,3/7
Group_Diagonal_0.50,0.5,4,82/82,0/82 (0.0%),10/82,0.9529,0.9285,19/19,0/19 (0.0%),3/19,0/56,8/56,5/7
Axis_Vertical_0.00,0.0,2,78/82,4/82 (4.9%),13/82,0.8775,0.7751,19/19,0/19 (0.0%),6/19,0/56,17/56,3/7
Axis_Horizontal_0.00,0.0,2,79/82,3/82 (3.7%),15/82,0.8793,0.7477,18/19,1/19 (5.3%),8/19,0/56,21/56,0/7
Group_Axial_0.00,0.0,4,38/82,44/82 (53.7%),70/82,0.4950,0.3322,5/19,14/19 (73.7%),19/19,0/56,46/56,0/7
Group_Diagonal_0.00,0.0,4,80/82,2/82 (2.4%),16/82,0.9320,0.8730,19/19,0/19 (0.0%),5/19,0/56,20/56,2/7
