cohort,stage,n_samples,mean_E_neck,median_E_neck,mean_E_crack,median_E_crack,mean_E_bg,median_E_bg,mean_C_neck_bg,median_C_neck_bg,mean_C_neck_crack,median_C_neck_crack,mean_R_norm,median_R_norm,pct_samples_R_norm_ge_50,pct_samples_R_norm_ge_70
ALL_BASE_BRIDGES,bottleneck,110,19.442474417252974,19.441650390625,19.44409047907049,19.443246841430664,19.259207760203967,19.434284210205078,176875.9149439871,1.0002633248416233,0.9999168661390246,0.9999394994928674,0.7887705647643026,0.6445059696839537,57.27272727272727,43.63636363636363
ALL_BASE_BRIDGES,S2,110,11.952655306729403,11.890048503875732,12.59506982456554,12.628094673156738,10.652872371673585,10.51878833770752,135758.80120777755,1.0912552846086152,0.949862168621862,0.9560731011565381,5.000162422922496,0.5264540011784131,50.90909090909091,36.36363636363637
ALL_BASE_BRIDGES,T1,110,3.5796212218024515,3.5037028789520264,3.7791222052140667,3.8013614416122437,3.244491622664712,3.2484536170959473,43243.268962359965,1.0698885290425264,0.9483182040080446,0.9466643904093824,0.7227065851743012,0.466261155573555,48.18181818181818,31.818181818181817
ALL_BASE_BRIDGES,T2,110,16.043651086633854,16.055614471435547,16.233116826144133,16.17158794403076,16.010735780542547,16.049582481384277,131085.91302292328,0.9975849966084591,0.9886097437383193,0.9931114416587208,0.21288362375145242,0.4194055911602104,47.27272727272727,38.18181818181819
ALL_BASE_BRIDGES,T3,110,10.845194920626554,10.782999515533447,12.047240183570167,11.955937385559082,7.55700059370561,7.273601055145264,118521.76314967863,1.3999909227138334,0.9038616317115913,0.8808230560644293,0.8430877930277424,0.6683434017687463,74.54545454545455,46.36363636363636
ALL_BASE_BRIDGES,T4,110,14.465796349265359,14.329243659973145,16.504104804992675,16.52586555480957,9.186126557263462,8.911160945892334,139548.13578649392,1.520238119804349,0.8833000767570566,0.8608183689307024,0.848719596755886,0.7020115868529557,73.63636363636363,50.0
ALL_BASE_BRIDGES,S0,110,11.037093136527321,10.93621826171875,13.386722660064697,13.33636999130249,4.83120561729778,4.7370994091033936,104298.31146044025,2.215516447309022,0.8399065523527043,0.8313143430250243,0.809872715200268,0.7449618436367114,77.27272727272727,55.45454545454545
ALL_BASE_BRIDGES,Final_Head,110,0.8780517420985482,0.8867188096046448,0.8807996010238474,0.8990631997585297,0.1412907685745846,0.12598251551389694,8654.645671508759,6.77693637451191,1.006458551876711,0.982568133642566,1.0234824028468625,0.9796658055650537,100.0,97.27272727272728
Consensus_7of7,bottleneck,101,19.44262478139141,19.44160270690918,19.44400453095389,19.44363784790039,19.243265775170656,19.434024810791016,192637.04596633936,1.0002690385700928,0.9999290172686621,0.9999588362825339,0.8528370181960073,0.6717713118938233,61.386138613861384,47.524752475247524
Consensus_7of7,S2,101,12.03374987309522,11.958464622497559,12.582805378602282,12.634479522705078,10.661152660256565,10.53571891784668,147856.02667792854,1.1108723630874733,0.9572037357211439,0.9589640137933956,5.422701201282944,0.5773060343577218,54.45544554455446,39.603960396039604
Consensus_7of7,T1,101,3.603330895452216,3.5326337814331055,3.773861752878321,3.8004162311553955,3.245041766969284,3.254019260406494,47096.53809425729,1.0809044053475767,0.9560904486512939,0.9511669642915495,0.8086177909342854,0.5193596293480243,51.48514851485149,34.65346534653465
Consensus_7of7,T2,101,16.079649840251054,16.101551055908203,16.22172925967981,16.156944274902344,15.975856025620262,16.048412322998047,142766.75091550266,0.9989476853693959,0.9914650374072934,0.9936316658136557,0.11440594026634317,0.4008650309228344,46.53465346534654,37.62376237623762
Consensus_7of7,T3,101,11.016911327248753,10.8985595703125,12.079227164240166,11.962594032287598,7.593966639868103,7.275455951690674,129082.99622697046,1.412165577227376,0.9147557319739943,0.8934827709932246,0.8486273291380819,0.698638173324905,78.21782178217822,49.504950495049506
Consensus_7of7,T4,101,14.832574230609554,14.541537284851074,16.587326946825083,16.538604736328125,9.266526533825562,8.93157958984375,151983.00427152633,1.5542551312763053,0.8985271374595031,0.8679432128351453,0.8433211189023112,0.7192757144726267,79.20792079207921,53.46534653465347
Consensus_7of7,S0,101,11.427487132572892,11.130562782287598,13.47191038226137,13.357412338256836,4.861316038830446,4.766180515289307,113592.08759254811,2.2853415929202807,0.8590050066284419,0.8514105461924915,0.7958812763480698,0.75252320152816,83.16831683168317,59.4059405940594
Consensus_7of7,Final_Head,101,0.8893516895794632,0.8921107053756714,0.8833093932359526,0.9015382528305054,0.1384392251620198,0.12517009675502777,9425.370168470121,6.8435769887509075,1.0141586047535376,0.9908541462602254,1.0243892025712737,0.9890605009244647,100.0,99.00990099009901
Cured_by_D2,bottleneck,7,19.44190788269043,19.443172454833984,19.44595800127302,19.442855834960938,19.438695635114396,19.438629150390625,1.0001652477219432,1.0001673031141987,0.9997917327207313,0.9997793688090286,0.05391536958705524,0.17509247842170161,14.285714285714285,0.0
Cured_by_D2,S2,7,11.348247255597796,11.746075630187988,13.069459506443568,13.213576316833496,10.791412898472377,11.632393836975098,1.056076439888181,1.064754849550771,0.8663587386963476,0.8582045535223082,0.2640658706184229,0.29841993679490664,14.285714285714285,0.0
Cured_by_D2,T1,7,3.3723133291516985,3.2579121589660645,3.900557960782732,3.9654133319854736,3.29209634235927,3.52881121635437,1.0287113030071646,1.0249447257051387,0.8603996991642223,0.821581778400149,-0.36154643783945783,0.054784244477103484,14.285714285714285,0.0
Cured_by_D2,T2,7,15.611083166939872,15.810877799987793,16.564887728009904,16.817527770996094,16.570215906415665,16.54996681213379,0.942785445592555,0.954668362518325,0.9424755503060346,0.9508747060003372,1.7260869459485713,0.6220167539181564,57.14285714285714,42.857142857142854
Cured_by_D2,T3,7,9.171089989798409,8.770021438598633,12.396637644086566,13.037343978881836,7.247802325657436,7.6142706871032715,1.2785269602779152,1.257452272864795,0.7374180826790887,0.73866088289322,0.38060543744723857,0.38717177878608783,28.57142857142857,0.0
Cured_by_D2,T4,7,10.569973809378487,10.089081764221191,16.9164673941476,18.186777114868164,8.605279922485352,9.066095352172852,1.2561729285540963,1.2125682744152861,0.6242016977291467,0.6166940594653456,0.23956345722485178,0.2939967493018713,0.0,0.0
Cured_by_D2,S0,7,6.740945407322475,6.641073703765869,13.70343930380685,15.43682861328125,4.607114246913365,4.7089314460754395,1.468337315404328,1.3883185873411634,0.5056667254219384,0.524042647052499,0.25219159811952135,0.2584523770621608,0.0,0.0
Cured_by_D2,Final_Head,7,0.7490057604653495,0.7683732509613037,0.9003792830875942,0.8904547691345215,0.16367034081901824,0.1278575360774994,5.436135973561593,6.375565276769811,0.8350355604841591,0.8424733711892429,0.7852552316356058,0.8184894825079723,100.0,71.42857142857143
