condition,k,type,mean_test_auc_pooled,std_test_auc_pooled,mean_test_auc_macro,std_test_auc_macro,mean_train_auc,std_train_auc,mean_train_test_gap,std_train_test_gap,boot_ci_lo,boot_ci_hi,boot_mean,boot_std
pca_32,32,pca,0.6642102763970149,0.04516976437365405,0.6446233400767715,0.09121266013965372,0.7354472361367538,0.024458263926105814,0.07123695973973901,0.0674761692215568,0.5657378601344752,0.6950254849250713,0.6326452849377726,0.03225623608312796
pca_64,64,pca,0.6870526833516651,0.05791049184354391,0.6606117465504721,0.09784415609133186,0.7818076313233278,0.01400142798064114,0.09475494797166269,0.06892803097290148,0.613121692139284,0.7355223952910684,0.6785424919351001,0.030470944827505172
pca_128,128,pca,0.6960845083441444,0.05437683625403138,0.6807023161116298,0.10056099480273611,0.8294046165768453,0.02342831359504461,0.1333201082327009,0.05246925891357992,0.636504541206349,0.7378723633919286,0.6903101686038882,0.02680756541803447
pca_192,192,pca,0.6943382839088514,0.060684383879999956,0.6854308019504098,0.08585631582712029,0.8735565030199528,0.00532446961914265,0.17921821911110133,0.06470361939875302,0.6391157096460608,0.7416565838854495,0.6919314920038089,0.02636544692003707
pca_256,256,pca,0.6959461708637938,0.053474743052724275,0.6800932928727046,0.0955167030648374,0.8690604674395808,0.02366170849837651,0.17311429657578675,0.03023346372951513,0.6443951079143453,0.7464293205132603,0.6950656419475044,0.0266846519260806
raw_288,288,raw,0.6969235530819118,0.054134850304740426,0.6796684562713975,0.09565848726757362,0.8714483578272445,0.024622437727225197,0.1745248047453326,0.029875660410278632,0.6452178935384971,0.7476389271876746,0.696632353335646,0.026816772010623
rand_32,32,rand,0.5872075084690883,0.07986722980521886,0.5922215867828614,0.10932732004126736,0.689499071193827,0.022387001513912437,0.10229156272473865,0.08429644509265301,0.5109019213344735,0.6282850179884695,0.5702516464825798,0.030833047972518984
rand_64,64,rand,0.6398254352405954,0.06176741070460237,0.6128201058201058,0.09287722332962303,0.763198318918595,0.026420239418295452,0.12337288367799974,0.060275932547088906,0.5740208946376025,0.6775212677372555,0.6278900312787875,0.02570757743208389
rand_128,128,rand,0.6825274878223132,0.06696671098414678,0.659330519244735,0.06740784738543096,0.8160131917360669,0.012554005692296775,0.13348570391375378,0.07775907100973437,0.620995972985348,0.7244881434355118,0.6763108114387181,0.026402368030581987
shuffle_null,32,null,0.5136084560071683,0.05978127914499546,0.521418313621745,0.09066979612545287,0.49495116166237896,0.08067687335323027,-0.018657294344789466,0.04518169243837338,0.45360211609919576,0.5591318022187778,0.5051004491570574,0.027930226915394336
