case_name,stratum,condition,has_base_bridge,pred_has_bridge,bridge_remains,bridge_cured,bridge_created,bridge_events,has_breakage,fragmented_gt_cc,spurious_islands,dice,precision,recall,area_excess,cldice,neck_prob_mean,neck_prob_median,neck_prob_p25,neck_prob_p75,neck_frac_ge50,neck_frac_ge75,neck_frac_ge90,s1_skip_norm_l2,s0_skip_norm_l2,s1_out_norm_l2,s0_out_norm_l2
20160222_080850_1281_721,Consensus_7of7,C0,1,1,1,0,0,1,0,0,0,0.7012,0.5545,0.9534,71.94,0.8884,0.9577,0.9834,0.9488,0.9909,1.0,1.0,0.8571,1.6758,1.6746,0.6931,0.572
20160222_165225_1921_721,Consensus_7of7,C0,1,1,1,0,0,1,0,0,0,0.6668,0.5171,0.9385,81.51,0.889,0.9362,0.9483,0.926,0.9562,1.0,1.0,0.8871,1.4994,1.7363,0.7378,0.6847
20160307_145059_1281_361,Consensus_7of7,C0,1,1,1,0,0,1,0,0,1,0.8437,0.747,0.9692,29.76,0.8574,0.8969,0.9501,0.8746,0.9582,1.0,0.907,0.6977,1.5964,1.7562,0.8219,0.8575
20160316_143527_1281_721,Consensus_7of7,C0,1,1,1,0,0,1,0,0,1,0.7538,0.7372,0.7712,4.61,0.8127,0.7993,0.8292,0.7105,0.9117,1.0,0.6939,0.3163,1.672,1.7521,0.6727,0.6882
20160321_185557_1921_361,Consensus_7of7,C0,1,1,1,0,0,1,0,0,0,0.7652,0.6351,0.9623,51.52,0.9515,0.9764,0.9906,0.9854,0.9927,1.0,1.0,0.94,1.6432,1.7381,0.7254,0.6684
20160324_170347_1281_1,Consensus_7of7,C0,1,1,1,0,0,1,0,0,0,0.8755,0.8912,0.8603,-3.47,0.9589,0.933,0.992,0.9649,0.9963,1.0,0.9118,0.7941,1.5336,1.6692,0.7578,0.6382
20160328_151244_1921_721,Consensus_7of7,C0,1,1,1,0,0,1,0,0,0,0.8898,0.853,0.93,9.02,0.9017,0.8899,0.9264,0.8566,0.9471,1.0,0.9091,0.6061,1.5731,1.617,0.8072,0.9553
20160328_153620_1_361,Consensus_7of7,C0,1,1,1,0,0,1,0,0,0,0.9322,0.906,0.9599,5.95,0.979,0.9513,0.9512,0.9405,0.9616,1.0,1.0,1.0,1.6039,1.7455,0.9128,1.0667
20160328_153620_641_721,Consensus_7of7,C0,1,1,1,0,0,1,0,0,0,0.8808,0.8701,0.8918,2.5,0.9311,0.9203,0.9627,0.9104,0.9814,1.0,0.9182,0.7818,1.5982,1.7601,0.8907,1.0155
20160330_172309_1281_721,Consensus_7of7,C0,1,1,1,0,0,1,0,0,0,0.8725,0.8442,0.9028,6.94,0.9661,0.9883,0.9884,0.9875,0.9895,1.0,1.0,1.0,1.5678,1.7173,0.8459,0.8991
20160222_115837_1281_361,Cured_by_D2,C0,1,1,1,0,0,1,0,0,0,0.7639,0.6309,0.9682,53.46,0.9303,0.764,0.7983,0.6958,0.8498,1.0,0.6667,0.0,1.5799,1.7552,0.7791,0.6216
20160307_145059_1281_721,Cured_by_D2,C0,1,1,1,0,0,1,0,0,0,0.7456,0.6037,0.9748,61.46,0.904,0.6253,0.6051,0.5893,0.6467,1.0,0.0364,0.0,1.5848,1.7941,0.6769,0.6715
20160316_143527_1921_361,Cured_by_D2,C0,1,1,1,0,0,1,0,0,2,0.714,0.5975,0.8868,48.41,0.8414,0.7676,0.7994,0.6815,0.8492,1.0,0.625,0.0781,1.6621,1.7708,0.7408,0.696
20160316_143547_1281_1081,Cured_by_D2,C0,1,1,1,0,0,1,0,0,0,0.8766,0.8528,0.9018,5.75,0.8837,0.8273,0.8825,0.8139,0.8968,1.0,0.7917,0.25,1.6562,1.7738,0.7504,0.6396
20160318_181632_1_361,Cured_by_D2,C0,1,1,1,0,0,1,0,0,0,0.9355,0.9308,0.9403,1.01,0.9265,0.7819,0.8244,0.7737,0.8409,1.0,0.7826,0.0,1.6236,1.7643,0.7364,0.6443
20160302_155857_1281_1,Created_by_D2,C0,0,0,0,0,0,0,1,1,0,0.6762,0.6058,0.7652,26.31,0.8517,,,,,,,,1.71,1.7068,0.636,0.5811
20160307_162438_1921_1081,Created_by_D2,C0,0,0,0,0,0,0,0,0,0,0.787,0.6682,0.9574,43.28,0.8321,,,,,,,,1.5558,1.6867,0.7049,0.677
20160321_185557_1281_721,Created_by_D2,C0,0,0,0,0,0,0,0,0,0,0.8847,0.9001,0.8697,-3.38,0.9242,,,,,,,,1.6577,1.7386,0.8458,0.8871
20160328_151244_1281_721,Created_by_D2,C0,0,0,0,0,0,0,0,0,0,0.8416,0.8399,0.8433,0.4,0.8848,,,,,,,,1.5693,1.6516,0.8389,1.0059
20160402_150314_1921_1,Created_by_D2,C0,0,0,0,0,0,0,0,0,0,0.8536,0.8154,0.8955,9.83,0.9655,,,,,,,,1.5542,1.7099,0.7541,0.7134
20160222_115224_641_721,Low_Consensus,C0,0,0,0,0,0,0,0,0,1,0.5624,0.7652,0.4445,-41.91,0.516,,,,,,,,1.662,1.7538,0.7227,0.6115
20160326_141808_1281_1,Low_Consensus,C0,0,0,0,0,0,0,0,0,3,0.0642,0.0658,0.0627,-4.71,0.0651,,,,,,,,1.6135,1.7677,0.6111,0.4958
20160328_152305_1921_361,Low_Consensus,C0,0,0,0,0,0,0,0,0,0,0.8281,0.7885,0.8719,10.57,0.7416,,,,,,,,1.6264,1.7446,0.7606,0.9282
20160328_153620_641_361,Low_Consensus,C0,0,0,0,0,0,0,0,0,0,0.874,0.8075,0.9526,17.97,0.921,,,,,,,,1.589,1.7402,0.8905,0.8617
IMG_2941_1297_969,Low_Consensus,C0,1,1,1,0,0,1,0,0,0,0.7867,0.6623,0.9685,46.22,0.9014,0.681,0.6481,0.5953,0.7644,1.0,0.274,0.0411,1.6717,1.7535,0.7276,0.6092
20160222_080850_1281_721,Consensus_7of7,C1_zero,1,0,0,1,0,0,1,1,0,0.4446,0.851,0.3009,-64.64,0.4307,0.0677,0.0645,0.0471,0.0883,0.0,0.0,0.0,1.6758,1.6746,1.5434,0.7056
20160222_165225_1921_721,Consensus_7of7,C1_zero,1,0,0,1,0,0,1,1,1,0.0381,0.9545,0.0194,-97.97,0.0508,0.0282,0.0296,0.0251,0.0319,0.0,0.0,0.0,1.4994,1.7363,1.7404,0.7895
20160307_145059_1281_361,Consensus_7of7,C1_zero,1,0,0,1,0,0,1,2,0,0.2823,0.9911,0.1646,-83.39,0.5723,0.0541,0.0559,0.049,0.0611,0.0,0.0,0.0,1.5964,1.7562,1.7426,0.8003
20160316_143527_1281_721,Consensus_7of7,C1_zero,1,0,0,1,0,0,1,2,0,0.4615,0.9093,0.3092,-65.99,0.5534,0.2592,0.2106,0.1044,0.3741,0.1327,0.017,0.0,1.672,1.7521,1.5869,0.7288
20160321_185557_1921_361,Consensus_7of7,C1_zero,1,1,1,0,0,1,0,0,0,0.7752,0.8422,0.7181,-14.73,0.8635,0.8472,0.9164,0.8875,0.9437,0.88,0.88,0.66,1.6432,1.7381,1.4886,0.6877
20160324_170347_1281_1,Consensus_7of7,C1_zero,1,0,0,1,0,0,1,1,0,0.2193,0.9906,0.1233,-87.55,0.4481,0.2378,0.2231,0.073,0.3617,0.0294,0.0,0.0,1.5336,1.6692,1.5548,0.713
20160328_151244_1921_721,Consensus_7of7,C1_zero,1,1,1,0,0,1,1,2,0,0.7949,0.9465,0.6852,-27.61,0.7449,0.6947,0.7792,0.5567,0.8463,0.8182,0.5758,0.0303,1.5731,1.617,1.4964,0.779
20160328_153620_1_361,Consensus_7of7,C1_zero,1,1,1,0,0,1,0,0,0,0.8278,0.9776,0.7178,-26.57,0.889,0.523,0.4998,0.4068,0.662,0.5,0.0455,0.0,1.6039,1.7455,1.5501,0.8254
20160328_153620_641_721,Consensus_7of7,C1_zero,1,1,1,0,0,2,1,1,0,0.7355,0.9697,0.5924,-38.91,0.7883,0.5786,0.6429,0.4073,0.7886,0.6545,0.3636,0.0,1.5982,1.7601,1.5646,0.8001
20160330_172309_1281_721,Consensus_7of7,C1_zero,1,1,1,0,0,1,1,2,0,0.7311,0.9335,0.6009,-35.63,0.8477,0.9482,0.9567,0.9432,0.9625,1.0,1.0,0.9452,1.5678,1.7173,1.6441,0.8322
20160222_115837_1281_361,Cured_by_D2,C1_zero,1,0,0,1,0,0,1,2,0,0.339,0.9452,0.2065,-78.15,0.4941,0.0292,0.0299,0.0226,0.0337,0.0,0.0,0.0,1.5799,1.7552,1.6035,0.7226
20160307_145059_1281_721,Cured_by_D2,C1_zero,1,0,0,1,0,0,1,1,0,0.0107,1.0,0.0054,-99.46,0.0089,0.0479,0.0475,0.0434,0.0539,0.0,0.0,0.0,1.5848,1.7941,1.6794,0.7515
20160316_143527_1921_361,Cured_by_D2,C1_zero,1,0,0,1,0,0,1,2,0,0.4862,0.9143,0.3311,-63.79,0.624,0.0398,0.0393,0.0339,0.0463,0.0,0.0,0.0,1.6621,1.7708,1.7123,0.7779
20160316_143547_1281_1081,Cured_by_D2,C1_zero,1,0,0,1,0,0,0,0,0,0.6436,1.0,0.4745,-52.55,0.7547,0.1616,0.1686,0.1315,0.197,0.0,0.0,0.0,1.6562,1.7738,1.5586,0.7088
20160318_181632_1_361,Cured_by_D2,C1_zero,1,0,0,1,0,0,0,0,0,0.7762,1.0,0.6342,-36.58,0.8339,0.153,0.1584,0.1396,0.1753,0.0,0.0,0.0,1.6236,1.7643,1.5336,0.7047
20160302_155857_1281_1,Created_by_D2,C1_zero,0,0,0,0,0,0,1,1,1,0.1998,0.7679,0.1148,-85.04,0.3269,,,,,,,,1.71,1.7068,1.4733,0.6521
20160307_162438_1921_1081,Created_by_D2,C1_zero,0,0,0,0,0,0,0,0,0,0.6083,0.9836,0.4403,-55.23,0.5918,,,,,,,,1.5558,1.6867,1.4105,0.6596
20160321_185557_1281_721,Created_by_D2,C1_zero,0,0,0,0,0,0,0,0,0,0.7382,0.9914,0.588,-40.69,0.8638,,,,,,,,1.6577,1.7386,1.6842,0.8269
20160328_151244_1281_721,Created_by_D2,C1_zero,0,0,0,0,0,0,1,2,0,0.6808,0.9187,0.5407,-41.14,0.7379,,,,,,,,1.5693,1.6516,1.4545,0.767
20160402_150314_1921_1,Created_by_D2,C1_zero,0,0,0,0,0,0,1,1,0,0.4917,0.9348,0.3335,-64.32,0.7236,,,,,,,,1.5542,1.7099,1.7421,0.8029
20160222_115224_641_721,Low_Consensus,C1_zero,0,0,0,0,0,0,1,1,0,0.2597,1.0,0.1492,-85.08,0.297,,,,,,,,1.662,1.7538,1.5526,0.7143
20160326_141808_1281_1,Low_Consensus,C1_zero,0,0,0,0,0,0,0,0,1,0.0,0.0,0.0,-92.22,0.0,,,,,,,,1.6135,1.7677,1.3095,0.5758
20160328_152305_1921_361,Low_Consensus,C1_zero,0,0,0,0,0,0,1,1,3,0.5728,0.8934,0.4215,-52.82,0.5867,,,,,,,,1.6264,1.7446,1.4608,0.7447
20160328_153620_641_361,Low_Consensus,C1_zero,0,0,0,0,0,0,0,0,0,0.7277,0.9489,0.5901,-37.82,0.786,,,,,,,,1.589,1.7402,1.7801,0.8446
IMG_2941_1297_969,Low_Consensus,C1_zero,1,0,0,1,0,0,1,1,1,0.292,0.9799,0.1716,-82.49,0.3144,0.0282,0.0146,0.0122,0.0541,0.0,0.0,0.0,1.6717,1.7535,1.5908,0.7166
20160222_080850_1281_721,Consensus_7of7,C2_zero,1,1,1,0,0,1,0,0,0,0.7173,0.5796,0.9407,62.31,0.8953,0.9528,0.9819,0.9488,0.9894,1.0,1.0,0.8571,1.6758,1.6746,0.6931,0.6554
20160222_165225_1921_721,Consensus_7of7,C2_zero,1,1,1,0,0,1,1,1,0,0.6923,0.5548,0.9205,65.91,0.8843,0.9224,0.9415,0.9073,0.955,1.0,0.9839,0.7742,1.4994,1.7363,0.7378,0.7633
20160307_145059_1281_361,Consensus_7of7,C2_zero,1,1,1,0,0,1,0,0,0,0.8628,0.7904,0.9497,20.15,0.875,0.8876,0.9488,0.8635,0.9619,0.9767,0.8605,0.6977,1.5964,1.7562,0.8219,0.9297
20160316_143527_1281_721,Consensus_7of7,C2_zero,1,1,1,0,0,1,0,0,0,0.7475,0.7745,0.7223,-6.74,0.8135,0.7507,0.7831,0.6286,0.8988,0.8912,0.5918,0.2449,1.672,1.7521,0.6727,0.759
20160321_185557_1921_361,Consensus_7of7,C2_zero,1,1,1,0,0,1,0,0,0,0.7855,0.6733,0.9425,39.98,0.9549,0.9695,0.9888,0.9806,0.9921,1.0,0.96,0.92,1.6432,1.7381,0.7254,0.7555
20160324_170347_1281_1,Consensus_7of7,C2_zero,1,1,1,0,0,1,0,0,0,0.8696,0.9199,0.8245,-10.38,0.9546,0.894,0.99,0.9455,0.9958,0.9118,0.8235,0.7941,1.5336,1.6692,0.7578,0.7252
20160328_151244_1921_721,Consensus_7of7,C2_zero,1,1,1,0,0,1,0,0,0,0.8892,0.8723,0.9068,3.95,0.8785,0.8485,0.895,0.7999,0.9256,0.9697,0.8182,0.4545,1.5731,1.617,0.8072,1.0333
20160328_153620_1_361,Consensus_7of7,C2_zero,1,1,1,0,0,1,0,0,0,0.9343,0.9296,0.939,1.01,0.978,0.9306,0.9304,0.9136,0.9439,1.0,1.0,0.9091,1.6039,1.7455,0.9128,1.1479
20160328_153620_641_721,Consensus_7of7,C2_zero,1,1,1,0,0,1,0,0,0,0.8818,0.8967,0.8675,-3.26,0.9256,0.9006,0.9574,0.8968,0.9783,0.9636,0.8727,0.7455,1.5982,1.7601,0.8907,1.1002
20160330_172309_1281_721,Consensus_7of7,C2_zero,1,1,1,0,0,1,0,0,0,0.868,0.8639,0.8721,0.95,0.9595,0.9888,0.9892,0.9879,0.99,1.0,1.0,1.0,1.5678,1.7173,0.8459,0.981
20160222_115837_1281_361,Cured_by_D2,C2_zero,1,1,1,0,0,1,0,0,0,0.7842,0.6678,0.9498,42.21,0.9327,0.7047,0.7566,0.6079,0.8303,0.8667,0.5111,0.0,1.5799,1.7552,0.7791,0.7087
20160307_145059_1281_721,Cured_by_D2,C2_zero,1,0,0,1,0,0,0,0,1,0.7877,0.6706,0.9544,42.32,0.9139,0.5189,0.4956,0.4384,0.5817,0.4545,0.0,0.0,1.5848,1.7941,0.6769,0.7356
20160316_143527_1921_361,Cured_by_D2,C2_zero,1,1,1,0,0,1,1,1,1,0.732,0.6454,0.8454,31.0,0.8363,0.7418,0.783,0.6329,0.8573,0.9219,0.5625,0.0312,1.6621,1.7708,0.7408,0.7673
20160316_143547_1281_1081,Cured_by_D2,C2_zero,1,1,1,0,0,1,0,0,0,0.8753,0.8743,0.8764,0.24,0.8787,0.753,0.8047,0.71,0.8555,0.9167,0.6667,0.0,1.6562,1.7738,0.7504,0.7275
20160318_181632_1_361,Cured_by_D2,C2_zero,1,1,1,0,0,1,0,0,0,0.9367,0.9491,0.9246,-2.57,0.9146,0.6883,0.7516,0.6734,0.7581,0.913,0.5217,0.0,1.6236,1.7643,0.7364,0.7294
20160302_155857_1281_1,Created_by_D2,C2_zero,0,0,0,0,0,0,1,1,1,0.6478,0.6321,0.6642,5.07,0.818,,,,,,,,1.71,1.7068,0.636,0.6737
20160307_162438_1921_1081,Created_by_D2,C2_zero,0,0,0,0,0,0,1,2,0,0.8002,0.7257,0.8917,22.87,0.7838,,,,,,,,1.5558,1.6867,0.7049,0.7662
20160321_185557_1281_721,Created_by_D2,C2_zero,0,0,0,0,0,0,0,0,0,0.88,0.9206,0.8428,-8.45,0.9165,,,,,,,,1.6577,1.7386,0.8458,0.9604
20160328_151244_1281_721,Created_by_D2,C2_zero,0,0,0,0,0,0,0,0,0,0.8395,0.8639,0.8165,-5.48,0.8685,,,,,,,,1.5693,1.6516,0.8389,1.0973
20160402_150314_1921_1,Created_by_D2,C2_zero,0,0,0,0,0,0,0,0,0,0.8505,0.8425,0.8587,1.92,0.9644,,,,,,,,1.5542,1.7099,0.7541,0.7899
20160222_115224_641_721,Low_Consensus,C2_zero,0,0,0,0,0,0,0,0,0,0.5611,0.8029,0.4312,-46.29,0.5198,,,,,,,,1.662,1.7538,0.7227,0.6993
20160326_141808_1281_1,Low_Consensus,C2_zero,0,0,0,0,0,0,0,0,4,0.0564,0.0734,0.0458,-37.67,0.0552,,,,,,,,1.6135,1.7677,0.6111,0.6006
20160328_152305_1921_361,Low_Consensus,C2_zero,0,0,0,0,0,0,0,0,0,0.826,0.8154,0.8368,2.64,0.7337,,,,,,,,1.6264,1.7446,0.7606,0.9975
20160328_153620_641_361,Low_Consensus,C2_zero,0,0,0,0,0,0,0,0,0,0.888,0.8498,0.9298,9.41,0.9248,,,,,,,,1.589,1.7402,0.8905,0.942
IMG_2941_1297_969,Low_Consensus,C2_zero,1,0,0,1,0,0,0,0,0,0.8094,0.7034,0.9531,35.49,0.919,0.5144,0.4721,0.4085,0.6282,0.4384,0.1233,0.0,1.6717,1.7535,0.7276,0.6928
20160222_080850_1281_721,Consensus_7of7,C3_zero,1,0,0,1,0,0,1,1,1,0.2183,0.9349,0.1236,-86.78,0.2355,0.031,0.0305,0.0223,0.041,0.0,0.0,0.0,1.6758,1.6746,1.5434,0.8392
20160222_165225_1921_721,Consensus_7of7,C3_zero,1,0,0,1,0,0,0,0,0,0.0003,1.0,0.0002,-99.98,0.0,0.0172,0.0182,0.0144,0.0204,0.0,0.0,0.0,1.4994,1.7363,1.7404,0.9475
20160307_145059_1281_361,Consensus_7of7,C3_zero,1,0,0,1,0,0,1,2,0,0.0303,0.952,0.0154,-98.38,0.0762,0.0277,0.0279,0.025,0.0325,0.0,0.0,0.0,1.5964,1.7562,1.7426,0.962
20160316_143527_1281_721,Consensus_7of7,C3_zero,1,0,0,1,0,0,1,1,1,0.2868,0.946,0.169,-82.13,0.3871,0.1425,0.0938,0.0581,0.1906,0.0204,0.0068,0.0,1.672,1.7521,1.5869,0.8906
20160321_185557_1921_361,Consensus_7of7,C3_zero,1,1,1,0,0,1,1,2,0,0.6619,0.8855,0.5285,-40.32,0.7808,0.6715,0.72,0.6279,0.8236,0.86,0.42,0.0,1.6432,1.7381,1.4886,0.83
20160324_170347_1281_1,Consensus_7of7,C3_zero,1,0,0,1,0,0,0,0,0,0.0533,1.0,0.0274,-97.26,0.1349,0.1099,0.0939,0.0401,0.1733,0.0,0.0,0.0,1.5336,1.6692,1.5548,0.8499
20160328_151244_1921_721,Consensus_7of7,C3_zero,1,0,0,1,0,0,1,3,0,0.693,0.9648,0.5407,-43.96,0.6141,0.4214,0.4604,0.2767,0.5379,0.3939,0.0,0.0,1.5731,1.617,1.4964,0.9279
20160328_153620_1_361,Consensus_7of7,C3_zero,1,0,0,1,0,0,1,1,0,0.7529,0.9897,0.6076,-38.61,0.8456,0.3204,0.2885,0.2236,0.4046,0.0909,0.0,0.0,1.6039,1.7455,1.5501,0.9807
20160328_153620_641_721,Consensus_7of7,C3_zero,1,1,1,0,0,1,1,1,0,0.5906,0.9798,0.4227,-56.86,0.6624,0.3573,0.3763,0.1753,0.5396,0.3182,0.0,0.0,1.5982,1.7601,1.5646,0.9592
20160330_172309_1281_721,Consensus_7of7,C3_zero,1,1,1,0,0,1,1,1,1,0.6626,0.9434,0.5106,-45.88,0.798,0.911,0.9312,0.9028,0.9418,1.0,0.9863,0.7671,1.5678,1.7173,1.6441,0.9895
20160222_115837_1281_361,Cured_by_D2,C3_zero,1,0,0,1,0,0,1,1,0,0.044,1.0,0.0225,-97.75,0.1272,0.0189,0.0184,0.0134,0.0246,0.0,0.0,0.0,1.5799,1.7552,1.6035,0.8594
20160307_145059_1281_721,Cured_by_D2,C3_zero,1,0,0,1,0,0,0,0,0,0.0,0.0,0.0,-100.0,0.0,0.0352,0.0329,0.0255,0.046,0.0,0.0,0.0,1.5848,1.7941,1.6794,0.9108
20160316_143527_1921_361,Cured_by_D2,C3_zero,1,0,0,1,0,0,1,1,0,0.2001,0.9521,0.1118,-88.25,0.3213,0.0244,0.0243,0.0201,0.0294,0.0,0.0,0.0,1.6621,1.7708,1.7123,0.9404
20160316_143547_1281_1081,Cured_by_D2,C3_zero,1,0,0,1,0,0,0,0,0,0.5104,1.0,0.3426,-65.74,0.664,0.106,0.1114,0.0845,0.1352,0.0,0.0,0.0,1.6562,1.7738,1.5586,0.8504
20160318_181632_1_361,Cured_by_D2,C3_zero,1,0,0,1,0,0,0,0,0,0.6336,1.0,0.4637,-53.63,0.8106,0.102,0.1061,0.0893,0.1218,0.0,0.0,0.0,1.6236,1.7643,1.5336,0.8446
20160302_155857_1281_1,Created_by_D2,C3_zero,0,0,0,0,0,0,1,1,1,0.039,0.5904,0.0202,-96.58,0.0707,,,,,,,,1.71,1.7068,1.4733,0.805
20160307_162438_1921_1081,Created_by_D2,C3_zero,0,0,0,0,0,0,1,1,0,0.4952,0.9997,0.3291,-67.08,0.4838,,,,,,,,1.5558,1.6867,1.4105,0.8022
20160321_185557_1281_721,Created_by_D2,C3_zero,0,0,0,0,0,0,1,1,0,0.6151,0.9977,0.4446,-55.43,0.8242,,,,,,,,1.6577,1.7386,1.6842,0.9826
20160328_151244_1281_721,Created_by_D2,C3_zero,0,0,0,0,0,0,1,3,0,0.5126,0.9443,0.3518,-62.75,0.5902,,,,,,,,1.5693,1.6516,1.4545,0.9234
20160402_150314_1921_1,Created_by_D2,C3_zero,0,0,0,0,0,0,1,1,0,0.3132,0.9457,0.1877,-80.15,0.4272,,,,,,,,1.5542,1.7099,1.7421,0.9628
20160222_115224_641_721,Low_Consensus,C3_zero,0,0,0,0,0,0,1,1,0,0.0924,1.0,0.0484,-95.16,0.1099,,,,,,,,1.662,1.7538,1.5526,0.8573
20160326_141808_1281_1,Low_Consensus,C3_zero,0,0,0,0,0,0,0,0,1,0.0,0.0,0.0,-99.98,0.0,,,,,,,,1.6135,1.7677,1.3095,0.7087
20160328_152305_1921_361,Low_Consensus,C3_zero,0,0,0,0,0,0,1,1,1,0.4318,0.9277,0.2814,-69.67,0.5115,,,,,,,,1.6264,1.7446,1.4608,0.896
20160328_153620_641_361,Low_Consensus,C3_zero,0,0,0,0,0,0,1,1,0,0.5476,0.9722,0.3811,-60.8,0.6673,,,,,,,,1.589,1.7402,1.7801,1.0019
IMG_2941_1297_969,Low_Consensus,C3_zero,1,0,0,1,0,0,1,1,0,0.1175,1.0,0.0624,-93.76,0.1117,0.0217,0.0085,0.0071,0.0448,0.0,0.0,0.0,1.6717,1.7535,1.5908,0.857
20160222_080850_1281_721,Consensus_7of7,C1_mean,1,1,1,0,0,1,0,0,0,0.7177,0.6037,0.885,46.61,0.8824,0.7887,0.8542,0.6995,0.9237,0.9524,0.619,0.4286,1.6758,1.6746,0.6712,0.5568
20160222_165225_1921_721,Consensus_7of7,C1_mean,1,1,1,0,0,1,1,1,0,0.7218,0.6155,0.8724,41.73,0.8671,0.8132,0.8477,0.7923,0.87,0.9839,0.8387,0.0,1.4994,1.7363,0.6869,0.6344
20160307_145059_1281_361,Consensus_7of7,C1_mean,1,1,1,0,0,1,0,0,0,0.8296,0.7803,0.8856,13.49,0.8243,0.7779,0.8394,0.7082,0.8812,0.9302,0.6977,0.0465,1.5964,1.7562,0.6898,0.6928
20160316_143527_1281_721,Consensus_7of7,C1_mean,1,1,1,0,0,1,0,0,0,0.7108,0.6893,0.7337,6.45,0.7834,0.8381,0.8675,0.8159,0.9161,0.9728,0.8639,0.3469,1.672,1.7521,0.5958,0.6407
20160321_185557_1921_361,Consensus_7of7,C1_mean,1,1,1,0,0,1,0,0,0,0.7808,0.669,0.9374,40.12,0.9565,0.9672,0.9804,0.9773,0.9829,1.0,1.0,0.94,1.6432,1.7381,0.6666,0.6199
20160324_170347_1281_1,Consensus_7of7,C1_mean,1,1,1,0,0,1,0,0,0,0.8198,0.8966,0.7552,-15.77,0.9396,0.8226,0.9583,0.7838,0.9747,0.8235,0.7647,0.6765,1.5336,1.6692,0.708,0.5865
20160328_151244_1921_721,Consensus_7of7,C1_mean,1,1,1,0,0,1,0,0,0,0.8806,0.8471,0.9168,8.23,0.8643,0.9306,0.9428,0.9183,0.9523,1.0,1.0,0.8182,1.5731,1.617,0.7157,0.8654
20160328_153620_1_361,Consensus_7of7,C1_mean,1,1,1,0,0,1,0,0,0,0.9201,0.9208,0.9195,-0.15,0.9693,0.9321,0.9325,0.9166,0.9451,1.0,1.0,0.9091,1.6039,1.7455,0.7583,0.8978
20160328_153620_641_721,Consensus_7of7,C1_mean,1,1,1,0,0,1,0,0,0,0.8586,0.8689,0.8486,-2.34,0.9082,0.9111,0.9486,0.9059,0.9664,1.0,0.9182,0.7636,1.5982,1.7601,0.7344,0.8477
20160330_172309_1281_721,Consensus_7of7,C1_mean,1,1,1,0,0,1,0,0,0,0.8582,0.8477,0.8689,2.5,0.9542,0.9831,0.9838,0.9817,0.9851,1.0,1.0,1.0,1.5678,1.7173,0.7409,0.7962
20160222_115837_1281_361,Cured_by_D2,C1_mean,1,1,1,0,0,1,0,0,0,0.7214,0.5961,0.9135,53.26,0.9057,0.9068,0.9158,0.8951,0.93,1.0,1.0,0.6444,1.5799,1.7552,0.7159,0.5822
20160307_145059_1281_721,Cured_by_D2,C1_mean,1,0,0,1,0,0,0,0,0,0.7287,0.6101,0.9047,48.29,0.8681,0.5447,0.5118,0.4765,0.5992,0.6,0.0182,0.0,1.5848,1.7941,0.6009,0.599
20160316_143527_1921_361,Cured_by_D2,C1_mean,1,1,1,0,0,1,1,1,0,0.6906,0.5875,0.8375,42.55,0.8463,0.6724,0.6979,0.6153,0.7452,0.9375,0.2188,0.0,1.6621,1.7708,0.6599,0.6457
20160316_143547_1281_1081,Cured_by_D2,C1_mean,1,0,0,1,0,0,0,0,0,0.8482,0.8829,0.8162,-7.56,0.86,0.5201,0.5467,0.4436,0.625,0.5833,0.0,0.0,1.6562,1.7738,0.7031,0.5923
20160318_181632_1_361,Cured_by_D2,C1_mean,1,1,1,0,0,1,1,1,0,0.9107,0.9799,0.8506,-13.19,0.8446,0.5651,0.5931,0.5119,0.6284,0.7826,0.0,0.0,1.6236,1.7643,0.6944,0.5987
20160302_155857_1281_1,Created_by_D2,C1_mean,0,0,0,0,0,0,0,0,0,0.6108,0.6425,0.582,-9.41,0.7825,,,,,,,,1.71,1.7068,0.5947,0.5416
20160307_162438_1921_1081,Created_by_D2,C1_mean,0,0,0,0,0,0,1,1,0,0.7886,0.6861,0.9271,35.13,0.763,,,,,,,,1.5558,1.6867,0.6479,0.6251
20160321_185557_1281_721,Created_by_D2,C1_mean,0,0,0,0,0,0,0,0,0,0.865,0.9087,0.8253,-9.18,0.9154,,,,,,,,1.6577,1.7386,0.7308,0.78
20160328_151244_1281_721,Created_by_D2,C1_mean,0,0,0,0,0,0,0,0,0,0.8283,0.8202,0.8364,1.97,0.8871,,,,,,,,1.5693,1.6516,0.7394,0.9046
20160402_150314_1921_1,Created_by_D2,C1_mean,0,0,0,0,0,0,0,0,0,0.8367,0.8219,0.8522,3.68,0.9602,,,,,,,,1.5542,1.7099,0.7028,0.6693
20160222_115224_641_721,Low_Consensus,C1_mean,0,0,0,0,0,0,0,0,0,0.5388,0.7527,0.4196,-44.26,0.5089,,,,,,,,1.662,1.7538,0.6823,0.5836
20160326_141808_1281_1,Low_Consensus,C1_mean,0,0,0,0,0,0,0,0,1,0.0703,0.0888,0.0582,-34.4,0.0823,,,,,,,,1.6135,1.7677,0.5992,0.4955
20160328_152305_1921_361,Low_Consensus,C1_mean,0,0,0,0,0,0,0,0,0,0.81,0.8158,0.8043,-1.4,0.7357,,,,,,,,1.6264,1.7446,0.6721,0.8197
20160328_153620_641_361,Low_Consensus,C1_mean,0,0,0,0,0,0,0,0,0,0.8484,0.8399,0.8571,2.04,0.8699,,,,,,,,1.589,1.7402,0.7904,0.7526
IMG_2941_1297_969,Low_Consensus,C1_mean,1,1,1,0,0,1,0,0,0,0.8091,0.7485,0.8803,17.61,0.8817,0.3859,0.3424,0.1971,0.6362,0.3151,0.0,0.0,1.6717,1.7535,0.6929,0.5698
20160222_080850_1281_721,Consensus_7of7,C2_mean,1,1,1,0,0,1,0,0,0,0.7034,0.5585,0.9498,70.06,0.8856,0.9497,0.9766,0.9407,0.986,1.0,1.0,0.8571,1.6758,1.6746,0.6931,0.5709
20160222_165225_1921_721,Consensus_7of7,C2_mean,1,1,1,0,0,1,0,0,0,0.6672,0.5173,0.9396,81.65,0.8921,0.9407,0.9525,0.9308,0.9615,1.0,1.0,0.9032,1.4994,1.7363,0.7378,0.6836
20160307_145059_1281_361,Consensus_7of7,C2_mean,1,1,1,0,0,1,0,0,0,0.8431,0.7473,0.9671,29.4,0.8515,0.9094,0.9521,0.8908,0.9624,1.0,0.907,0.7209,1.5964,1.7562,0.8219,0.8407
20160316_143527_1281_721,Consensus_7of7,C2_mean,1,1,1,0,0,1,0,0,0,0.7511,0.7403,0.7622,2.96,0.8184,0.791,0.8189,0.6948,0.9087,0.9864,0.6735,0.3027,1.672,1.7521,0.6727,0.6818
20160321_185557_1921_361,Consensus_7of7,C2_mean,1,1,1,0,0,1,0,0,0,0.7677,0.6394,0.9605,50.23,0.958,0.9775,0.989,0.982,0.9923,1.0,1.0,0.96,1.6432,1.7381,0.7254,0.6654
20160324_170347_1281_1,Consensus_7of7,C2_mean,1,1,1,0,0,1,0,0,0,0.8747,0.8939,0.8562,-4.22,0.9562,0.9275,0.9921,0.9636,0.9962,0.9706,0.8824,0.7941,1.5336,1.6692,0.7578,0.6362
20160328_151244_1921_721,Consensus_7of7,C2_mean,1,1,1,0,0,1,0,0,0,0.8897,0.8534,0.9293,8.9,0.9013,0.8932,0.9257,0.8685,0.9452,1.0,0.9091,0.6364,1.5731,1.617,0.8072,0.9507
20160328_153620_1_361,Consensus_7of7,C2_mean,1,1,1,0,0,1,0,0,0,0.9327,0.9091,0.9575,5.32,0.9791,0.939,0.9389,0.9258,0.9498,1.0,1.0,1.0,1.6039,1.7455,0.9128,1.0559
20160328_153620_641_721,Consensus_7of7,C2_mean,1,1,1,0,0,1,0,0,0,0.88,0.8721,0.888,1.82,0.9306,0.9209,0.9634,0.9161,0.9796,0.9909,0.9182,0.7727,1.5982,1.7601,0.8907,1.0053
20160330_172309_1281_721,Consensus_7of7,C2_mean,1,1,1,0,0,1,0,0,0,0.8714,0.8446,0.9,6.56,0.9678,0.9892,0.9896,0.9884,0.9901,1.0,1.0,1.0,1.5678,1.7173,0.8459,0.8981
20160222_115837_1281_361,Cured_by_D2,C2_mean,1,1,1,0,0,1,0,0,0,0.7578,0.623,0.9673,55.27,0.9328,0.819,0.8511,0.7596,0.8883,1.0,0.7778,0.1333,1.5799,1.7552,0.7791,0.6199
20160307_145059_1281_721,Cured_by_D2,C2_mean,1,1,1,0,0,1,0,0,0,0.7451,0.6033,0.9741,61.46,0.9011,0.6236,0.5887,0.5765,0.6584,1.0,0.0545,0.0,1.5848,1.7941,0.6769,0.6649
20160316_143527_1921_361,Cured_by_D2,C2_mean,1,1,1,0,0,1,0,0,2,0.7143,0.6018,0.8785,45.98,0.8465,0.7925,0.8191,0.7219,0.8747,1.0,0.6875,0.1094,1.6621,1.7708,0.7408,0.6908
20160316_143547_1281_1081,Cured_by_D2,C2_mean,1,1,1,0,0,1,0,0,0,0.8767,0.8543,0.9003,5.38,0.8862,0.8197,0.8674,0.7937,0.8915,0.9583,0.7917,0.25,1.6562,1.7738,0.7504,0.6369
20160318_181632_1_361,Cured_by_D2,C2_mean,1,1,1,0,0,1,0,0,0,0.9355,0.9373,0.9338,-0.37,0.9285,0.758,0.8186,0.7575,0.8188,1.0,0.7826,0.0,1.6236,1.7643,0.7364,0.6405
20160302_155857_1281_1,Created_by_D2,C2_mean,0,0,0,0,0,0,1,1,0,0.6683,0.601,0.7527,25.24,0.8492,,,,,,,,1.71,1.7068,0.636,0.5786
20160307_162438_1921_1081,Created_by_D2,C2_mean,0,1,0,0,1,1,0,0,0,0.7857,0.6611,0.968,46.42,0.8175,,,,,,,,1.5558,1.6867,0.7049,0.677
20160321_185557_1281_721,Created_by_D2,C2_mean,0,0,0,0,0,0,0,0,0,0.884,0.9027,0.866,-4.07,0.9228,,,,,,,,1.6577,1.7386,0.8458,0.8789
20160328_151244_1281_721,Created_by_D2,C2_mean,0,0,0,0,0,0,0,0,0,0.8413,0.8404,0.8421,0.2,0.8785,,,,,,,,1.5693,1.6516,0.8389,1.0003
20160402_150314_1921_1,Created_by_D2,C2_mean,0,0,0,0,0,0,0,0,0,0.8541,0.8178,0.8938,9.3,0.9632,,,,,,,,1.5542,1.7099,0.7541,0.7106
20160222_115224_641_721,Low_Consensus,C2_mean,0,0,0,0,0,0,0,0,1,0.5569,0.758,0.4402,-41.93,0.5071,,,,,,,,1.662,1.7538,0.7227,0.6096
20160326_141808_1281_1,Low_Consensus,C2_mean,0,0,0,0,0,0,0,0,3,0.0615,0.0657,0.0578,-12.04,0.0555,,,,,,,,1.6135,1.7677,0.6111,0.496
20160328_152305_1921_361,Low_Consensus,C2_mean,0,0,0,0,0,0,0,0,0,0.8255,0.79,0.8643,9.4,0.7412,,,,,,,,1.6264,1.7446,0.7606,0.9092
20160328_153620_641_361,Low_Consensus,C2_mean,0,0,0,0,0,0,0,0,0,0.8737,0.8102,0.948,17.01,0.922,,,,,,,,1.589,1.7402,0.8905,0.8554
IMG_2941_1297_969,Low_Consensus,C2_mean,1,1,1,0,0,1,0,0,0,0.7915,0.6721,0.9626,43.23,0.8999,0.6598,0.6301,0.5826,0.7437,0.8904,0.2329,0.0274,1.6717,1.7535,0.7276,0.6062
20160222_080850_1281_721,Consensus_7of7,C3_mean,1,1,1,0,0,1,0,0,0,0.7139,0.6064,0.8678,43.11,0.8748,0.75,0.8064,0.6545,0.8889,0.9524,0.5238,0.1905,1.6758,1.6746,0.6712,0.556
20160222_165225_1921_721,Consensus_7of7,C3_mean,1,1,1,0,0,1,1,1,0,0.7214,0.6157,0.8709,41.44,0.8702,0.8266,0.8651,0.8126,0.8814,0.9839,0.871,0.0,1.4994,1.7363,0.6869,0.6333
20160307_145059_1281_361,Consensus_7of7,C3_mean,1,1,1,0,0,1,0,0,0,0.8193,0.7772,0.8663,11.46,0.8377,0.8012,0.8559,0.7492,0.896,0.9535,0.7442,0.1628,1.5964,1.7562,0.6898,0.6806
20160316_143527_1281_721,Consensus_7of7,C3_mean,1,1,1,0,0,1,0,0,0,0.7025,0.6863,0.7194,4.83,0.7752,0.8278,0.8638,0.7974,0.9097,0.966,0.8299,0.3197,1.672,1.7521,0.5958,0.6356
20160321_185557_1921_361,Consensus_7of7,C3_mean,1,1,1,0,0,1,0,0,0,0.783,0.6745,0.9331,38.33,0.9619,0.9676,0.9786,0.9743,0.9806,1.0,1.0,0.94,1.6432,1.7381,0.6666,0.6175
20160324_170347_1281_1,Consensus_7of7,C3_mean,1,1,1,0,0,1,0,0,0,0.8159,0.8971,0.7482,-16.6,0.9398,0.8219,0.9558,0.7932,0.9731,0.8529,0.7647,0.6765,1.5336,1.6692,0.708,0.5851
20160328_151244_1921_721,Consensus_7of7,C3_mean,1,1,1,0,0,1,0,0,0,0.8803,0.8475,0.9158,8.06,0.866,0.9316,0.9418,0.9235,0.9499,1.0,1.0,0.9091,1.5731,1.617,0.7157,0.8612
20160328_153620_1_361,Consensus_7of7,C3_mean,1,1,1,0,0,1,0,0,0,0.9192,0.9244,0.914,-1.12,0.9658,0.9147,0.9151,0.8947,0.9317,1.0,1.0,0.6818,1.6039,1.7455,0.7583,0.888
20160328_153620_641_721,Consensus_7of7,C3_mean,1,1,1,0,0,1,0,0,0,0.8562,0.8714,0.8414,-3.44,0.9049,0.911,0.9502,0.9121,0.9647,1.0,0.9091,0.7818,1.5982,1.7601,0.7344,0.8387
20160330_172309_1281_721,Consensus_7of7,C3_mean,1,1,1,0,0,1,0,0,0,0.856,0.8471,0.8651,2.12,0.9571,0.9843,0.9848,0.983,0.986,1.0,1.0,1.0,1.5678,1.7173,0.7409,0.7954
20160222_115837_1281_361,Cured_by_D2,C3_mean,1,1,1,0,0,1,0,0,0,0.7106,0.5841,0.9071,55.3,0.898,0.931,0.939,0.92,0.9501,1.0,1.0,0.8444,1.5799,1.7552,0.7159,0.5812
20160307_145059_1281_721,Cured_by_D2,C3_mean,1,0,0,1,0,0,0,0,0,0.7177,0.6035,0.8853,46.7,0.8583,0.5446,0.509,0.4662,0.6194,0.5273,0.0545,0.0,1.5848,1.7941,0.6009,0.5948
20160316_143527_1921_361,Cured_by_D2,C3_mean,1,1,1,0,0,1,1,1,0,0.6811,0.5819,0.8211,41.11,0.8387,0.7034,0.7354,0.6419,0.7793,0.9688,0.4375,0.0,1.6621,1.7708,0.6599,0.6415
20160316_143547_1281_1081,Cured_by_D2,C3_mean,1,0,0,1,0,0,0,0,0,0.847,0.8874,0.81,-8.72,0.8565,0.501,0.5094,0.4284,0.6113,0.5417,0.0,0.0,1.6562,1.7738,0.7031,0.5903
20160318_181632_1_361,Cured_by_D2,C3_mean,1,0,0,1,0,0,0,0,0,0.9049,0.9883,0.8346,-15.56,0.839,0.5196,0.5288,0.4603,0.5945,0.5652,0.0,0.0,1.6236,1.7643,0.6944,0.5958
20160302_155857_1281_1,Created_by_D2,C3_mean,0,0,0,0,0,0,0,0,0,0.6023,0.641,0.5681,-11.38,0.7785,,,,,,,,1.71,1.7068,0.5947,0.5402
20160307_162438_1921_1081,Created_by_D2,C3_mean,0,0,0,0,0,0,1,1,0,0.7827,0.6749,0.9314,38.0,0.7512,,,,,,,,1.5558,1.6867,0.6479,0.6255
20160321_185557_1281_721,Created_by_D2,C3_mean,0,0,0,0,0,0,0,0,0,0.8628,0.9105,0.8199,-9.95,0.9161,,,,,,,,1.6577,1.7386,0.7308,0.7729
20160328_151244_1281_721,Created_by_D2,C3_mean,0,0,0,0,0,0,0,0,0,0.827,0.8204,0.8337,1.63,0.8844,,,,,,,,1.5693,1.6516,0.7394,0.8995
20160402_150314_1921_1,Created_by_D2,C3_mean,0,0,0,0,0,0,0,0,0,0.8336,0.8213,0.8463,3.05,0.959,,,,,,,,1.5542,1.7099,0.7028,0.667
20160222_115224_641_721,Low_Consensus,C3_mean,0,0,0,0,0,0,0,0,0,0.5322,0.7496,0.4125,-44.96,0.5039,,,,,,,,1.662,1.7538,0.6823,0.5821
20160326_141808_1281_1,Low_Consensus,C3_mean,0,0,0,0,0,0,0,0,1,0.0674,0.0878,0.0547,-37.71,0.0868,,,,,,,,1.6135,1.7677,0.5992,0.496
20160328_152305_1921_361,Low_Consensus,C3_mean,0,0,0,0,0,0,1,1,0,0.7908,0.8136,0.7693,-5.45,0.718,,,,,,,,1.6264,1.7446,0.6721,0.8023
20160328_153620_641_361,Low_Consensus,C3_mean,0,0,0,0,0,0,0,0,0,0.8448,0.8418,0.8478,0.71,0.8685,,,,,,,,1.589,1.7402,0.7904,0.7474
IMG_2941_1297_969,Low_Consensus,C3_mean,1,1,1,0,0,1,0,0,0,0.8031,0.7601,0.8511,11.97,0.8687,0.3735,0.3058,0.1732,0.6613,0.3151,0.0274,0.0,1.6717,1.7535,0.6929,0.5681
