cohort,subgroup,channel,median_I_neck,q25_I_neck,q75_I_neck,median_I_crack,q25_I_crack,q75_I_crack,median_delta_I,mean_delta_I,q25_delta_I,q75_delta_I,median_frac_pos_neck,median_frac_pos_crack,sample_coverage
Consensus_7of7,Consensus_Resistant,0,-0.6678653061389923,-0.8776357620954514,-0.4539644122123718,-0.7409733831882477,-0.8091190457344055,-0.6472402215003967,0.07030710577964783,0.10111940379549818,-0.14651642739772797,0.2742285132408142,0.0,0.04557645721065902,0.012195121951219513
Consensus_7of7,Consensus_Resistant,1,2.980232238769531e-07,0.0,0.3568364679813385,7.152557373046875e-07,2.384185791015625e-07,0.2889968305826187,-2.384185791015625e-07,0.07496008058873618,-0.09777288138866425,0.08195213973522186,0.625,0.6966648221741536,0.3780487804878049
Consensus_7of7,Consensus_Resistant,2,0.0,0.0,0.276289913803339,0.0,0.0,0.14891542866826057,0.0,0.037407345337248064,-0.01357627334073186,0.02992398291826248,0.07142857142857142,0.4513799935099315,0.2926829268292683
Consensus_7of7,Consensus_Resistant,3,-0.06086947023868561,-0.2959437072277069,0.0,-0.14911511540412903,-0.23409036174416542,0.0019852593541145325,2.9802322387695312e-08,-0.024185842947988975,-0.10703402012586594,0.05531091522425413,0.0,0.2800724684071034,0.2073170731707317
Consensus_7of7,Consensus_Resistant,4,-4.76837158203125e-07,-0.10263580083847046,0.0,-2.384185791015625e-07,-5.960464477539062e-07,0.0,-2.682209014892578e-07,-0.040937509660313766,-0.09441697597503662,7.227063179016113e-07,0.17424242424242425,0.4066656740123089,0.24390243902439024
Consensus_7of7,Consensus_Resistant,5,1.7881393432617188e-07,0.0,0.23098686337471008,4.76837158203125e-07,2.384185791015625e-07,0.12344735860824585,-2.384185791015625e-07,0.0807890913835386,-0.06558987498283386,0.1234680712223053,0.5,0.6267429809685321,0.4024390243902439
Consensus_7of7,Consensus_Resistant,6,-0.7557288110256195,-0.8775808662176132,-0.4204980358481407,-0.7827982902526855,-0.8479243069887161,-0.6717193126678467,0.028283894062042236,0.11301788378779482,-0.1155402660369873,0.30772072449326515,0.0,0.07323014064587098,0.036585365853658534
Consensus_7of7,Consensus_Resistant,7,0.0,0.0,0.01806739205494523,0.0,0.0,0.0,0.0,0.047421109953486335,-0.04945735912770033,0.01806739205494523,0.0,0.3456834424807871,0.2682926829268293
Consensus_7of7,Consensus_Resistant,8,-0.10295963287353516,-0.3653065264225006,0.0,-0.12707996368408203,-0.258043497800827,-0.030314385890960693,0.03284788131713867,-0.030068495651570763,-0.16846907138824463,0.1537809669971466,0.038461538461538464,0.32103645147123405,0.24390243902439024
Consensus_7of7,Consensus_Resistant,9,0.0,-0.19766496494412422,0.014676949009299278,-0.011285888496786356,-0.1165677085518837,0.0,0.0,-0.0033333193931001717,-0.13308123499155045,0.10724499262869358,0.0,0.31993006993006995,0.2073170731707317
Consensus_7of7,Consensus_Resistant,10,-1.1920928955078125e-07,-0.13828259706497192,1.1920928955078125e-07,-2.384185791015625e-07,-0.030105888843536377,0.0,0.0,0.004425538749229617,-0.05661344528198242,0.05251982808113098,0.0,0.36459039441640934,0.25609756097560976
Consensus_7of7,Consensus_Resistant,11,0.0,0.0,0.32098493725061417,0.0,0.0,0.20166144520044327,0.0,0.04763498239037467,-0.07628122810274363,0.0764679703861475,0.358974358974359,0.4657968558237391,0.3780487804878049
Consensus_7of7,Consensus_Resistant,12,2.384185791015625e-07,0.0,0.045130908489227295,4.76837158203125e-07,2.384185791015625e-07,0.12105312943458557,-2.384185791015625e-07,0.013868741872833996,-0.10237717628479004,0.010406315326690674,0.5192307692307692,0.5856616453247872,0.36585365853658536
Consensus_7of7,Consensus_Resistant,13,2.384185791015625e-07,0.0,0.1939488798379898,4.76837158203125e-07,2.384185791015625e-07,0.090482696890831,2.384185791015625e-07,0.042488550267568446,-0.025930315256118774,0.11088283360004425,0.5,0.6289558376542106,0.45121951219512196
Consensus_7of7,Consensus_Resistant,14,1.4901161193847656e-07,-1.1920928955078125e-07,0.11871440708637238,0.0,-1.1920928955078125e-07,3.5762786865234375e-07,2.086162567138672e-07,0.05988588056913236,-4.023313522338867e-07,0.07312564551830292,0.5,0.4974617994438917,0.47560975609756095
Consensus_7of7,Consensus_Resistant,15,2.980232238769531e-07,0.0,0.19172781705856323,7.152557373046875e-07,2.384185791015625e-07,0.1653425097465515,-1.7881393432617188e-07,0.052706993207698914,-0.017638832330703735,0.1437353491783142,0.5,0.6200476190476191,0.3902439024390244
Consensus_7of7,Consensus_Resistant,16,0.0,0.0,0.13144765049219131,0.0,0.0,0.0,0.0,0.11066920585112601,0.0,0.11171047762036324,0.25,0.3471840659340659,0.32926829268292684
Consensus_7of7,Consensus_Resistant,17,0.0,-0.09490181878209114,0.0,-0.0007013765862211585,-0.05448792688548565,0.0,0.0,0.0019726579453052226,-0.07030763663351536,0.021343066357076168,0.0,0.26395641941534165,0.10975609756097561
Consensus_7of7,Consensus_Resistant,18,-1.0486048460006714,-1.3978489637374878,-0.6936736702919006,-1.1108033061027527,-1.3502653241157532,-0.9712245762348175,0.05446478724479675,0.19292845813239493,-0.16304665803909302,0.48130929470062256,0.0,0.014903162757640368,0.036585365853658534
Consensus_7of7,Consensus_Resistant,19,0.0,-0.22518325597047806,0.2333182469010353,-0.05375244468450546,-0.15512311831116676,0.17403171956539154,-0.000803239643573761,-0.007690975135873731,-0.2149207517504692,0.20398199744522572,0.0905448717948718,0.3464511922503726,0.2804878048780488
Consensus_7of7,Consensus_Resistant,20,-0.5908718109130859,-0.8321335166692734,-0.16677948459982872,-0.6675921976566315,-0.7330918461084366,-0.5764934569597244,0.057277172803878784,0.11316793620949839,-0.13809698820114136,0.36761678382754326,0.0,0.03959546200925511,0.012195121951219513
Consensus_7of7,Consensus_Resistant,21,-0.2651901841163635,-0.5549536049365997,-0.007410526275634766,-0.30307066440582275,-0.47142595052719116,-0.14852535724639893,0.006882369518280029,-0.016355130730605707,-0.2507108747959137,0.20649611949920654,0.0,0.16675824175824178,0.036585365853658534
Consensus_7of7,Consensus_Resistant,22,2.384185791015625e-07,0.0,0.3547847643494606,4.76837158203125e-07,2.384185791015625e-07,0.10211686789989471,-1.7881393432617188e-07,0.12623064038230153,-8.940696716308594e-07,0.20474186539649963,0.5,0.6914515639234741,0.4024390243902439
Consensus_7of7,Consensus_Resistant,23,1.2665987014770508e-07,0.0,0.11231324449181557,3.5762786865234375e-07,1.1920928955078125e-07,0.05307425186038017,-5.960464477539063e-08,0.029457754841664942,-5.587935447692871e-07,0.062477100640535355,0.6035714285714285,0.6702898550724637,0.4268292682926829
Consensus_7of7,Consensus_Resistant,24,-0.03738224506378174,-0.21878868341445923,0.0,-0.030242562294006348,-0.11407625675201416,-2.384185791015625e-07,0.0,-0.04118299993073068,-0.15469616651535034,0.08570414781570435,0.0,0.30249480249480254,0.21951219512195122
Consensus_7of7,Consensus_Resistant,25,1.1920928955078125e-07,-2.086162567138672e-07,0.0017627179622650146,4.76837158203125e-07,0.0,9.5367431640625e-07,-5.960464477539063e-08,0.055461680743752455,-1.1324882507324219e-06,6.854534149169922e-07,0.5,0.5928614245875576,0.3170731707317073
Consensus_7of7,Consensus_Resistant,26,-0.03574906475841999,-0.2236114852130413,0.0,-0.12156810611486435,-0.17963382974267006,-0.04678449593484402,0.05233324319124222,0.050808766249158394,-0.07615447416901588,0.21320873871445656,0.16666666666666666,0.2926252319109462,0.24390243902439024
Consensus_7of7,Consensus_Resistant,27,0.10428886115550995,-1.341104507446289e-07,0.4424845576286316,0.09686523675918579,1.7881393432617188e-07,0.23771674185991287,1.4901161193847656e-07,0.04182736357537711,-0.18910155445337296,0.23655489087104797,0.5,0.6077220716177026,0.43902439024390244
Consensus_7of7,Consensus_Resistant,28,0.08085823059082031,0.0,0.5730669498443604,0.14402949810028076,7.450580596923828e-07,0.4190934896469116,-4.76837158203125e-07,0.08897656056939102,-0.21351084113121033,0.1788003146648407,0.75,0.7427596899224806,0.4024390243902439
Consensus_7of7,Consensus_Resistant,29,0.0,-0.005491293966770172,0.15505457296967506,2.086162567138672e-07,-5.960464477539063e-08,0.06979449093341827,-2.682209014892578e-07,-0.017976218243924584,-0.17518150806427002,0.023937523365020752,0.3708791208791209,0.5567632850241546,0.32926829268292684
Consensus_7of7,Consensus_Resistant,30,-1.3028553128242493,-1.6573499143123627,-0.91596519947052,-1.4081722497940063,-1.589223325252533,-1.3034281730651855,0.06853538751602173,0.22512961815043195,-0.15252771973609924,0.4608442187309265,0.0,0.0030804519259933273,0.012195121951219513
Consensus_7of7,Consensus_Resistant,31,3.5762786865234375e-07,0.0,0.3581079691648483,0.06323039531707764,2.384185791015625e-07,0.28109559416770935,-2.980232238769531e-07,0.04211545790114054,-0.11837001144886017,0.13110962510108948,0.6214285714285714,0.7081043956043955,0.35365853658536583
Consensus_7of7,Consensus_Resistant,32,-0.0016987649723887444,-0.1899980716407299,0.0,-0.005916747730225325,-0.11370845884084702,-3.045424818992615e-07,8.847564458847046e-09,-0.038731832892020666,-0.10494723170995712,0.006360955070704222,0.0,0.2889507588164647,0.15853658536585366
Consensus_7of7,Consensus_Resistant,33,0.0,-0.2840442433953285,0.0,-0.08921683207154274,-0.19349322468042374,0.0,0.0,0.06201491601731083,-0.12967503629624844,0.1896888017654419,0.0,0.18569805530144304,0.15853658536585366
Consensus_7of7,Consensus_Resistant,34,0.06484317779541016,0.0,0.3132186233997345,0.08189114928245544,4.76837158203125e-07,0.22892440855503082,0.002947568893432617,0.05877646585790122,-0.11786320060491562,0.2096555382013321,0.6666666666666666,0.7016086802507354,0.524390243902439
Consensus_7of7,Consensus_Resistant,35,-0.6510592997074127,-0.901471346616745,-0.21865233778953552,-0.7792520821094513,-0.8384052962064743,-0.7220252901315689,0.06396546959877014,0.19318095794538173,-0.07879981398582458,0.5023058354854584,0.0,0.10087456770417665,0.036585365853658534
Consensus_7of7,Consensus_Resistant,36,-0.20221401751041412,-0.42238699644804,-4.0978193283081055e-08,-0.2852353900671005,-0.35680944472551346,-6.966292858123779e-07,-1.2665987014770508e-07,-0.009209911611567183,-0.11924871616065502,0.10512911155819893,0.0,0.18383179877296124,0.0975609756097561
Consensus_7of7,Consensus_Resistant,37,5.960464477539063e-08,-8.195638656616211e-08,0.024357039481401443,2.384185791015625e-07,1.1920928955078125e-07,5.960464477539062e-07,-8.940696716308594e-08,0.028705691237275194,-6.854534149169922e-07,0.01942548155784607,0.5,0.616280353200883,0.3780487804878049
Consensus_7of7,Consensus_Resistant,38,0.0,-2.980232238769531e-07,0.20990433543920517,3.2782554626464844e-07,-5.960464477539063e-08,0.1332283616065979,-2.8312206268310547e-07,-0.026989613727825445,-0.13428757339715958,0.06896087527275085,0.5,0.5838214285714286,0.3170731707317073
Consensus_7of7,Consensus_Resistant,39,2.384185791015625e-07,0.0,0.31155773997306824,4.76837158203125e-07,2.384185791015625e-07,0.24039369821548462,-2.384185791015625e-07,0.06875785603755857,-0.029354140162467957,0.04936349391937256,0.5,0.6496335179080114,0.32926829268292684
Consensus_7of7,Consensus_Resistant,40,5.960464477539062e-07,0.0,0.3834415525197983,0.0026707500219345093,1.1920928955078125e-07,0.23948659747838974,-5.960464477539063e-08,0.05038398231674985,-0.02040833979845047,0.1640699803829193,0.8397435897435898,0.704571871367687,0.45121951219512196
Consensus_7of7,Consensus_Resistant,41,0.0,0.0,0.07546903192996979,0.0,0.0,0.0,0.0,0.07753325602261169,0.0,0.07546903192996979,0.0,0.3110775107432755,0.2926829268292683
Consensus_7of7,Consensus_Resistant,42,1.1920928955078125e-07,0.0,0.12643768265843391,2.2351741790771484e-07,5.960464477539063e-08,0.019857294857501984,0.0,0.037571718234841414,-4.209578037261963e-07,0.0831160917878151,0.6666666666666666,0.6139836984207845,0.45121951219512196
Consensus_7of7,Consensus_Resistant,43,3.5762786865234375e-07,0.0,0.2794216498732567,0.006407022476196289,1.7881393432617188e-07,0.20425740256905556,-1.341104507446289e-07,0.0339483462455796,-0.0788234993815422,0.13530465587973595,0.6666666666666666,0.694356615885791,0.4024390243902439
Consensus_7of7,Consensus_Resistant,44,1.2665987014770508e-07,-1.7136335372924805e-07,0.09798936545848846,3.129243850708008e-07,7.450580596923828e-08,0.09870204329490662,-3.501772880554199e-07,0.011543431841745609,-0.039633192121982574,0.0007916465401649475,0.5,0.6139516047382809,0.32926829268292684
Consensus_7of7,Consensus_Resistant,45,0.0,-0.06752372533082962,0.0,0.0,0.0,0.0,0.0,-0.05168582763517185,-0.06752372533082962,0.01228383556008339,0.0,0.30463511858272624,0.2073170731707317
Consensus_7of7,Consensus_Resistant,46,-0.8573037385940552,-1.0995393991470337,-0.4162510931491852,-0.9610925316810608,-1.0440853238105774,-0.8905351012945175,0.08929121494293213,0.22099596732182475,-0.09499860182404518,0.433535173535347,0.0,0.10224991635998662,0.06097560975609756
Consensus_7of7,Consensus_Resistant,47,0.03324497025460005,0.0,0.43755069375038147,0.0,0.0,0.1934768669307232,0.0,0.11500415122335232,-0.053253255784511566,0.2531124874949455,0.5,0.46683673469387754,0.4146341463414634
Consensus_7of7,Consensus_Resistant,48,-1.862645149230957e-08,-0.05704215727746487,0.04822609946131706,-7.450580596923828e-08,-2.3469328880310059e-07,5.21540641784668e-08,-4.842877388000488e-08,-0.05068580756281934,-0.08951710909605026,0.04507910832762718,0.3333333333333333,0.47066164777873953,0.34146341463414637
Consensus_7of7,Consensus_Resistant,49,-0.038239240646362305,-0.4707513451576233,0.0,-0.24052828550338745,-0.37889426946640015,-0.024447038769721985,1.2516975402832031e-06,0.04069130304383069,-0.12316301465034485,0.3068482130765915,0.0,0.19314727825366124,0.1951219512195122
Consensus_7of7,Consensus_Resistant,50,0.0,-5.066394805908203e-07,0.05034061148762703,5.960464477539063e-08,0.0,1.7881393432617188e-07,-5.960464477539063e-08,0.021935418248176575,-9.350478649139404e-07,0.015044823288917542,0.4330357142857143,0.5412885969664138,0.36585365853658536
Consensus_7of7,Consensus_Resistant,51,-0.23955775797367096,-0.38905761390924454,-2.384185791015625e-07,-0.2837531268596649,-0.3466331958770752,-0.11726111173629761,0.002497658133506775,-0.013584522030702451,-0.14261499047279358,0.1721927598118782,0.0,0.1600031605562579,0.06097560975609756
Consensus_7of7,Consensus_Resistant,52,0.1124906837940216,0.0,0.3697653189301491,0.15837281942367554,5.066394805908203e-07,0.3780825138092041,-3.2782554626464844e-07,0.00978044329619989,-0.13591651618480682,0.14856937527656555,0.8797619047619047,0.7742415885273028,0.43902439024390244
Consensus_7of7,Consensus_Resistant,53,0.0,-3.5762786865234375e-07,0.025393277406692505,1.1920928955078125e-07,2.9802322387695312e-08,0.075849249958992,-2.384185791015625e-07,0.04725699671884862,-0.07689402997493744,2.980232238769531e-07,0.5,0.5586388999601435,0.3048780487804878
Consensus_7of7,Consensus_Resistant,54,0.0,-5.662441253662109e-07,8.046627044677734e-07,1.1920928955078125e-07,-1.1920928955078125e-07,5.662441253662109e-07,-8.940696716308594e-08,-0.02195055092253336,-0.10216821730136871,8.344650268554688e-07,0.5,0.5265940084143335,0.35365853658536583
Consensus_7of7,Consensus_Resistant,55,1.1920928955078125e-07,0.0,0.05900363624095917,1.7881393432617188e-07,5.960464477539063e-08,3.241002559661865e-07,2.9802322387695312e-08,0.03678094504809961,-2.384185791015625e-07,0.04615802690386772,0.5714285714285714,0.570540450928382,0.4878048780487805
Consensus_7of7,Consensus_Resistant,56,-1.3783574104309082e-07,-0.08684267476201057,0.0,-1.564621925354004e-07,-2.2165477275848389e-07,-1.0523945093154907e-07,5.960464477539063e-08,-0.046040641189348405,-0.08684258908033371,2.728775143623352e-07,0.25,0.3992673992673993,0.21951219512195122
Consensus_7of7,Consensus_Resistant,57,-0.4080851078033447,-0.5593447834253311,-0.14616650342941284,-0.4430898576974869,-0.5337821245193481,-0.3769015893340111,0.0410575270652771,0.059711924277064274,-0.11374592036008835,0.28917867969721556,0.0,0.09800609432962373,0.012195121951219513
Consensus_7of7,Consensus_Resistant,58,2.980232238769531e-07,0.0,0.41032351553440094,0.027394533157348633,2.384185791015625e-07,0.3532770872116089,-1.1920928955078125e-07,0.04881793115197158,-0.06661763787269592,0.07349428534507751,0.7217261904761905,0.7667068244631847,0.35365853658536583
Consensus_7of7,Consensus_Resistant,59,-0.051379263401031494,-0.25382378697395325,0.0,-0.057951152324676514,-0.13526995480060577,-7.152557373046875e-07,2.384185791015625e-07,-0.03192805662387755,-0.19354300200939178,0.12602391839027405,0.2,0.33811914323962516,0.24390243902439024
Consensus_7of7,Consensus_Resistant,60,2.086162567138672e-07,0.0,0.17890724912285805,3.2782554626464844e-07,1.1920928955078125e-07,0.04583018273115158,1.043081283569336e-07,0.056555545911556336,-0.01570439338684082,0.17374513298273087,0.5,0.5725523453035443,0.47560975609756095
Consensus_7of7,Consensus_Resistant,61,0.05771270766854286,0.0,0.4219779297709465,0.12018365412950516,0.0,0.26215918362140656,0.0,0.10837518834088725,-0.12211406975984573,0.2727745398879051,0.5,0.5474581724581724,0.3902439024390244
Consensus_7of7,Consensus_Resistant,62,-0.23792515695095062,-0.3653402328491211,-0.004502996802330017,-0.21453875303268433,-0.2679799720644951,-0.1765105426311493,-0.01078706979751587,-0.017541481227409547,-0.1426970660686493,0.12624623998999596,0.0,0.162382599212186,0.024390243902439025
Consensus_7of7,Consensus_Resistant,63,0.0,-0.02961234748363495,0.08625020831823349,5.960464477539063e-08,-7.327646017074585e-05,2.980232238769531e-07,-1.4901161193847656e-08,0.0339586780202098,-0.02961254119873047,0.1478365808725357,0.3333333333333333,0.50506122852064,0.3170731707317073
Consensus_7of7,Consensus_Resistant,64,-2.0116567611694336e-07,-0.13125139474868774,0.0,-3.0919909477233887e-07,-0.023716188967227936,-1.1920928955078125e-07,4.0978193283081055e-08,-0.04611625767699102,-0.1043423842638731,7.599592208862305e-07,0.07142857142857142,0.3376799670917318,0.24390243902439024
Consensus_7of7,Consensus_Resistant,65,0.3148551285266876,0.0,0.6589537113904953,0.376320943236351,0.22122988104820251,0.577254518866539,-5.364418029785156e-07,-0.04944609250964188,-0.2656564861536026,0.19584207236766815,0.75,0.7657066840926063,0.47560975609756095
Consensus_7of7,Consensus_Resistant,66,0.0,0.0,0.34296914935112,0.0,0.0,0.025405045598745346,0.0,0.1946065988300777,0.0,0.2525926250964403,0.2583333333333333,0.46018339768339767,0.35365853658536583
Consensus_7of7,Consensus_Resistant,67,-0.006311105564236641,-0.23429837822914124,0.0,-0.04159785434603691,-0.13769617676734924,0.0,0.0,-0.09088420136632942,-0.19215374439954758,0.04568262677639723,0.0,0.09572724208720165,0.08536585365853659
Consensus_7of7,Consensus_Resistant,68,0.0,-0.04461885988712311,0.06958191096782684,-5.066394805908203e-07,-0.07381008565425873,0.0,1.7881393432617188e-07,0.03342926538572079,-0.06906451284885406,0.10280536115169525,0.3333333333333333,0.38490237532645194,0.32926829268292684
Consensus_7of7,Consensus_Resistant,69,0.10682809352874756,2.384185791015625e-07,0.5295191407203674,0.28992897272109985,0.0916089117527008,0.6399358510971069,-0.09179383516311646,-0.09071675379101823,-0.3095850199460983,0.17470580339431763,0.8660714285714286,0.7798340358271865,0.36585365853658536
Consensus_7of7,Consensus_Resistant,70,2.384185791015625e-07,0.0,0.23887106776237488,5.960464477539062e-07,2.384185791015625e-07,0.22282956540584564,-1.1920928955078125e-07,0.03168895386341142,-0.02175777405500412,0.10255999118089676,0.5773809523809523,0.6989496824621397,0.4146341463414634
Consensus_7of7,Consensus_Resistant,71,0.05843907594680786,0.0,0.35635870695114136,0.13909900188446045,4.76837158203125e-07,0.3526386022567749,-2.384185791015625e-07,0.016401887666888354,-0.1120380163192749,0.10372364521026611,0.6666666666666666,0.6912242686890574,0.3780487804878049
Consensus_7of7,Consensus_Resistant,72,-0.20874062925577164,-0.4904187098145485,0.0,-0.3493305593729019,-0.43869704008102417,-0.2040024921298027,0.06332089006900787,0.10516930635019046,-0.0790204368531704,0.28350716829299927,0.0,0.3119877049180328,0.18292682926829268
Consensus_7of7,Consensus_Resistant,73,-2.384185791015625e-07,-0.25599807500839233,1.6391277313232422e-07,-3.5762786865234375e-07,-0.020159095525741577,0.0,0.0,-0.02080090234919292,-0.124333456158638,0.062347739934921265,0.2,0.39669274537695587,0.2804878048780488
Consensus_7of7,Consensus_Resistant,74,0.0,-0.129170510917902,0.1838764101266861,0.0,-0.09296746924519539,0.0,0.0,0.048493406919921496,-0.1230703592300415,0.22945339232683182,0.19791666666666666,0.3702280044680991,0.3170731707317073
Consensus_7of7,Consensus_Resistant,75,0.045431410893797874,0.0,0.42015597224235535,0.0,0.0,0.00452791340649128,0.0,0.18012876609885475,-0.01996603445149958,0.40007752925157547,0.5,0.4678466076696165,0.4878048780487805
Consensus_7of7,Consensus_Resistant,76,0.0,0.0,0.17285103350877762,0.0,-0.006942885462194681,0.14353413693606853,0.0,0.005445930306095539,-0.10525299794971943,0.09934163466095924,0.3,0.40815456706414155,0.32926829268292684
Consensus_7of7,Consensus_Resistant,77,0.0075342655181884766,0.0,0.37181688845157623,0.13076233863830566,3.725290298461914e-07,0.25901925563812256,-3.5762786865234375e-07,0.04679728790027339,-0.11786998808383942,0.16904422640800476,0.6854395604395604,0.7043411767862413,0.3902439024390244
Consensus_7of7,Consensus_Resistant,78,0.0,-0.06482565309852362,0.0,0.0,-0.06049719639122486,0.0,0.0,0.027295159325060412,-0.011846624314785004,0.06617137789726257,0.0,0.19841578174911506,0.17073170731707318
Consensus_7of7,Consensus_Resistant,79,-0.2892060875892639,-0.5516940504312515,0.0,-0.3348795175552368,-0.41493676602840424,-0.21692699193954468,0.02383670210838318,-0.008894129020230072,-0.253667376935482,0.24597878754138947,0.0,0.16016991504247874,0.10975609756097561
Consensus_7of7,Consensus_Resistant,80,3.129243850708008e-07,0.0,0.41297953575849533,0.03391040861606598,1.7881393432617188e-07,0.2596217542886734,-4.470348358154297e-08,0.061441486565078175,-0.07303013652563095,0.1535925269126892,0.5916666666666667,0.7159899574354882,0.45121951219512196
Consensus_7of7,Consensus_Resistant,81,5.960464477539063e-08,-1.1920928955078125e-06,0.2485823631286621,7.152557373046875e-07,0.0,0.11801987886428833,-6.556510925292969e-07,-0.027303288622600275,-0.1348368525505066,0.12044212222099304,0.5,0.5534534534534534,0.35365853658536583
Consensus_7of7,Consensus_Resistant,82,0.30884601175785065,2.682209014892578e-07,0.6439951211214066,0.41087834537029266,0.2307513877749443,0.5875692218542099,-0.05991595983505249,-0.04619406926922682,-0.286114901304245,0.23183506727218628,1.0,0.782257062638209,0.4146341463414634
Consensus_7of7,Consensus_Resistant,83,-3.5762786865234375e-07,-0.18531936407089233,0.0,-0.026204049587249756,-0.13318824768066406,-2.384185791015625e-07,3.5762786865234375e-07,-0.04047260706017657,-0.15981611609458923,0.11033210158348083,0.20833333333333331,0.34843597262952103,0.23170731707317074
Consensus_7of7,Consensus_Resistant,84,-8.940696716308594e-08,-0.23200714588165283,0.3264133557677269,-0.10771200060844421,-0.2526596337556839,0.4514705315232277,0.020027071237564087,-0.03792230221556454,-0.2834118753671646,0.24400176852941513,0.3205128205128205,0.41018117330022064,0.2804878048780488
Consensus_7of7,Consensus_Resistant,85,0.0,-0.059837790206074715,0.0,-0.008753705769777298,-0.044908435083925724,0.0,0.0,-0.03901491486027314,-0.030241689644753933,0.024931112304329872,0.0,0.11552210950542688,0.036585365853658534
Consensus_7of7,Consensus_Resistant,86,3.5762786865234375e-07,0.0,0.26950162649154663,5.960464477539062e-07,2.384185791015625e-07,0.1830475926399231,-2.384185791015625e-07,0.05444825931293208,-0.028623998165130615,0.16054201126098633,0.6666666666666666,0.7084760086843753,0.32926829268292684
Consensus_7of7,Consensus_Resistant,87,0.0,0.0,0.1118333674967289,0.0,0.0,0.0,0.0,0.02221665782967537,-0.025003232061862946,0.08595444075763226,0.25,0.375,0.3048780487804878
Consensus_7of7,Consensus_Resistant,88,0.0,-2.086162567138672e-07,0.18971246480941772,2.384185791015625e-07,0.0,9.5367431640625e-07,2.384185791015625e-07,0.06345181930355909,-8.940696716308594e-07,0.1606024205684662,0.5,0.5158856044220139,0.43902439024390244
Consensus_7of7,Consensus_Resistant,89,0.0,0.0,0.07827185466885567,0.0,0.0,0.03246816527098417,0.0,-0.010197168068460575,-0.022462397813796997,0.02513384446501732,0.25,0.3988876440460947,0.2926829268292683
Consensus_7of7,Consensus_Resistant,90,1.4901161193847656e-07,0.0,0.41062912344932556,3.5762786865234375e-07,1.1920928955078125e-07,0.19846181571483612,1.1920928955078125e-07,0.09216717467075441,-6.854534149169922e-07,0.21739095449447632,0.5773809523809523,0.6287523713871219,0.47560975609756095
Consensus_7of7,Consensus_Resistant,91,8.940696716308594e-08,0.0,0.1374853476881981,2.980232238769531e-07,5.960464477539063e-08,0.06761972978711128,-2.9802322387695312e-08,0.03663521060129491,-0.03485104441642761,0.07028518244624138,0.5916666666666667,0.6705790760012614,0.4146341463414634
Consensus_7of7,Consensus_Resistant,92,-0.4834541082382202,-0.6827176958322525,-1.1920928955078125e-07,-0.5778079032897949,-0.6572170108556747,-0.42862706631422043,0.11442968249320984,0.10813245036434836,-0.14932651817798615,0.36723487451672554,0.0,0.0914004914004914,0.08536585365853659
Consensus_7of7,Consensus_Resistant,93,1.7881393432617188e-07,0.0,0.27191342413425446,3.5762786865234375e-07,1.1920928955078125e-07,0.18540626764297485,-1.1920928955078125e-07,0.05869238442037164,-0.04368852823972702,0.19458308815956116,0.5227272727272727,0.6486393571441935,0.4268292682926829
Consensus_7of7,Consensus_Resistant,94,3.5762786865234375e-07,0.0,0.3713368922472,0.019383877515792847,2.384185791015625e-07,0.3591408282518387,-2.086162567138672e-07,0.02133510170913324,-0.10055199265480042,0.1049683541059494,0.6076923076923078,0.6830844504779683,0.36585365853658536
Consensus_7of7,Consensus_Resistant,95,-0.20017409324645996,-0.4467315673828125,0.0,-0.2905651330947876,-0.5040443539619446,-0.028643518686294556,1.0132789611816406e-06,0.06706450843229526,-0.12751197814941406,0.2875611484050751,0.0,0.22240407346790325,0.15853658536585366
Consensus_7of7,Consensus_Sensitive,0,-0.6353286504745483,-0.7073971629142761,-0.34380629658699036,-0.6760668754577637,-0.7504502534866333,-0.6044623851776123,0.08900916576385498,0.13411894126942284,-0.06794196367263794,0.2888588607311249,0.0,0.0427807486631016,0.0
Consensus_7of7,Consensus_Sensitive,1,0.12003272771835327,0.0,0.63826984167099,0.18866920471191406,7.748603820800781e-07,0.2826747000217438,0.03862476348876953,0.16507444883647718,-0.1739451289176941,0.46056199073791504,0.8888888888888888,0.7684346701164295,0.5263157894736842
Consensus_7of7,Consensus_Sensitive,2,0.0,0.0,0.13086866587400436,0.07200843095779419,0.0,0.2983527183532715,0.0,-0.08476032341193211,-0.2825327664613724,0.13086866587400436,0.3333333333333333,0.5256975036710719,0.3157894736842105
Consensus_7of7,Consensus_Sensitive,3,-0.041627123951911926,-0.38903146982192993,0.011606894433498383,-0.13529559969902039,-0.3074498176574707,-0.0031319037079811096,-0.02321445941925049,-0.062168379755396595,-0.1893937587738037,0.014739222824573517,0.0,0.3203559510567297,0.21052631578947367
Consensus_7of7,Consensus_Sensitive,4,-2.384185791015625e-07,-0.02136404812335968,0.03248432278633118,-2.384185791015625e-07,-3.8743019104003906e-07,-1.4901161193847656e-07,5.960464477539063e-08,0.046174857177232444,-0.01900327205657959,0.03784312307834625,0.3333333333333333,0.40641711229946526,0.3157894736842105
Consensus_7of7,Consensus_Sensitive,5,4.76837158203125e-07,-1.7881393432617188e-07,0.31476396322250366,4.76837158203125e-07,2.384185791015625e-07,0.07866352796554565,-2.384185791015625e-07,0.10142481640765541,-0.04979985952377319,0.21611803770065308,0.5,0.6218020022246941,0.3684210526315789
Consensus_7of7,Consensus_Sensitive,6,-0.6217451691627502,-0.7011021375656128,-0.24927054345607758,-0.7520849704742432,-0.8033415973186493,-0.6673996448516846,0.11040973663330078,0.2600858933047244,-0.03739333152770996,0.5226434022188187,0.0,0.06417112299465241,0.05263157894736842
Consensus_7of7,Consensus_Sensitive,7,0.0,0.0,0.230819970369339,0.0,0.0,0.0,0.0,0.1126649801276232,0.0,0.21019533090293407,0.3333333333333333,0.38636363636363635,0.42105263157894735
Consensus_7of7,Consensus_Sensitive,8,-0.3141556978225708,-0.5574721693992615,-0.13268804550170898,-0.24478745460510254,-0.2972373962402344,-0.06463325023651123,-0.12436199188232422,-0.17395251675655968,-0.38869011402130127,0.04184448719024658,0.0,0.2694610778443114,0.0
Consensus_7of7,Consensus_Sensitive,9,0.0,-0.0708741694688797,0.3514604866504669,0.0,-0.10797009244561195,0.07924960553646088,0.006056107580661774,0.07498163925973993,-0.1707326751202345,0.2876741886138916,0.3333333333333333,0.4057971014492754,0.3684210526315789
Consensus_7of7,Consensus_Sensitive,10,0.0,-3.5762786865234375e-07,0.1910872459411621,0.0,-2.384185791015625e-07,3.921985626220703e-05,-4.76837158203125e-07,0.06843061823593943,-0.0730695128440857,0.2390652894973755,0.3333333333333333,0.47305389221556887,0.3157894736842105
Consensus_7of7,Consensus_Sensitive,11,0.18312695622444153,0.0,0.29187169671058655,0.0,0.0,0.16855482012033463,0.02392604947090149,0.16312630768669278,-0.02809394896030426,0.28927794098854065,0.5,0.49700598802395207,0.5263157894736842
Consensus_7of7,Consensus_Sensitive,12,2.384185791015625e-07,-1.7881393432617188e-07,0.15386325120925903,0.04810595512390137,2.384185791015625e-07,0.10887950658798218,-2.384185791015625e-07,0.04562934762553165,-0.10887938737869263,0.15269070863723755,0.5,0.6136363636363636,0.3157894736842105
Consensus_7of7,Consensus_Sensitive,13,0.04122352600097656,2.384185791015625e-07,0.37781938910484314,0.16099023818969727,0.016876220703125,0.19635498523712158,-4.76837158203125e-07,0.05752524890397724,-0.07987445592880249,0.1765519082546234,0.6923076923076923,0.6893939393939394,0.42105263157894735
Consensus_7of7,Consensus_Sensitive,14,1.1920928955078125e-07,-0.014202773571014404,0.13930988311767578,2.384185791015625e-07,5.960464477539063e-08,0.1275361180305481,-2.384185791015625e-07,-0.0041663552585401034,-0.05043789744377136,0.004268616437911987,0.5,0.5555555555555556,0.3157894736842105
Consensus_7of7,Consensus_Sensitive,15,2.384185791015625e-07,-5.960464477539063e-08,0.15939092636108398,0.05931973457336426,2.980232238769531e-07,0.2909872531890869,-8.344650268554688e-07,-0.002305150032043457,-0.1496402621269226,5.960464477539062e-07,0.5555555555555556,0.6590909090909091,0.3157894736842105
Consensus_7of7,Consensus_Sensitive,16,0.09185033291578293,0.0,0.34230123460292816,0.0,0.0,0.07122859731316566,0.01204189658164978,0.11397089358223111,-0.029680456966161728,0.2884313464164734,0.5,0.47980997624703087,0.5789473684210527
Consensus_7of7,Consensus_Sensitive,17,0.0,-0.055645901709795,0.0,0.0,-0.043514905497431755,0.0,0.0,0.10318868239655306,-0.023157630115747452,0.03476126492023468,0.0,0.2692307692307692,0.21052631578947367
Consensus_7of7,Consensus_Sensitive,18,-0.7131401300430298,-1.0361288189888,-0.4994785189628601,-1.023574709892273,-1.2127887606620789,-0.8437198400497437,0.27451038360595703,0.3617483189231471,0.07242539525032043,0.5654280185699463,0.0,0.027777777777777776,0.0
Consensus_7of7,Consensus_Sensitive,19,-0.036043256521224976,-0.35317036509513855,0.1852698177099228,-0.1289089322090149,-0.203437902033329,0.023240728303790092,-0.099598228931427,0.03057358629609409,-0.23698007315397263,0.3937857374548912,0.0,0.34782608695652173,0.2631578947368421
Consensus_7of7,Consensus_Sensitive,20,-0.3355732262134552,-0.7521800994873047,-0.15787126496434212,-0.6180553436279297,-0.7469970881938934,-0.5134223103523254,0.2214944064617157,0.17803695562638736,-0.14817962050437927,0.49046169221401215,0.0,0.08,0.05263157894736842
Consensus_7of7,Consensus_Sensitive,21,-0.29262351989746094,-0.5583032369613647,-0.016680359840393066,-0.24928927421569824,-0.4550468921661377,-0.15716183185577393,-0.012279629707336426,-0.04316973686218262,-0.17370641231536865,0.1512325406074524,0.0,0.20863309352517986,0.05263157894736842
Consensus_7of7,Consensus_Sensitive,22,0.18697094917297363,0.0,0.4898945093154907,7.152557373046875e-07,4.172325134277344e-07,0.02565893530845642,0.18697071075439453,0.23917333546437716,-4.76837158203125e-07,0.48394277691841125,0.8888888888888888,0.7063403781979978,0.631578947368421
Consensus_7of7,Consensus_Sensitive,23,2.8312206268310547e-07,-7.450580596923828e-08,0.16601839661598206,2.980232238769531e-07,1.4901161193847656e-07,0.02152647078037262,-1.1920928955078125e-07,-0.001749908845675619,-0.021526247262954712,0.12168004363775253,0.75,0.6538461538461539,0.47368421052631576
Consensus_7of7,Consensus_Sensitive,24,-0.13816571235656738,-0.31986916065216064,0.0,-0.045621395111083984,-0.12112975120544434,-2.384185791015625e-07,-0.09171044826507568,-0.13851574220155416,-0.18949854373931885,0.03175324201583862,0.0,0.3055555555555556,0.21052631578947367
Consensus_7of7,Consensus_Sensitive,25,0.0,-5.960464477539062e-07,5.960464477539062e-07,7.152557373046875e-07,2.384185791015625e-07,0.1024387776851654,-9.5367431640625e-07,-0.046039424444499766,-0.1409395933151245,-2.384185791015625e-07,0.3333333333333333,0.6684491978609626,0.21052631578947367
Consensus_7of7,Consensus_Sensitive,26,-0.011866509914398193,-0.2038966789841652,0.0,-0.1447242796421051,-0.20054663717746735,-0.06970260292291641,0.028599245473742485,0.021832697142503764,-0.09117297828197479,0.15811068564653397,0.16666666666666666,0.32085561497326204,0.10526315789473684
Consensus_7of7,Consensus_Sensitive,27,-0.01958271861076355,-0.09147495031356812,0.009505271911621094,1.1920928955078125e-07,-0.001280665397644043,0.0545111745595932,-0.019582897424697876,0.010844927085073371,-0.05572924017906189,0.012167185544967651,0.2222222222222222,0.5060240963855421,0.21052631578947367
Consensus_7of7,Consensus_Sensitive,28,0.05832171440124512,0.0,0.4131401777267456,0.07020437717437744,7.152557373046875e-07,0.1282283067703247,0.0,0.09019342221711811,-0.06518912315368652,0.32298821210861206,0.6666666666666666,0.72,0.47368421052631576
Consensus_7of7,Consensus_Sensitive,29,5.960464477539063e-08,-0.021626710891723633,0.5479239821434021,0.015729427337646484,-7.450580596923828e-08,0.11696764826774597,-0.04325294494628906,0.054506041501697744,-0.2329365611076355,0.4610733687877655,0.5,0.5683453237410072,0.3157894736842105
Consensus_7of7,Consensus_Sensitive,30,-1.0391639471054077,-1.2388729453086853,-0.7158690690994263,-1.2644747495651245,-1.3844488859176636,-1.19138503074646,0.18517911434173584,0.35478541411851583,0.0515407919883728,0.6685798168182373,0.0,0.014492753623188406,0.05263157894736842
Consensus_7of7,Consensus_Sensitive,31,5.364418029785156e-07,0.0,0.4233744740486145,0.015015721321105957,2.980232238769531e-07,0.1255292445421219,-2.384185791015625e-07,0.10737772521219756,-0.07185271382331848,0.3148575723171234,1.0,0.6763070077864294,0.3684210526315789
Consensus_7of7,Consensus_Sensitive,32,-0.08382406830787659,-0.21076591312885284,-3.4365803003311157e-07,-0.04417065158486366,-0.0811983123421669,-4.423782229423523e-07,-3.6228448152542114e-07,-0.10861905061296727,-0.17485011089593172,0.02179919183254242,0.0,0.2825361512791991,0.05263157894736842
Consensus_7of7,Consensus_Sensitive,33,0.0,-0.34570857882499695,0.0,-0.16484591364860535,-0.2038189321756363,-0.013163166120648384,0.026326332241296768,0.12008658031883993,-0.1147451102733612,0.19568059593439102,0.0,0.21377672209026127,0.21052631578947367
Consensus_7of7,Consensus_Sensitive,34,2.980232238769531e-07,0.0,0.24409149587154388,0.1507817506790161,0.014667153358459473,0.26329514384269714,-1.1920928955078125e-07,-0.024554227527819182,-0.19230440258979797,0.09379291534423828,0.5555555555555556,0.7180616740088106,0.47368421052631576
Consensus_7of7,Consensus_Sensitive,35,-0.4064905643463135,-0.7989453077316284,0.0,-0.7526524066925049,-0.7786450982093811,-0.6782206892967224,0.2912319302558899,0.35575918225865616,-0.013460159301757812,0.7917191386222839,0.0,0.10526315789473684,0.21052631578947367
Consensus_7of7,Consensus_Sensitive,36,-0.31589388847351074,-0.3781256377696991,-1.601874828338623e-07,-0.3008944094181061,-0.3433619439601898,-0.20921959728002548,0.03812253475189209,0.02739893017630828,-0.1528281569480896,0.19519432075321674,0.0,0.14772727272727273,0.05263157894736842
Consensus_7of7,Consensus_Sensitive,37,8.940696716308594e-08,-1.1920928955078125e-07,0.0804457813501358,1.7881393432617188e-07,1.1920928955078125e-07,0.0023605525493621826,-8.940696716308594e-08,0.011760952441315902,-0.027490392327308655,0.05111245810985565,0.5384615384615384,0.5853658536585366,0.42105263157894735
Consensus_7of7,Consensus_Sensitive,38,1.1920928955078125e-07,-2.9802322387695312e-08,0.03782205283641815,0.0006635487079620361,8.940696716308594e-08,0.13050004839897156,-0.0006636083126068115,0.06896162503644039,-0.1488776057958603,1.4901161193847656e-07,0.5,0.5795724465558195,0.2631578947368421
Consensus_7of7,Consensus_Sensitive,39,2.384185791015625e-07,0.0,0.254691481590271,0.032674431800842285,2.384185791015625e-07,0.2694826126098633,-2.384185791015625e-07,0.05993850607621042,-0.14799797534942627,0.23835396766662598,0.6666666666666666,0.6944444444444444,0.3684210526315789
Consensus_7of7,Consensus_Sensitive,40,0.21646836400032043,8.940696716308594e-08,0.33295345306396484,0.06780800223350525,2.8312206268310547e-07,0.2462945282459259,0.03765776753425598,0.09168778595171477,-0.01722779870033264,0.27541114389896393,0.75,0.75,0.5263157894736842
Consensus_7of7,Consensus_Sensitive,41,0.0,0.0,0.17515929043293,0.0,0.0,0.06235797517001629,0.0,0.1544245577564365,0.0,0.1729554980993271,0.3333333333333333,0.4166666666666667,0.3684210526315789
Consensus_7of7,Consensus_Sensitive,42,0.05965845286846161,0.0,0.2670188173651695,3.5762786865234375e-07,1.043081283569336e-07,0.06517478823661804,0.02199605107307434,0.08667648936572828,-0.010884687304496765,0.19920187443494797,0.6666666666666666,0.6690647482014388,0.631578947368421
Consensus_7of7,Consensus_Sensitive,43,3.5762786865234375e-07,4.470348358154297e-08,0.18041953444480896,0.04132169485092163,3.2782554626464844e-07,0.1086532473564148,2.9802322387695312e-08,0.032775508730035076,-0.023207783699035645,0.11610470712184906,0.75,0.7108433734939759,0.5263157894736842
Consensus_7of7,Consensus_Sensitive,44,0.0,-3.129243850708008e-07,0.23305144906044006,0.004979819059371948,2.384185791015625e-07,0.08324584364891052,-4.917383193969727e-07,-0.00026202750833410963,-0.1441340446472168,0.1758331060409546,0.3333333333333333,0.6666666666666666,0.3684210526315789
Consensus_7of7,Consensus_Sensitive,45,-0.030647899955511093,-0.1579485610127449,0.0,0.0,-0.01667627366259694,0.0,0.0,-0.09085716517936242,-0.15468567609786987,0.007939279079437256,0.0,0.32,0.10526315789473684
Consensus_7of7,Consensus_Sensitive,46,-0.4982072710990906,-0.7448106110095978,-0.2106151580810547,-0.7957545518875122,-0.9061985015869141,-0.7388826012611389,0.3942720293998718,0.3169292744837309,-0.0002962946891784668,0.5694817304611206,0.0,0.08979591836734693,0.05263157894736842
Consensus_7of7,Consensus_Sensitive,47,0.0,0.0,0.05887573957443237,0.0,0.0,0.20990639925003052,0.0,0.015625841523471632,-0.13670498877763748,0.05887573957443237,0.25,0.4423076923076923,0.2631578947368421
Consensus_7of7,Consensus_Sensitive,48,-0.09588546305894852,-0.16708311438560486,-6.891787052154541e-08,-2.1606683731079102e-07,-4.842877388000488e-07,-6.705522537231445e-08,-0.06544859707355499,-0.09227045645055018,-0.17190391942858696,2.2910535335540771e-07,0.25,0.4431818181818182,0.15789473684210525
Consensus_7of7,Consensus_Sensitive,49,-0.2861602306365967,-0.5000516176223755,-0.01127392053604126,-0.21811652183532715,-0.3241678476333618,-0.08803147077560425,-0.07483220100402832,-0.09108670448002062,-0.28731757402420044,0.13677412271499634,0.0,0.2028985507246377,0.10526315789473684
Consensus_7of7,Consensus_Sensitive,50,-2.9802322387695312e-08,-3.2782554626464844e-07,1.4901161193847656e-07,5.960464477539063e-08,4.470348358154297e-08,2.086162567138672e-07,-1.7881393432617188e-07,0.03446895433099646,-0.004772104322910309,7.450580596923828e-08,0.3333333333333333,0.5394736842105263,0.2631578947368421
Consensus_7of7,Consensus_Sensitive,51,-0.2088157832622528,-0.3306048810482025,-0.012138158082962036,-0.17891830205917358,-0.28807681798934937,-0.10057103633880615,0.041153788566589355,0.024245171170485646,-0.11612051725387573,0.159002423286438,0.0,0.14473684210526316,0.10526315789473684
Consensus_7of7,Consensus_Sensitive,52,2.384185791015625e-07,0.0,0.2909373939037323,0.16151642799377441,5.066394805908203e-07,0.23747143149375916,-4.76837158203125e-07,-0.03840275814658717,-0.1587129682302475,0.14208191633224487,0.5,0.7554980595084088,0.3157894736842105
Consensus_7of7,Consensus_Sensitive,53,0.0,-1.1920928955078125e-07,5.364418029785156e-07,5.960464477539063e-08,-5.960464477539063e-08,1.7881393432617188e-07,-5.960464477539063e-08,0.010387492807287919,-0.011607646942138672,5.960464477539062e-07,0.5,0.5,0.42105263157894735
Consensus_7of7,Consensus_Sensitive,54,0.0,-0.013280153274536133,5.364418029785156e-07,1.1920928955078125e-07,-1.1920928955078125e-07,2.980232238769531e-07,-1.1920928955078125e-07,-0.02596608274861386,-0.06386697292327881,5.364418029785156e-07,0.5,0.5080213903743316,0.3157894736842105
Consensus_7of7,Consensus_Sensitive,55,0.0,-0.0011532306671142578,0.13875360786914825,2.384185791015625e-07,1.043081283569336e-07,0.030352383852005005,-2.384185791015625e-07,0.04152647915639376,-0.017608486115932465,0.1387534812092781,0.5,0.6190476190476191,0.42105263157894735
Consensus_7of7,Consensus_Sensitive,56,-2.4586915969848633e-07,-0.052467579022049904,0.0,-1.862645149230957e-07,-2.3096799850463867e-07,-1.2852251529693604e-07,-5.960464477539063e-08,-0.04726959019899368,-0.052467407658696175,2.0489096641540527e-07,0.25,0.37516170763260026,0.21052631578947367
Consensus_7of7,Consensus_Sensitive,57,-0.1982593834400177,-0.44484400749206543,-0.03387950360774994,-0.37713316082954407,-0.4395182132720947,-0.32997530698776245,0.14485898613929749,0.12649988265413986,-0.060545146465301514,0.35092201828956604,0.0,0.10996119016817593,0.10526315789473684
Consensus_7of7,Consensus_Sensitive,58,2.384185791015625e-07,0.0,0.2245452105998993,0.03934884071350098,5.364418029785156e-07,0.11340999603271484,-7.152557373046875e-07,0.059320227095955295,-0.09651076793670654,0.03169557452201843,0.6666666666666666,0.7469879518072289,0.3157894736842105
Consensus_7of7,Consensus_Sensitive,59,0.0,-0.3075031042098999,0.013315081596374512,-0.05883133411407471,-0.11222800612449646,-0.03818020224571228,0.03877061605453491,-0.007978276202553198,-0.2406713366508484,0.09283614158630371,0.4444444444444444,0.33689839572192515,0.3684210526315789
Consensus_7of7,Consensus_Sensitive,60,0.0,-8.940696716308594e-08,0.0671515017747879,4.76837158203125e-07,1.1920928955078125e-07,0.07012239098548889,-5.960464477539063e-08,0.05957471853808353,-0.021631211042404175,0.025200843811035156,0.5,0.6016260162601627,0.3157894736842105
Consensus_7of7,Consensus_Sensitive,61,0.0,0.0,0.0,0.0,0.0,0.11384174972772598,0.0,-0.004671778333814521,-0.07602276653051376,0.0,0.0,0.4772727272727273,0.21052631578947367
Consensus_7of7,Consensus_Sensitive,62,-0.18048220872879028,-0.2429439127445221,-5.21540641784668e-07,-0.16148445010185242,-0.2874978184700012,-0.0946679636836052,0.10376635193824768,0.04055206791350716,-0.09719755500555038,0.13156981766223907,0.16666666666666666,0.1893939393939394,0.10526315789473684
Consensus_7of7,Consensus_Sensitive,63,0.0,-0.0016240477561950684,0.1004205048084259,2.980232238769531e-07,8.940696716308594e-08,0.019091308116912842,-1.1920928955078125e-07,0.06454504712631828,-0.07099788635969162,0.0405612587928772,0.5,0.5576923076923077,0.3684210526315789
Consensus_7of7,Consensus_Sensitive,64,-1.7881393432617188e-07,-0.08534487336874008,0.0,-3.5762786865234375e-07,-0.01190859079360962,-2.384185791015625e-07,1.1920928955078125e-07,-0.04480829050666407,-0.08534448593854904,0.0030196793377399445,0.0,0.3157894736842105,0.21052631578947367
Consensus_7of7,Consensus_Sensitive,65,0.10052627325057983,0.0,0.21673177182674408,0.17946314811706543,0.05880904197692871,0.2650441825389862,-2.384185791015625e-07,-0.054255734933050054,-0.23650726675987244,0.07667069137096405,0.5555555555555556,0.6834532374100719,0.42105263157894735
Consensus_7of7,Consensus_Sensitive,66,0.14670518040657043,0.0,0.5143081247806549,0.09019161760807037,0.0184920197352767,0.18078965693712234,0.010774284601211548,0.16323781219360076,-0.03905266150832176,0.3547862321138382,0.5,0.5347593582887701,0.5263157894736842
Consensus_7of7,Consensus_Sensitive,67,-0.2054276466369629,-0.37070485949516296,0.0,-0.11819387972354889,-0.14025341719388962,-0.031700543127954006,-0.08329372107982635,-0.11672189782716726,-0.30357033014297485,0.0421677203848958,0.0,0.08333333333333333,0.10526315789473684
Consensus_7of7,Consensus_Sensitive,68,-4.76837158203125e-07,-0.16298094391822815,1.7881393432617188e-07,-2.384185791015625e-07,-0.048828065395355225,-1.1920928955078125e-07,-1.1920928955078125e-07,-0.11055008988631398,-0.25053882598876953,0.03358617424964905,0.3333333333333333,0.3920704845814978,0.3157894736842105
Consensus_7of7,Consensus_Sensitive,69,2.384185791015625e-07,0.0,0.4151039123535156,0.040341734886169434,4.172325134277344e-07,0.38229650259017944,-4.76837158203125e-07,0.08618711170397307,-0.10920873284339905,0.30237069725990295,0.6666666666666666,0.723935389133627,0.42105263157894735
Consensus_7of7,Consensus_Sensitive,70,0.06435543298721313,2.9802322387695312e-08,0.39987027645111084,0.08005034923553467,5.364418029785156e-07,0.2386895716190338,-1.7881393432617188e-07,0.11570812526502107,-0.061092808842659,0.3385361433029175,1.0,0.7590361445783133,0.47368421052631576
Consensus_7of7,Consensus_Sensitive,71,0.08631157875061035,1.1920928955078125e-07,0.41403865814208984,0.22317886352539062,0.0005887746810913086,0.3534661531448364,-7.152557373046875e-07,0.005107540833322625,-0.20046508312225342,0.14018887281417847,0.6666666666666666,0.7125748502994012,0.42105263157894735
Consensus_7of7,Consensus_Sensitive,72,0.0,-0.30981117486953735,0.17725220322608948,-0.2762148380279541,-0.3293955773115158,-0.2171502485871315,0.2762148380279541,0.19653160085803584,-0.04362170398235321,0.4373519718647003,0.3333333333333333,0.3026315789473684,0.3684210526315789
Consensus_7of7,Consensus_Sensitive,73,-2.384185791015625e-07,-0.2005155384540558,0.01048356294631958,-2.384185791015625e-07,-8.344650268554688e-07,0.0,0.0,-0.062299097839154695,-0.1388739049434662,0.01583009958267212,0.3333333333333333,0.35772357723577236,0.3157894736842105
Consensus_7of7,Consensus_Sensitive,74,-0.10003462433815002,-0.4119829535484314,0.0,-0.027245163917541504,-0.16593103110790253,0.0,-0.0052779316902160645,-0.09666408461175467,-0.37966671399772167,0.11476325988769531,0.0,0.34782608695652173,0.21052631578947367
Consensus_7of7,Consensus_Sensitive,75,0.0,-0.12111365795135498,0.15517960488796234,0.0,0.0,0.010992535389959812,-0.024599414318799973,0.09363935936830546,-0.12111365795135498,0.15517960488796234,0.16666666666666666,0.46530612244897956,0.2631578947368421
Consensus_7of7,Consensus_Sensitive,76,0.0,-0.09708861261606216,0.042573973536491394,0.0,-0.0014955344377085567,0.0,0.0,-0.040549823536390535,-0.12564397603273392,0.09961537644267082,0.0,0.3181818181818182,0.2631578947368421
Consensus_7of7,Consensus_Sensitive,77,0.12514722347259521,1.7881393432617188e-07,0.4306742250919342,0.22071337699890137,0.09721839427947998,0.2989378273487091,-0.01925647258758545,0.09426075847525346,-0.2611668109893799,0.3065490424633026,0.6666666666666666,0.7317073170731707,0.42105263157894735
Consensus_7of7,Consensus_Sensitive,78,0.0,-0.04283973202109337,0.012213177978992462,0.0,-0.10888171195983887,0.0,0.0,0.049279382256300824,-0.0021662190556526184,0.19995823130011559,0.16666666666666666,0.24598930481283424,0.2631578947368421
Consensus_7of7,Consensus_Sensitive,79,-0.28869855403900146,-0.41692180931568146,-0.034758567810058594,-0.2406287044286728,-0.35335320234298706,-0.10992428287863731,-0.02430015802383423,-0.04406348909986647,-0.2894533574581146,0.14167386293411255,0.0,0.2032520325203252,0.10526315789473684
Consensus_7of7,Consensus_Sensitive,80,0.27218300104141235,1.1920928955078125e-07,0.519365668296814,0.11554861068725586,5.364418029785156e-07,0.2005361020565033,0.06607532501220703,0.1611218577937076,-0.06764590740203857,0.38066914677619934,1.0,0.7241379310344828,0.5263157894736842
Consensus_7of7,Consensus_Sensitive,81,4.76837158203125e-07,-1.1920928955078125e-07,0.26618313789367676,0.0145721435546875,2.384185791015625e-07,0.1241675615310669,-1.430511474609375e-06,0.0036490339981882195,-0.10739767551422119,0.21307212114334106,0.5,0.5819477434679335,0.3684210526315789
Consensus_7of7,Consensus_Sensitive,82,3.5762786865234375e-07,5.960464477539063e-08,0.2944704592227936,0.24171662330627441,0.1141400933265686,0.36846232414245605,-0.019318073987960815,-0.0829908643898211,-0.27783985435962677,0.031411364674568176,0.6666666666666666,0.7105263157894737,0.3684210526315789
Consensus_7of7,Consensus_Sensitive,83,0.0,-0.12592387199401855,2.980232238769531e-07,-0.06074213981628418,-0.08785182237625122,-1.0728836059570312e-06,0.027170658111572266,-0.017664419977288497,-0.13602381944656372,0.12512189149856567,0.25,0.3281423804226919,0.3157894736842105
Consensus_7of7,Consensus_Sensitive,84,-0.15828168392181396,-0.5882311463356018,0.0,-0.2634773254394531,-0.30859923362731934,-0.06380058825016022,-0.12103629112243652,-0.05893065584333319,-0.30092835426330566,0.22896939516067505,0.0,0.2682926829268293,0.21052631578947367
Consensus_7of7,Consensus_Sensitive,85,0.0,-0.1665283665060997,0.0,-0.0046908557415008545,-0.019783401861786842,0.0,-0.02783980965614319,-0.08912945644145734,-0.13437259197235107,0.0054876713547855616,0.0,0.17391304347826086,0.15789473684210525
Consensus_7of7,Consensus_Sensitive,86,3.5762786865234375e-07,5.960464477539063e-08,0.14228594303131104,9.5367431640625e-07,2.384185791015625e-07,0.16125750541687012,-7.152557373046875e-07,0.028089667621411775,-0.09115785360336304,0.0,0.6666666666666666,0.7224489795918367,0.2631578947368421
Consensus_7of7,Consensus_Sensitive,87,0.0,0.0,0.08710896968841553,0.0,0.0,0.0,0.0,0.009828747887360422,-0.015414342284202576,0.08710896968841553,0.0,0.39037433155080214,0.3157894736842105
Consensus_7of7,Consensus_Sensitive,88,0.0,-0.11550843715667725,0.038342416286468506,2.384185791015625e-07,-2.384185791015625e-07,0.058931946754455566,-0.0043680667877197266,0.019930218395433928,-0.1468784213066101,0.006570696830749512,0.0,0.5,0.3157894736842105
Consensus_7of7,Consensus_Sensitive,89,0.06867879629135132,0.0,0.254535973072052,0.0,0.0,0.0,0.06867879629135132,0.09503893279715588,0.0,0.23443032801151276,0.5,0.33532934131736525,0.5789473684210527
Consensus_7of7,Consensus_Sensitive,90,0.005953550338745117,2.9802322387695312e-08,0.16439735889434814,4.76837158203125e-07,8.940696716308594e-08,0.1333971619606018,0.0,0.027039350647675365,-0.045246273279190063,0.09127777814865112,0.6666666666666666,0.6265060240963856,0.47368421052631576
Consensus_7of7,Consensus_Sensitive,91,5.066394805908203e-07,8.940696716308594e-08,0.2117471545934677,3.2782554626464844e-07,1.7136335372924805e-07,0.06756952404975891,-2.9802322387695312e-08,0.07012679937638734,-0.012005887925624847,0.17969905585050583,0.75,0.7045454545454546,0.47368421052631576
Consensus_7of7,Consensus_Sensitive,92,-0.18747565150260925,-0.5402160882949829,-0.09910955280065536,-0.5478821992874146,-0.6341488361358643,-0.4062830060720444,0.2572717070579529,0.2066006534977963,-0.07262074947357178,0.41940320283174515,0.0,0.11363636363636363,0.10526315789473684
Consensus_7of7,Consensus_Sensitive,93,0.0,-3.5762786865234375e-07,0.08254924416542053,3.5762786865234375e-07,1.1920928955078125e-07,0.1326783150434494,-4.76837158203125e-07,-0.013613380883869371,-0.07644577324390411,-2.384185791015625e-07,0.3333333333333333,0.6190476190476191,0.21052631578947367
Consensus_7of7,Consensus_Sensitive,94,0.23759901523590088,1.1920928955078125e-07,0.5448194444179535,0.09408068656921387,2.682209014892578e-07,0.23937585949897766,0.07377898693084717,0.1646631830617001,-2.980232238769531e-07,0.3930049240589142,1.0,0.6973684210526315,0.5789473684210527
Consensus_7of7,Consensus_Sensitive,95,-0.1749945878982544,-0.4812581539154053,0.0,-0.2737998962402344,-0.4374217391014099,-0.12824618816375732,0.06532573699951172,-0.00757967798333419,-0.15788257122039795,0.29586172103881836,0.0,0.21345407503234154,0.15789473684210525
Cured_by_D2,All,0,-0.5319409966468811,-0.8332564234733582,-0.31667613238096237,-0.6960793733596802,-0.7608136236667633,-0.6407568454742432,0.24157744646072388,0.20957021415233612,-0.06446816027164459,0.4512608274817467,0.0,0.031746031746031744,0.0
Cured_by_D2,All,1,5.960464477539062e-07,1.1920928955078125e-07,0.2031134068965912,7.152557373046875e-07,4.76837158203125e-07,0.07125058770179749,-1.1920928955078125e-07,0.1746177077293396,-0.020162612199783325,0.13771027326583862,1.0,0.7232704402515723,0.42857142857142855
Cured_by_D2,All,2,0.05653461068868637,0.0,0.47182853519916534,0.0,0.0,0.038077212870121,0.0,0.20280856426273072,0.0,0.3879993110895157,0.5,0.42063492063492064,0.42857142857142855
Cured_by_D2,All,3,-0.31882381439208984,-0.4303932338953018,-0.049842994660139084,-0.22270077466964722,-0.2529042214155197,-0.09565813094377518,-0.1229005679488182,-0.07836838385888509,-0.17790964990854263,-0.05087214708328247,0.0,0.2826086956521739,0.14285714285714285
Cured_by_D2,All,4,-3.8743019104003906e-07,-0.1860320121049881,0.06465886533260345,-1.7881393432617188e-07,-0.02506527304649353,7.450580596923828e-08,-1.3113021850585938e-06,-0.05224095072065081,-0.18603181838989258,0.06465859711170197,0.5,0.44025157232704404,0.2857142857142857
Cured_by_D2,All,5,0.0,-0.022031068801879883,0.18395739793777466,4.76837158203125e-07,4.76837158203125e-07,0.07325965166091919,-4.76837158203125e-07,0.024491054671151296,-0.0952901840209961,0.02343672513961792,0.5,0.6825396825396826,0.2857142857142857
Cured_by_D2,All,6,-0.23786872625350952,-0.6451672315597534,-0.08281520009040833,-0.6608763337135315,-0.7235699892044067,-0.5947637259960175,0.23270967602729797,0.2221519308430808,0.0705205500125885,0.6110327243804932,0.0,0.10227272727272728,0.0
Cured_by_D2,All,7,0.0,-0.021761413663625717,0.066973477602005,0.0,0.0,0.0,0.0,0.06933943820851189,-0.021761413663625717,0.066973477602005,0.0,0.38095238095238093,0.2857142857142857
Cured_by_D2,All,8,-0.006384611129760742,-0.34368473291397095,4.76837158203125e-07,-0.15248191356658936,-0.27996236085891724,-0.05186980962753296,0.07983577251434326,0.07291814259120397,-0.04877561330795288,0.23529762029647827,0.0,0.25,0.2857142857142857
Cured_by_D2,All,9,-0.07928624749183655,-0.14169398695230484,0.0,-0.15245777368545532,-0.17461778968572617,-0.037000760436058044,0.0,0.019239855664116994,-0.01993361860513687,0.03847191482782364,0.0,0.21428571428571427,0.0
Cured_by_D2,All,10,0.0,-0.08107972145080566,0.0008137226104736328,-7.152557373046875e-07,-0.03785347938537598,-1.1920928955078125e-07,0.001626729965209961,0.1759082760129656,-0.01823800802230835,0.22780978679656982,0.5,0.376984126984127,0.42857142857142855
Cured_by_D2,All,11,0.32330450415611267,0.10765313357114792,0.5255914926528931,0.1915389895439148,0.0,0.21900762617588043,0.09038254618644714,0.09313749202660151,0.0,0.25875111669301987,1.0,0.5652173913043478,0.5714285714285714
Cured_by_D2,All,12,0.0,-0.185641348361969,0.4267825484275818,2.384185791015625e-07,0.0,0.04585820436477661,0.0,0.019666075706481934,-0.185641348361969,0.22348204255104065,0.5,0.5869565217391305,0.42857142857142855
Cured_by_D2,All,13,0.0,-0.159190833568573,0.27788445353507996,2.384185791015625e-07,2.384185791015625e-07,0.06504607200622559,-2.384185791015625e-07,-0.011657169886997767,-0.16893267631530762,0.1923556923866272,0.5,0.6086956521739131,0.42857142857142855
Cured_by_D2,All,14,-1.1920928955078125e-07,-0.04440924525260925,0.07329985499382019,-1.1920928955078125e-07,-1.7881393432617188e-07,-5.960464477539063e-08,0.0,0.01180875301361084,-0.04440918564796448,0.07329997420310974,0.5,0.38492063492063494,0.2857142857142857
Cured_by_D2,All,15,-1.1920928955078125e-07,-2.384185791015625e-07,2.980232238769531e-07,2.384185791015625e-07,1.1920928955078125e-07,5.960464477539062e-07,0.0,0.013649003846304757,-6.556510925292969e-07,0.0020980238914489746,0.0,0.5605381165919282,0.2857142857142857
Cured_by_D2,All,16,0.31720754504203796,0.0,0.6520645022392273,0.0,0.0,0.0,0.31720754504203796,0.34599184883492334,0.0,0.6520645022392273,0.5,0.3373015873015873,0.5714285714285714
Cured_by_D2,All,17,0.0,-0.004964407999068499,0.0,-0.0017759803449735045,-0.02329922653734684,0.0,0.0,0.06832001882139593,-0.004964407999068499,0.036485373973846436,0.0,0.2608695652173913,0.14285714285714285
Cured_by_D2,All,18,-0.684579610824585,-1.513759970664978,-0.3314353823661804,-1.0566370487213135,-1.1894049644470215,-1.0028417110443115,0.35711824893951416,0.26962426730564665,-0.13544750213623047,0.589211642742157,0.0,0.006289308176100629,0.14285714285714285
Cured_by_D2,All,19,0.0,-0.20630380511283875,0.2059425264596939,-0.10713087022304535,-0.14305419474840164,-0.01158854365348816,-0.00989106297492981,0.046945784773145406,-0.17349641770124435,0.08400293439626694,0.0,0.3695652173913043,0.14285714285714285
Cured_by_D2,All,20,-0.2816053330898285,-0.6411685347557068,-0.1338675208389759,-0.6767174005508423,-0.7297207713127136,-0.602032870054245,0.1501789093017578,0.2264171913266182,0.053296297788619995,0.5204419754445553,0.0,0.03571428571428571,0.0
Cured_by_D2,All,21,-0.5792174339294434,-0.9993931651115417,-0.12968164682388306,-0.46108365058898926,-0.6190201640129089,-0.33660125732421875,-0.025077462196350098,-0.09371706417628697,-0.3252721428871155,0.2155393362045288,0.0,0.1111111111111111,0.0
Cured_by_D2,All,22,1.7881393432617188e-07,5.960464477539063e-08,0.508132815361023,7.152557373046875e-07,4.172325134277344e-07,0.08914297819137573,-2.384185791015625e-07,0.23496991395950317,-4.76837158203125e-07,0.3917117118835449,1.0,0.6984126984126984,0.42857142857142855
Cured_by_D2,All,23,0.0,-1.043081283569336e-07,0.06898027658462524,0.009661495685577393,1.043081283569336e-07,0.0610908642411232,-1.1920928955078125e-07,0.034780268158231466,-0.025173135101795197,0.028231695294380188,0.0,0.6956521739130435,0.2857142857142857
Cured_by_D2,All,24,-3.5762786865234375e-07,-0.13445156812667847,0.0502244234085083,-0.16090619564056396,-0.3404102921485901,-4.76837158203125e-07,0.1004490852355957,0.17704008306775773,0.08692246675491333,0.2754051685333252,0.0,0.19047619047619047,0.2857142857142857
Cured_by_D2,All,25,-2.384185791015625e-07,-0.18583106994628906,0.10577180981636047,2.384185791015625e-07,0.0,3.5762786865234375e-07,-4.76837158203125e-07,-0.016801689352308,-0.18583106994628906,0.12674322724342346,0.0,0.5,0.2857142857142857
Cured_by_D2,All,26,0.0,-0.02819398045539856,0.02446800470352173,-0.09838530421257019,-0.21228887140750885,-0.083491250872612,0.08048999309539795,0.1355060977595193,0.020998671650886536,0.22243846952915192,0.0,0.25157232704402516,0.2857142857142857
Cured_by_D2,All,27,0.0,-2.8312206268310547e-07,0.19051964581012726,0.1816624402999878,0.0586010217666626,0.2107284665107727,-0.024735450744628906,0.020256476742880686,-0.07554464042186737,-0.0032653361558914185,0.5,0.6188340807174888,0.14285714285714285
Cured_by_D2,All,28,0.0,-2.384185791015625e-07,0.092246413230896,0.15169215202331543,0.039040207862854004,0.3505035638809204,-0.07808041572570801,-0.15237959793635777,-0.23363780975341797,-3.5762786865234375e-07,0.0,0.7063492063492064,0.14285714285714285
Cured_by_D2,All,29,0.0,-0.1210564374923706,0.04582369327545166,0.0,-1.1920928955078125e-07,0.06294232606887817,3.5762786865234375e-07,-0.0028994977474212646,-0.17543964087963104,0.045823901891708374,0.5,0.45652173913043476,0.42857142857142855
Cured_by_D2,All,30,-1.3150240182876587,-1.4636521935462952,-1.0169410109519958,-1.4284281730651855,-1.5204367637634277,-1.2670897245407104,0.25475525856018066,0.17728122643062047,-0.19656246900558472,0.5543478727340698,0.0,0.003968253968253968,0.0
Cured_by_D2,All,31,0.11068695783615112,-0.1423848569393158,0.7520643770694733,0.0994386076927185,0.024744808673858643,0.2385866641998291,-0.04948902130126953,0.08605344806398664,-0.1846195012331009,0.47268010675907135,0.5,0.6521739130434783,0.42857142857142855
Cured_by_D2,All,32,-0.06593818217515945,-0.14409636706113815,-0.012885173317044973,-0.0005474844947457314,-0.06070281006395817,-4.6100467443466187e-07,7.450580596923828e-08,-0.057812064486954896,-0.1172758755274117,0.0011869859881699085,0.0,0.3018867924528302,0.0
Cured_by_D2,All,33,0.0,-0.14760789647698402,0.0,-0.17298558354377747,-0.312780037522316,-0.03237546235322952,0.05376526713371277,0.12713714689016342,-0.05460607260465622,0.2222289741039276,0.0,0.19047619047619047,0.14285714285714285
Cured_by_D2,All,34,0.2894582748413086,0.12587286531925201,0.6751129627227783,4.76837158203125e-07,2.384185791015625e-07,0.21473832428455353,0.2517452538013458,0.3225000330380031,-0.0032939165830612183,0.6751128435134888,1.0,0.6981132075471698,0.5714285714285714
Cured_by_D2,All,35,-0.4452142119407654,-0.815095067024231,-0.04031658172607422,-0.7925379276275635,-0.8126717805862427,-0.6924993693828583,0.3473237156867981,0.2884078877312796,-0.11337801814079285,0.774033784866333,0.0,0.14285714285714285,0.14285714285714285
Cured_by_D2,All,36,-0.5459766387939453,-0.756719172000885,-0.09393493086099625,-0.22326062619686127,-0.34225308895111084,-0.1347152143716812,-0.19863903522491455,-0.22197410038539342,-0.46543261408805847,-0.049372727051377296,0.0,0.16352201257861634,0.14285714285714285
Cured_by_D2,All,37,0.0,-2.5331974029541016e-07,0.05581081658601761,3.5762786865234375e-07,2.086162567138672e-07,6.258487701416016e-07,-2.682209014892578e-07,0.014644812260355269,-4.470348358154297e-07,0.03482586145401001,0.0,0.6428571428571429,0.42857142857142855
Cured_by_D2,All,38,-3.8743019104003906e-07,-0.07263791561126709,0.24684098362922668,6.556510925292969e-07,-1.1920928955078125e-07,0.0600009560585022,-0.057195961475372314,0.05113215531621661,-0.15092529356479645,0.2040296494960785,0.0,0.6098654708520179,0.2857142857142857
Cured_by_D2,All,39,3.5762786865234375e-07,-5.960464477539063e-08,0.36277687549591064,7.152557373046875e-07,3.5762786865234375e-07,0.12470656633377075,-3.5762786865234375e-07,0.1791975668498448,-0.08555334806442261,0.29845690727233887,0.5,0.6995515695067265,0.2857142857142857
Cured_by_D2,All,40,1.7881393432617188e-07,4.470348358154297e-08,0.3197839930653572,0.06319552659988403,3.8743019104003906e-07,0.199222132563591,-2.980232238769531e-07,0.09290815464087895,-0.085792176425457,0.1608159989118576,1.0,0.7295597484276729,0.42857142857142855
Cured_by_D2,All,41,0.0,-0.08022414147853851,0.036058519035577774,0.0,0.0,0.0,0.0,0.0045516544154712135,-0.08022414147853851,0.036058519035577774,0.0,0.31746031746031744,0.2857142857142857
Cured_by_D2,All,42,0.060219183564186096,1.4901161193847656e-08,0.21638185530900955,1.7881393432617188e-07,1.341104507446289e-07,3.725290298461914e-07,0.01840861141681671,0.13101068564823695,-1.1920928955078125e-07,0.2163817435503006,0.5,0.5952380952380952,0.5714285714285714
Cured_by_D2,All,43,0.18553173542022705,-1.4901161193847656e-08,0.30058911442756653,0.09313225746154785,3.8743019104003906e-07,0.1761864870786667,0.0,0.07068726420402527,-0.033858463168144226,0.19593410193920135,0.5,0.6984126984126984,0.42857142857142855
Cured_by_D2,All,44,0.06932109594345093,-7.450580596923828e-08,0.22885136306285858,4.76837158203125e-07,2.8312206268310547e-07,0.013040505349636078,0.02075636386871338,0.06472490302153996,-3.725290298461914e-07,0.12359766662120819,1.0,0.6304347826086957,0.5714285714285714
Cured_by_D2,All,45,-0.05228327959775925,-0.27025675773620605,0.0068992674350738525,0.0,0.0,0.0,-0.05228327959775925,-0.17958486479307925,-0.27715590968728065,0.0068992674350738525,0.5,0.32286995515695066,0.2857142857142857
Cured_by_D2,All,46,-0.7859350442886353,-1.2265220284461975,-0.4974727928638458,-0.9834805727005005,-1.0297739505767822,-0.8892806470394135,0.19445109367370605,0.14872501577649797,-0.10837262868881226,0.3933550715446472,0.0,0.1111111111111111,0.0
Cured_by_D2,All,47,0.08887205272912979,0.009120220318436623,0.3355449363589287,0.0,0.0,0.0,0.018240440636873245,0.17908455803990364,0.0,0.3355449363589287,0.5,0.44025157232704404,0.5714285714285714
Cured_by_D2,All,48,-0.03682646527886391,-0.08975571766495705,-0.0037779100239276886,-1.2665987014770508e-07,-0.09283024445176125,-6.705522537231445e-08,-0.036826424300670624,-0.025901411260877336,-0.08975565060973167,0.08905233442783356,0.5,0.4523809523809524,0.14285714285714285
Cured_by_D2,All,49,-0.12100011110305786,-0.4904577136039734,-4.76837158203125e-07,-0.43416714668273926,-0.47389787435531616,-0.18916445970535278,-0.04676330089569092,0.04032937117985317,-0.13733378052711487,0.44865989685058594,0.0,0.14285714285714285,0.14285714285714285
Cured_by_D2,All,50,0.09102268517017365,0.013198532164096832,0.24318431317806244,1.4901161193847656e-07,2.9802322387695312e-08,2.384185791015625e-07,0.09102268517017365,0.13152960581438883,0.01319848746061325,0.2166747823357582,1.0,0.5476190476190477,0.7142857142857143
Cured_by_D2,All,51,0.0,-0.060813188552856445,0.12473439425230026,-0.09703022241592407,-0.19296376407146454,-0.005967885255813599,0.20409345626831055,0.20641967867101943,0.08447198569774628,0.3026159927248955,0.5,0.24528301886792453,0.42857142857142855
Cured_by_D2,All,52,0.0173606276512146,1.4901161193847656e-07,0.24751153588294983,0.010692775249481201,2.980232238769531e-07,0.16934633255004883,0.0,0.030488307986940657,-0.057714879512786865,0.11831554770469666,0.5,0.6944444444444444,0.42857142857142855
Cured_by_D2,All,53,-0.04001873731613159,-0.2288891077041626,1.7881393432617188e-07,3.5762786865234375e-07,5.960464477539063e-08,0.02692398428916931,-0.12220847606658936,-0.1347914252962385,-0.22960489988327026,-0.04621756076812744,0.5,0.5714285714285714,0.2857142857142857
Cured_by_D2,All,54,0.0,-2.086162567138672e-07,0.15532851219177246,1.1920928955078125e-07,-5.960464477539063e-08,1.7881393432617188e-07,2.384185791015625e-07,0.06399774551391602,-4.470348358154297e-07,0.15532857179641724,0.5,0.5476190476190477,0.42857142857142855
Cured_by_D2,All,55,7.450580596923828e-07,1.564621925354004e-07,0.02483321726322174,1.1920928955078125e-07,1.1920928955078125e-07,2.086162567138672e-07,6.258487701416016e-07,-0.002898541944367545,-4.3958425521850586e-07,0.024833157658576965,1.0,0.559748427672956,0.7142857142857143
Cured_by_D2,All,56,-0.08097881078720093,-0.15146588534116745,-0.009062957018613815,-2.7567148208618164e-07,-2.8870999813079834e-07,-2.086162567138672e-07,-0.08097859472036362,-0.08528868587953704,-0.148142721503973,-0.009062742814421654,0.0,0.36507936507936506,0.0
Cured_by_D2,All,57,0.0,-0.00835440307855606,0.0006264336407184601,-0.36396902799606323,-0.46749964356422424,-0.321152001619339,0.43254753202199936,0.34082247210400446,0.25298766046762466,0.5046950131654739,0.5,0.15217391304347827,0.42857142857142855
Cured_by_D2,All,58,0.059589266777038574,0.012363791465759277,0.6697370409965515,0.14833664894104004,0.007820367813110352,0.26769548654556274,-4.76837158203125e-07,0.21206496443067277,-0.14944344758987427,0.38802677392959595,0.5,0.7802690582959642,0.42857142857142855
Cured_by_D2,All,59,-8.344650268554688e-07,-0.38529762625694275,-8.940696716308594e-08,-0.06477081775665283,-0.13242506980895996,-0.0053310394287109375,1.7881393432617188e-07,-0.07000922305243355,-0.3572613596916199,0.10971930623054504,0.0,0.3068181818181818,0.14285714285714285
Cured_by_D2,All,60,0.03896406292915344,-2.9802322387695312e-08,0.23884651064872742,0.05208027362823486,2.384185791015625e-07,0.1063397079706192,-0.008725136518478394,0.0957425662449428,-0.03399097919464111,0.2688223123550415,0.5,0.6367713004484304,0.42857142857142855
Cured_by_D2,All,61,0.0,0.0,0.11670656315982342,0.022546296939253807,0.004410474793985486,0.11440776288509369,-0.0014335797168314457,0.06393799072663699,-0.014966833405196667,0.03591306321322918,0.0,0.5067264573991032,0.42857142857142855
Cured_by_D2,All,62,-0.3666035532951355,-0.4087749421596527,-2.9802322387695312e-08,-0.1562821865081787,-0.18193000555038452,-0.07163023203611374,-0.17450714111328125,-0.1278472308601652,-0.29225069284439087,0.03670012950897217,0.0,0.1984126984126984,0.0
Cured_by_D2,All,63,0.0,-0.4633917510509491,0.38904450833797455,8.940696716308594e-08,-0.001753777265548706,0.056248873472213745,0.0,-0.051506327731268745,-0.3502970337867737,0.308226615190506,0.0,0.5119047619047619,0.42857142857142855
Cured_by_D2,All,64,-2.086162567138672e-07,-0.1352439485490322,-1.4901161193847656e-08,-4.76837158203125e-07,-8.791685104370117e-07,-2.384185791015625e-07,4.76837158203125e-07,-0.08886837852852685,-0.12103444337844849,5.066394805908203e-07,0.0,0.3081761006289308,0.14285714285714285
Cured_by_D2,All,65,0.27099084854125977,1.4901161193847656e-07,0.4447168856859207,0.4515794813632965,0.20559293031692505,0.507177859544754,-5.960464477539062e-07,-0.043897765023367744,-0.20276924967765808,0.025125443935394287,1.0,0.7861635220125787,0.2857142857142857
Cured_by_D2,All,66,0.05172006040811539,0.0,0.3228949308395386,0.0,0.0,0.1951673086732626,0.003396596759557724,0.08482709473797254,-0.17100557684898376,0.3228949308395386,0.5,0.47533632286995514,0.5714285714285714
Cured_by_D2,All,67,0.0,-0.2505089342594147,0.04070437699556351,-0.04100162535905838,-0.11897570639848709,-0.02145544346421957,0.0,-0.012940629518457822,-0.15394241269677877,0.0960584320127964,0.0,0.08071748878923767,0.2857142857142857
Cured_by_D2,All,68,-0.07055270671844482,-0.20047199726104736,-0.016918182373046875,-0.0858074426651001,-0.14326101541519165,-0.01311349868774414,0.015254735946655273,-0.021075410502297536,-0.08562695980072021,0.06141179800033569,0.0,0.35714285714285715,0.14285714285714285
Cured_by_D2,All,69,1.1920928955078125e-07,2.9802322387695312e-08,0.4583587646484375,0.21654367446899414,0.0969407856464386,0.46521805226802826,-0.0899871289730072,-0.08935382962226868,-0.20893827080726624,-4.172325134277344e-07,0.5,0.7861635220125787,0.14285714285714285
Cured_by_D2,All,70,4.76837158203125e-07,1.9371509552001953e-07,0.4633125215768814,0.06168782711029053,4.6193599700927734e-07,0.15727870166301727,3.8743019104003906e-07,0.16258805138724192,-0.030843883752822876,0.30603381991386414,1.0,0.6984126984126984,0.7142857142857143
Cured_by_D2,All,71,1.1920928955078125e-07,-1.7881393432617188e-07,0.2753584384918213,0.04322528839111328,5.364418029785156e-07,0.1483173966407776,-2.384185791015625e-07,0.027715120996747698,-0.11904919147491455,0.22447705268859863,0.5,0.6681614349775785,0.42857142857142855
Cured_by_D2,All,72,-0.11035886406898499,-0.29874172806739807,0.023434296250343323,-0.27735599875450134,-0.3948359489440918,-0.23710063844919205,0.16888737678527832,0.18803995209080832,0.014824278652668,0.29460184276103973,0.5,0.2608695652173913,0.2857142857142857
Cured_by_D2,All,73,0.0,-1.1920928955078125e-07,0.05121505260467529,-2.384185791015625e-07,-6.854534149169922e-07,-2.086162567138672e-07,8.940696716308594e-07,0.1574116519519261,-5.960464477539063e-08,0.26101988554000854,0.0,0.36477987421383645,0.42857142857142855
Cured_by_D2,All,74,0.0,-0.10516129806637764,0.21753405779600143,-0.010487503372132778,-0.12261450290679932,0.08236418664455414,-0.04790598899126053,0.04645604520503964,-0.11479707807302475,0.2084479588083923,0.0,0.35714285714285715,0.2857142857142857
Cured_by_D2,All,75,0.024128999561071396,0.0,0.6093902140855789,0.0,0.0,0.07234688103199005,0.024128999561071396,0.2804464953286307,0.0,0.6192638743668795,0.5,0.4318181818181818,0.5714285714285714
Cured_by_D2,All,76,0.0,-0.06884720083326101,0.11381867527961731,0.0,-0.007867947220802307,0.06655390560626984,-0.11135251820087433,-0.021361934021115303,-0.20936892833560705,0.14287754893302917,0.0,0.3721973094170404,0.2857142857142857
Cured_by_D2,All,77,0.04626429080963135,-0.06907919049263,0.43033796548843384,0.24115169048309326,0.07282564043998718,0.2463393658399582,-0.05078840255737305,-0.06942201086453029,-0.2694757878780365,0.18399859964847565,0.5,0.6825396825396826,0.42857142857142855
Cured_by_D2,All,78,0.12344643473625183,-0.07410912960767746,0.35143081843852997,0.0,-0.050827025435864925,0.0,0.12344643473625183,0.11114633482481752,-0.023282104171812534,0.35143081843852997,0.5,0.25157232704402516,0.5714285714285714
Cured_by_D2,All,79,-0.21828845143318176,-0.5438255667686462,0.0,-0.31143268942832947,-0.3450440913438797,-0.2901982069015503,0.19517672061920166,0.015536725521087646,-0.34197618812322617,0.32631586492061615,0.0,0.2138364779874214,0.14285714285714285
Cured_by_D2,All,80,0.3069453835487366,2.9802322387695312e-08,0.5415153354406357,0.13751456141471863,7.301568984985352e-07,0.2314101904630661,0.07910677790641785,0.20287575466292246,-4.3213367462158203e-07,0.35526716709136963,1.0,0.7608695652173914,0.7142857142857143
Cured_by_D2,All,81,0.0,-2.384185791015625e-07,0.054327309131622314,0.0,-2.384185791015625e-07,3.5762786865234375e-07,0.0,0.1328425407409668,-0.027310609817504883,0.01229315996170044,0.0,0.4603174603174603,0.2857142857142857
Cured_by_D2,All,82,0.2230300009250641,3.5762786865234375e-07,0.4324686527252197,0.5084252953529358,0.16513743996620178,0.5496949553489685,-0.008231401443481445,-0.05599018931388855,-0.29591651260852814,0.14880499243736267,1.0,0.782608695652174,0.2857142857142857
Cured_by_D2,All,83,-0.09547936916351318,-0.30940818786621094,0.0,-0.06520557403564453,-0.13175749778747559,-2.980232238769531e-07,2.384185791015625e-07,-0.11657399790627616,-0.27680522203445435,0.038224220275878906,0.0,0.2896825396825397,0.14285714285714285
Cured_by_D2,All,84,-0.2994422912597656,-0.33388036489486694,0.14441421627998352,-0.15948033332824707,-0.28074726462364197,-0.003671318292617798,-0.14374607801437378,-0.021220811775752475,-0.3045412302017212,0.20784777402877808,0.0,0.3710691823899371,0.14285714285714285
Cured_by_D2,All,85,0.0,-0.11671533435583115,0.0,0.0,-0.012779556214809418,0.0,0.0,-0.11691387982240745,-0.10393577814102173,0.010678860358893871,0.0,0.1349206349206349,0.14285714285714285
Cured_by_D2,All,86,0.0,-4.76837158203125e-07,0.050123512744903564,2.384185791015625e-07,2.384185791015625e-07,2.384185791015625e-07,-2.384185791015625e-07,0.025151831763131276,-7.152557373046875e-07,0.05012303590774536,0.0,0.6666666666666666,0.2857142857142857
Cured_by_D2,All,87,0.0,-0.09669521078467369,0.0,0.0,0.0,0.02275412157177925,-0.059611447155475616,-0.13971309576715743,-0.1865382008254528,0.0,0.0,0.30434782608695654,0.0
Cured_by_D2,All,88,-3.5762786865234375e-07,-0.1660754680633545,2.384185791015625e-07,0.0,-1.1920928955078125e-07,3.5762786865234375e-07,-8.344650268554688e-07,-0.08732415948595319,-0.16607558727264404,0.0,0.0,0.42857142857142855,0.14285714285714285
Cured_by_D2,All,89,0.0,-0.09812387824058533,0.06573022902011871,0.0,0.0,0.046717334538698196,0.0,-0.0439722974385534,-0.2775822579860687,0.06573022902011871,0.0,0.45652173913043476,0.2857142857142857
Cured_by_D2,All,90,5.960464477539063e-08,-8.940696716308594e-08,0.27386339008808136,3.5762786865234375e-07,1.1920928955078125e-07,0.04072651267051697,-1.7881393432617188e-07,0.09727790100233895,-4.76837158203125e-07,0.20852221548557281,0.5,0.6367713004484304,0.42857142857142855
Cured_by_D2,All,91,2.5331974029541016e-07,-2.2351741790771484e-08,0.13631881773471832,1.9371509552001953e-07,1.4901161193847656e-07,0.023827306926250458,-7.450580596923828e-08,0.07947867895875659,-0.014578282833099365,0.112491674721241,1.0,0.6507936507936508,0.42857142857142855
Cured_by_D2,All,92,-0.4002416729927063,-0.5363659858703613,-3.725290298461914e-08,-0.5401073694229126,-0.5753669142723083,-0.4845956265926361,0.08406490087509155,0.14538033732346126,-0.12492406368255615,0.5406924113631248,0.0,0.09523809523809523,0.14285714285714285
Cured_by_D2,All,93,5.960464477539063e-08,0.0,0.06105929613113403,1.1920928955078125e-07,1.1920928955078125e-07,0.023896455764770508,-1.1920928955078125e-07,-0.05991376297814505,-2.980232238769531e-07,8.940696716308594e-08,0.5,0.5515873015873016,0.2857142857142857
Cured_by_D2,All,94,0.10097140073776245,0.010671421885490417,0.2634986340999603,8.344650268554688e-07,5.364418029785156e-07,0.24181507527828217,-4.76837158203125e-07,0.10322177410125732,-0.08219306170940399,0.061156705021858215,0.5,0.6739130434782609,0.42857142857142855
Cured_by_D2,All,95,-2.384185791015625e-07,-0.29286885261535645,-5.960464477539063e-08,-0.49178385734558105,-0.5248627066612244,-0.2168426513671875,0.17293477058410645,0.19771793910435267,0.08149510622024536,0.4583786129951477,0.0,0.1746031746031746,0.14285714285714285
Clean_Control,All,0,-0.4442811608314514,-0.7369529604911804,-5.364418029785156e-07,-0.7183970212936401,-0.7914866358041763,-0.6314207315444946,0.2535671889781952,0.24133808378662383,-0.06138361990451813,0.6156422644853592,0.0,0.055151836919792724,0.017857142857142856
Clean_Control,All,1,4.76837158203125e-07,0.0,0.33143433928489685,0.08089381456375122,3.5762786865234375e-07,0.3053712695837021,-2.980232238769531e-07,0.04144267312117985,-0.1477852463722229,0.1636834442615509,0.5634920634920635,0.7310622416877428,0.39285714285714285
Clean_Control,All,2,0.0,0.0,0.30738406628370285,0.0,0.0,0.2613378018140793,0.0,0.017411125453820984,-0.09512221813201904,0.09656171343522146,0.4,0.4936101515048883,0.3392857142857143
Clean_Control,All,3,-0.07739764079451561,-0.32839538156986237,0.0,-0.10367172583937645,-0.21842525154352188,0.022303640842437744,8.940696716308594e-08,-0.06243157716068838,-0.19684577733278275,0.10291391983628273,0.0,0.3214853726047927,0.16071428571428573
Clean_Control,All,4,0.0,-0.08139288425445557,0.050123199820518494,-5.960464477539063e-08,-3.129243850708008e-07,1.1920928955078125e-07,-2.086162567138672e-07,0.022387306072882245,-0.08139296621084213,0.036841802299022675,0.24285714285714285,0.4749623219407847,0.3392857142857143
Clean_Control,All,5,2.384185791015625e-07,0.0,0.3081516623497009,4.76837158203125e-07,2.384185791015625e-07,0.11691319942474365,0.0,0.1154985779098102,-0.054403916001319885,0.2585844397544861,0.6,0.6112745632196432,0.42857142857142855
Clean_Control,All,6,-0.32623475790023804,-0.744773343205452,0.0,-0.7668464481830597,-0.8616897165775299,-0.6871065497398376,0.3310059458017349,0.3572804162810956,0.005992040038108826,0.7955007627606392,0.0,0.07315467595345282,0.10714285714285714
Clean_Control,All,7,0.0,0.0,0.053744809702038765,0.0,0.0,0.0,0.0,0.12051736656576395,0.0,0.06936055608093739,0.0,0.38473225547528955,0.2857142857142857
Clean_Control,All,8,-4.76837158203125e-07,-0.41457661986351013,0.0,-0.09773427248001099,-0.1963290572166443,-0.041311413049697876,0.012535035610198975,-0.02865857950278691,-0.20963287353515625,0.16670829057693481,0.0,0.3333333333333333,0.23214285714285715
Clean_Control,All,9,0.0,-0.17911120504140854,0.10032997280359268,0.0,-0.06931468844413757,0.12578216940164566,0.0006041321903467178,-0.006066723527120692,-0.1972075067460537,0.11203048564493656,0.0,0.38981481481481484,0.2857142857142857
Clean_Control,All,10,0.0,-2.384185791015625e-07,0.11499795317649841,0.0,-2.384185791015625e-07,0.005408197641372681,0.0,0.05228312952177865,-4.76837158203125e-07,0.10394531488418579,0.1388888888888889,0.4679951690821256,0.3392857142857143
Clean_Control,All,11,0.0,0.0,0.0022183209657669067,0.0,0.0,0.03909892216324806,0.0,-0.010297093739999192,-0.1103934608399868,0.0,0.0,0.41015243673500035,0.21428571428571427
Clean_Control,All,12,2.384185791015625e-07,0.0,0.2814734876155853,0.06386697292327881,2.384185791015625e-07,0.1701810657978058,-6.556510925292969e-07,0.07793113057102476,-0.13921761512756348,0.2760537564754486,0.6,0.6300637068763835,0.39285714285714285
Clean_Control,All,13,1.7881393432617188e-07,0.0,0.24406149983406067,0.0007976889610290527,2.384185791015625e-07,0.1351122260093689,-5.364418029785156e-07,0.08783041792256492,-0.06874921917915344,0.18466360867023468,0.5,0.650810153622398,0.4107142857142857
Clean_Control,All,14,0.0,-2.9802322387695312e-08,6.556510925292969e-07,4.76837158203125e-07,-7.450580596923828e-08,0.15978829562664032,-1.1920928955078125e-07,-0.04041103805814471,-0.09223799407482147,3.8743019104003906e-07,0.41428571428571426,0.5648817164863378,0.3392857142857143
Clean_Control,All,15,2.980232238769531e-07,0.0,0.31078433990478516,0.13610810041427612,4.76837158203125e-07,0.3220534324645996,-1.0132789611816406e-06,-0.010848064507756914,-0.1971520483493805,0.12466686964035034,0.5,0.706929564622749,0.3392857142857143
Clean_Control,All,16,0.0,0.0,0.25998305529356003,0.0,0.0,0.0,0.0,0.1347848627982395,0.0,0.21715404093265533,0.26666666666666666,0.385272197993046,0.4107142857142857
Clean_Control,All,17,0.0,-0.007273975759744644,0.0038800633046776056,0.0,-0.023848233744502068,0.0,0.0,0.13841293911848748,0.0,0.07212343439459801,0.18253968253968253,0.28264984433029394,0.25
Clean_Control,All,18,-0.6927564144134521,-1.1334227323532104,-2.086162567138672e-07,-1.0983695983886719,-1.2786701917648315,-0.9469957649707794,0.36522334814071655,0.37912564405373167,0.0008413195610046387,0.9142493009567261,0.0,0.018906915057676887,0.017857142857142856
Clean_Control,All,19,0.0,-0.14625608548521996,0.19061293080449104,-0.02502745110541582,-0.14517178758978844,0.26294445991516113,0.024713780730962753,0.013328570373622435,-0.2638988122344017,0.17239907383918762,0.0,0.36203548995946655,0.23214285714285715
Clean_Control,All,20,-0.45791973173618317,-0.7324420511722565,-0.0026688352227211,-0.6660796701908112,-0.7357581108808517,-0.5616272389888763,0.28371697664260864,0.19981716400278465,-0.0493432879447937,0.501540906727314,0.0,0.04478609625668449,0.017857142857142856
Clean_Control,All,21,-0.021840691566467285,-0.35495275259017944,0.0,-0.22972005605697632,-0.3645179569721222,-0.11171415448188782,0.08539915084838867,0.04742777134690966,-0.12532615661621094,0.20492452383041382,0.0,0.2172511603919546,0.125
Clean_Control,All,22,2.980232238769531e-07,0.0,0.3595072254538536,6.556510925292969e-07,2.384185791015625e-07,0.14926734566688538,-2.384185791015625e-07,0.09464703340615545,-0.06680873036384583,0.14963798969984055,0.5714285714285714,0.7045055192610948,0.35714285714285715
Clean_Control,All,23,2.2351741790771484e-07,0.0,0.1961737498641014,5.066394805908203e-07,1.7881393432617188e-07,0.04709647595882416,-2.384185791015625e-07,0.05488981146897588,-1.0579824447631836e-06,0.1197352334856987,0.5357142857142857,0.6618531276114383,0.42857142857142855
Clean_Control,All,24,0.0,-0.18273189663887024,5.960464477539062e-07,-5.960464477539062e-07,-0.05998966097831726,2.9802322387695312e-08,0.0,-0.017015786043235233,-0.11334162950515747,0.13418224453926086,0.19642857142857142,0.3840318707705741,0.26785714285714285
Clean_Control,All,25,1.7881393432617188e-07,0.0,0.2621498554944992,4.76837158203125e-07,2.384185791015625e-07,0.048822417855262756,0.0,0.0589470991066524,-0.015977084636688232,0.22375722229480743,0.5,0.5979434181872794,0.42857142857142855
Clean_Control,All,26,0.0,-0.25343356654047966,0.0,-0.07394605875015259,-0.17555654048919678,0.0,0.0,-0.008158965608994808,-0.12608236260712147,0.1045602522790432,0.0,0.3315283497222914,0.10714285714285714
Clean_Control,All,27,0.0,-0.05486577749252319,0.11038947105407715,0.004013121128082275,-0.04496924579143524,0.14205306768417358,-0.021753937005996704,-0.0015864840575626918,-0.1691395342350006,0.06433817744255066,0.25,0.544829800899165,0.26785714285714285
Clean_Control,All,28,2.384185791015625e-07,0.0,0.4165802597999573,0.14641916751861572,1.3709068298339844e-06,0.4489688277244568,-1.9073486328125e-06,0.03113384119101933,-0.20298096537590027,0.11543905735015869,0.5894736842105264,0.7521929824561404,0.30357142857142855
Clean_Control,All,29,0.0,-3.0547380447387695e-07,0.15348028764128685,1.7881393432617188e-07,-1.4901161193847656e-08,0.050062716007232666,-1.9371509552001953e-07,-0.04100192817194121,-0.1595783717930317,0.12879138812422752,0.41428571428571426,0.5549798503166379,0.35714285714285715
Clean_Control,All,30,-1.2268819212913513,-1.3754278421401978,-0.1254100203514099,-1.356249451637268,-1.4726991057395935,-1.2382826209068298,0.20009422302246094,0.41988670187337057,-0.09242412447929382,1.1795988082885742,0.0,0.007077831132452981,0.0
Clean_Control,All,31,2.384185791015625e-07,0.0,0.34497682750225067,0.08922678232192993,3.5762786865234375e-07,0.23894373327493668,-4.76837158203125e-07,0.051446003573281426,-0.15737925469875336,0.24216295778751373,0.55,0.7276373626373627,0.39285714285714285
Clean_Control,All,32,-0.018578913062810898,-0.19344544038176537,0.0,-0.03947695717215538,-0.12810355052351952,-4.945322871208191e-07,3.3527612686157227e-07,-0.045872549676070254,-0.14664157945662737,0.08648489788174629,0.0,0.2707537960677287,0.10714285714285714
Clean_Control,All,33,0.0,-0.23399189859628677,0.0,-0.09218927472829819,-0.1933848075568676,0.0,0.0,0.023160674160213342,-0.11103111691772938,0.16384294256567955,0.0,0.20296170522854462,0.10714285714285714
Clean_Control,All,34,0.0,0.0,0.1623949408531189,0.02544155716896057,3.2782554626464844e-07,0.11201900243759155,-4.172325134277344e-07,0.050360185227223804,-0.04843701422214508,0.06343857944011688,0.3666666666666667,0.6705415843627466,0.32142857142857145
Clean_Control,All,35,-0.5586529672145844,-0.8229328244924545,-0.001047581434249878,-0.8084417283535004,-0.8556788563728333,-0.7402864694595337,0.3012062907218933,0.29083114489912987,-0.02809123694896698,0.6771112084388733,0.0,0.07667080916873792,0.03571428571428571
Clean_Control,All,36,-0.30128465592861176,-0.43268774449825287,0.0,-0.28248877823352814,-0.35690126568078995,-0.10302736703306437,8.25151801109314e-07,-0.040485544595867395,-0.21311558037996292,0.18504162784665823,0.0,0.1597654513116941,0.07142857142857142
Clean_Control,All,37,2.9802322387695312e-08,-7.450580596923828e-08,0.03372587636113167,2.682209014892578e-07,1.1920928955078125e-07,0.002357795834541321,-2.384185791015625e-07,0.025135711367641176,-0.003295809030532837,0.016857393085956573,0.5,0.6206361724500526,0.375
Clean_Control,All,38,1.7881393432617188e-07,0.0,0.19821717590093613,0.021837979555130005,3.427267074584961e-07,0.1488863080739975,-4.917383193969727e-07,0.007286381508622851,-0.14400726556777954,0.05596168339252472,0.6,0.6387776731040979,0.35714285714285715
Clean_Control,All,39,1.1920928955078125e-07,0.0,0.40340977907180786,0.07286250591278076,2.384185791015625e-07,0.25578027963638306,-2.384185791015625e-07,0.08273870604378837,-0.1098325252532959,0.272331640124321,0.5,0.7061457992808107,0.4107142857142857
Clean_Control,All,40,0.02692200243473053,0.0,0.3125152438879013,0.10745149850845337,2.0116567611694336e-07,0.304265558719635,-1.6391277313232422e-07,0.016076312001262392,-0.15234331041574478,0.20761050283908844,0.75,0.7377378865656692,0.4107142857142857
Clean_Control,All,41,0.0,0.0,0.20803424715995789,0.0,0.0,0.0,0.0,0.07802209984843753,0.0,0.15915926545858383,0.1,0.38180051813471505,0.30357142857142855
Clean_Control,All,42,1.4901161193847656e-08,-5.960464477539063e-08,0.128008171916008,3.0547380447387695e-07,1.1175870895385742e-07,0.0514298677444458,-1.7881393432617188e-07,0.040130531415343285,-0.021450545638799667,0.09100338444113731,0.5,0.6160256410256411,0.375
Clean_Control,All,43,0.10154351592063904,0.0,0.3444446548819542,0.08504559099674225,3.5762786865234375e-07,0.19524149969220161,-2.086162567138672e-07,0.06395067993019309,-0.11590034514665604,0.19990848004817963,0.8,0.7160385626643295,0.44642857142857145
Clean_Control,All,44,5.960464477539063e-08,0.0,0.25111862272024155,8.195638656616211e-07,1.862645149230957e-07,0.12581504881381989,-2.682209014892578e-07,0.02897381117301328,-0.06849001348018646,0.15100379288196564,0.5,0.6464285714285715,0.39285714285714285
Clean_Control,All,45,0.0,-0.03439972549676895,0.0068991780281066895,0.0,-0.03226341772824526,0.0,0.0,-0.026268264033465778,-0.012390650808811188,0.01500066157313995,0.0,0.30317919075144506,0.2857142857142857
Clean_Control,All,46,-0.666917234659195,-1.0439627170562744,0.0,-0.9598918259143829,-1.0594913065433502,-0.8876744210720062,0.2427573800086975,0.3276596739888191,-0.006516814231872559,0.7618637979030609,0.0,0.10438838168296327,0.0
Clean_Control,All,47,0.0,0.0,0.23310782760381699,0.0,0.0,0.10264008678495884,0.0,0.10380169759238404,-0.056164300069212914,0.15415419824421406,0.0,0.4317356572258533,0.30357142857142855
Clean_Control,All,48,0.0,-0.05083105154335499,2.5704503059387207e-07,-1.1362135410308838e-07,-2.0489096641540527e-07,2.7008354663848877e-08,6.705522537231445e-08,-0.03213507482515914,-0.05576864629983902,0.000126667320728302,0.125,0.4593192573716782,0.35714285714285715
Clean_Control,All,49,-0.0636482834815979,-0.4943232536315918,0.0,-0.20117729902267456,-0.36381620168685913,-5.21540641784668e-07,1.7881393432617188e-07,-0.024326957762241364,-0.3378126919269562,0.2816043943166733,0.0,0.23679561093546586,0.14285714285714285
Clean_Control,All,50,0.0,-2.7567148208618164e-07,0.021405640989542007,8.940696716308594e-08,0.0,1.7881393432617188e-07,-1.043081283569336e-07,-0.004340896915112223,-0.011636953800916672,0.009364768862724304,0.41428571428571426,0.5357734688647817,0.32142857142857145
Clean_Control,All,51,-2.384185791015625e-07,-0.33600983768701553,0.0,-0.2214922159910202,-0.31548482924699783,-0.15220901370048523,0.14227943122386932,0.11907818647367614,-0.004343435168266296,0.2786988243460655,0.0,0.1804986804986805,0.19642857142857142
Clean_Control,All,52,0.014598190784454346,0.0,0.4037431702017784,0.18355479836463928,0.04038369655609131,0.47819022834300995,-0.031169921159744263,-0.01868636959365436,-0.253655344247818,0.2429797351360321,0.675,0.7792881264304871,0.35714285714285715
Clean_Control,All,53,0.0,-1.1920928955078125e-07,0.3203011751174927,2.384185791015625e-07,1.1920928955078125e-07,0.06815242767333984,0.0,0.0916936844587326,-5.066394805908203e-07,0.13810668885707855,0.38095238095238093,0.5835913312693499,0.4107142857142857
Clean_Control,All,54,5.960464477539063e-08,0.0,0.12475115060806274,1.1920928955078125e-07,0.0,3.8743019104003906e-07,-8.940696716308594e-08,0.05896158888936043,-5.960464477539062e-07,0.11305844783782959,0.5,0.5313625243946016,0.42857142857142855
Clean_Control,All,55,0.0,-5.960464477539063e-08,0.040806662291288376,2.384185791015625e-07,8.568167686462402e-08,3.650784492492676e-07,-1.1175870895385742e-07,0.011292902220572745,-0.004624627530574799,0.03932146355509758,0.4722222222222222,0.5938066982515856,0.42857142857142855
Clean_Control,All,56,-8.195638656616211e-08,-0.08668802864849567,0.0,-1.862645149230957e-07,-2.8032809495925903e-07,-1.2665987014770508e-07,6.705522537231445e-08,-0.04861364151085062,-0.0857954928651452,3.762543201446533e-07,0.2,0.3879957989710284,0.21428571428571427
Clean_Control,All,57,-0.3217064440250397,-0.6076143085956573,0.0,-0.4624190628528595,-0.5516570508480072,-0.3634682819247246,0.15767160803079605,0.11849055878285851,-0.1731928288936615,0.4291686788201332,0.0,0.10563847429519072,0.10714285714285714
Clean_Control,All,58,0.019194722175598145,0.0,0.42011725902557373,0.022775709629058838,2.384185791015625e-07,0.276359498500824,-2.980232238769531e-07,0.10742145670311791,-0.11426833271980286,0.276406466960907,0.6904761904761905,0.7433286737945017,0.39285714285714285
Clean_Control,All,59,-0.0011542737483978271,-0.22790372371673584,0.0,-0.04969024658203125,-0.10659095644950867,-5.662441253662109e-07,-3.5762786865234375e-07,-0.0530454654778753,-0.18604354560375214,0.10361483693122864,0.18333333333333335,0.3720408649004925,0.16071428571428573
Clean_Control,All,60,0.0,-5.736947059631348e-07,0.1372024342417717,5.662441253662109e-07,2.2351741790771484e-07,0.09235350787639618,-2.384185791015625e-07,0.0134408138692379,-0.07881005108356476,0.05478651821613312,0.3666666666666667,0.5995514147688061,0.3392857142857143
Clean_Control,All,61,0.0,0.0,0.35609859228134155,0.06977984309196472,0.0,0.2082887999713421,0.0,0.07505050792159247,-0.1163746677339077,0.15375925227999687,0.3666666666666667,0.5406766917293233,0.375
Clean_Control,All,62,-0.05812974274158478,-0.3082161694765091,0.0,-0.2124582827091217,-0.2518962398171425,-0.1389935426414013,0.09858353435993195,0.05512651960764613,-0.09617167711257935,0.18983322381973267,0.0,0.18278188242852556,0.125
Clean_Control,All,63,0.0,-0.048438265919685364,0.019812583923339844,0.0,-0.005744427442550659,3.8743019104003906e-07,-2.086162567138672e-07,0.015613981655665807,-0.07416023313999176,0.11607922613620758,0.30952380952380953,0.49046692957340676,0.30357142857142855
Clean_Control,All,64,-7.897615432739258e-07,-0.23382557183504105,0.0,-4.76837158203125e-07,-0.0329095795750618,-2.3469328880310059e-07,-2.9802322387695312e-08,-0.1131329586330269,-0.18422792106866837,0.0010550841689109802,0.0,0.3266194331983806,0.14285714285714285
Clean_Control,All,65,1.1920928955078125e-07,0.0,0.36161235719919205,0.2576906085014343,0.06935444474220276,0.4102126955986023,-0.09321624040603638,-0.08857876168830055,-0.3664926141500473,0.13996341824531555,0.5,0.6954318244931963,0.375
Clean_Control,All,66,0.0,0.0,0.367465615272522,0.0,0.0,0.05073374789208174,0.0,0.16728361283562013,0.0,0.10336385574191809,0.3333333333333333,0.45266671351275384,0.30357142857142855
Clean_Control,All,67,0.0,-0.24172797799110413,0.0,-0.09258966892957687,-0.11968875490128994,0.0,0.0,-0.008448688030642058,-0.10707331774756312,0.08974614925682545,0.0,0.08796415678184631,0.125
Clean_Control,All,68,-6.556510925292969e-07,-0.14286689460277557,0.0,-3.5762786865234375e-07,-0.02744269371032715,0.0,-8.940696716308594e-07,-0.0161388527069773,-0.1108706146478653,0.00923977792263031,0.0,0.3879802420072921,0.16071428571428573
Clean_Control,All,69,6.258487701416016e-07,0.0,0.4175023064017296,0.14740729331970215,5.662441253662109e-07,0.36839377880096436,-0.04002003371715546,-0.003034976976258414,-0.2209537923336029,0.19331204891204834,0.6754385964912281,0.7495487364620939,0.375
Clean_Control,All,70,0.0014942586421966553,0.0,0.3312070593237877,0.0908403992652893,3.5762786865234375e-07,0.2498251050710678,-2.384185791015625e-07,0.041024072361843925,-0.1618979126214981,0.13193964958190918,0.8571428571428571,0.760931056360368,0.39285714285714285
Clean_Control,All,71,0.15325546264648438,0.0,0.48682093620300293,0.2618357539176941,0.1489471197128296,0.40257444977760315,-0.05435699224472046,-0.04952405925307955,-0.2619931995868683,0.11095878481864929,0.6904761904761905,0.7298692139034973,0.375
Clean_Control,All,72,-0.0848621353507042,-0.5034489929676056,0.0,-0.35218535363674164,-0.43626730889081955,-0.21361082792282104,0.11434832215309143,0.12460544121651244,-0.16996145248413086,0.3935503587126732,0.0,0.2813243794627678,0.14285714285714285
Clean_Control,All,73,0.0,-0.022771552205085754,3.8743019104003906e-07,-2.9802322387695312e-08,-2.5331974029541016e-07,0.0,8.940696716308594e-08,0.016558038336890086,-0.028620943427085876,0.05670945346355438,0.2,0.4219368155495671,0.32142857142857145
Clean_Control,All,74,0.0,-0.1378067545592785,0.10601702332496643,0.0,-0.018015124136582017,0.0,0.0,-0.02406692247729682,-0.21387945860624313,0.19300374388694763,0.10526315789473684,0.3901170167771042,0.30357142857142855
Clean_Control,All,75,0.0,-0.03078163042664528,0.0,0.0,0.0,0.0,0.0,0.04695516253455675,-0.03078163042664528,0.0,0.0,0.4444444444444444,0.23214285714285715
Clean_Control,All,76,0.0,0.0,0.003453567624092102,0.0,0.0,0.0,0.0,0.011525998523991023,-0.07779133133590221,0.07637787237763405,0.0,0.3601082157617843,0.23214285714285715
Clean_Control,All,77,0.05305075645446777,0.0,0.4822210669517517,0.12826308608055115,7.152557373046875e-07,0.21525757014751434,-2.980232238769531e-07,0.06453049821513039,-0.12839408218860626,0.21888583898544312,0.7321428571428572,0.7104033448106246,0.42857142857142855
Clean_Control,All,78,-0.016330016776919365,-0.28892378509044647,0.0,0.0,-0.17556076124310493,0.0,0.0,-0.0612157121774674,-0.13319232687354088,0.02188761020079255,0.0,0.1944374629443456,0.03571428571428571
Clean_Control,All,79,-0.306601345539093,-0.6223443001508713,0.0,-0.33678893744945526,-0.42660872638225555,-0.26421409845352173,0.08022398129105568,0.005304366616266114,-0.3075660467147827,0.31332775950431824,0.0,0.1303540382487751,0.07142857142857142
Clean_Control,All,80,5.960464477539062e-07,0.0,0.44404903054237366,0.13068105280399323,2.8312206268310547e-07,0.2828609347343445,-1.6391277313232422e-07,0.04710496057357107,-0.12774138152599335,0.2593621611595154,0.743421052631579,0.720969387755102,0.42857142857142855
Clean_Control,All,81,0.0,0.0,0.013839304447174072,3.5762786865234375e-07,0.0,0.19341668486595154,-1.1920928955078125e-07,-0.0256606393626758,-0.11388406157493591,0.008176684379577637,0.38421052631578945,0.5272958289519805,0.3392857142857143
Clean_Control,All,82,1.1920928955078125e-07,-1.4901161193847656e-08,0.4009310081601143,0.2706431746482849,0.03439483046531677,0.5097026079893112,-0.08699069917201996,-0.10525728283183915,-0.2829340100288391,1.341104507446289e-07,0.5,0.7265541065436935,0.25
Clean_Control,All,83,0.0,-0.1532767415046692,0.0,-8.940696716308594e-07,-0.06519627571105957,0.0,-3.5762786865234375e-07,-0.032788608755384176,-0.15356141328811646,0.0327678918838501,0.1,0.3779073230292742,0.19642857142857142
Clean_Control,All,84,-0.1501285582780838,-0.51439368724823,0.0,-0.1358185112476349,-0.2742003798484802,0.006802111864089966,-0.10521802306175232,-0.12304673822862762,-0.4075773060321808,0.2301362156867981,0.0,0.3406094716560186,0.17857142857142858
Clean_Control,All,85,0.0,-0.09880432300269604,0.0,-0.01794995041564107,-0.0644086068496108,0.0,0.0,-0.04447021825555047,-0.0745597155764699,0.04271505679935217,0.0,0.11506390848239857,0.125
Clean_Control,All,86,2.384185791015625e-07,0.0,0.24898099899291992,0.06551605463027954,4.172325134277344e-07,0.279926598072052,-2.384185791015625e-07,0.02784512085574014,-0.0979856550693512,0.09409105777740479,0.6333333333333333,0.7494075829383886,0.35714285714285715
Clean_Control,All,87,0.0,0.0,0.04940640926361084,0.0,0.0,0.004716910421848297,0.0,-0.0011267154810151883,-0.028720001690089703,0.010494828224182129,0.2111111111111111,0.3922713287283249,0.25
Clean_Control,All,88,0.0,-2.980232238769531e-07,7.748603820800781e-07,7.152557373046875e-07,0.0,0.21014416217803955,-8.940696716308594e-07,-0.0459952141557421,-0.20856624841690063,0.0,0.3333333333333333,0.5705016039661709,0.23214285714285715
Clean_Control,All,89,0.0,0.0,0.14109261333942413,0.0,0.0,0.0,0.0,0.10026381437533669,0.0,0.13933149725198746,0.17142857142857143,0.3690097259062776,0.3392857142857143
Clean_Control,All,90,2.980232238769531e-07,0.0,0.4415823519229889,0.05222529172897339,1.1920928955078125e-07,0.2002195119857788,-2.384185791015625e-07,0.0852252793099199,-0.1735794097185135,0.3274590075016022,0.6666666666666666,0.6711249277038751,0.42857142857142855
Clean_Control,All,91,1.341104507446289e-07,0.0,0.11474904976785183,5.21540641784668e-07,1.0058283805847168e-07,0.10625527054071426,-2.980232238769531e-07,0.018625111851309026,-0.060167159885168076,0.06098998710513115,0.5714285714285714,0.6906774059941663,0.32142857142857145
Clean_Control,All,92,-0.2852035462856293,-0.5729623585939407,0.0,-0.5728011429309845,-0.672265961766243,-0.4505527839064598,0.26850539445877075,0.22686805655913694,0.027833878993988037,0.4633316397666931,0.0,0.09840489073150165,0.05357142857142857
Clean_Control,All,93,0.0,0.0,0.27144981920719147,7.450580596923828e-07,1.1920928955078125e-07,0.27439938485622406,-2.384185791015625e-07,0.0024071176137243,-0.09983634948730469,0.06976310908794403,0.5,0.669826224328594,0.3392857142857143
Clean_Control,All,94,0.053262948989868164,0.0,0.331127792596817,0.06610395014286041,2.384185791015625e-07,0.34666624665260315,-2.384185791015625e-07,0.021786511476550783,-0.2095935344696045,0.24410095065832138,0.6666666666666666,0.6936971252155086,0.44642857142857145
Clean_Control,All,95,-0.09766542911529541,-0.3621293306350708,0.0,-0.2594989538192749,-0.43142586946487427,-4.76837158203125e-07,4.76837158203125e-07,0.06929938495159149,-0.18278497457504272,0.2732805013656616,0.0,0.2290029159594377,0.125
