image_id,cohort,model,level,n_neck_px,n_crack_px,e_neck,e_crack,e_bg,sep_margin,r_norm,cos_neck_crack
20160222_080850_1281_721,Resistant_82,U0-C1,Stage0,21,1974,11.762378692626953,11.839920997619629,10.495317459106445,0.006549308771482187,0.9423307296376601,0.985381543636322
20160222_115837_1281_1081,Resistant_82,U0-C1,Stage0,153,2563,11.209216117858887,10.81222152709961,12.023113250732422,-0.036717112486748915,0.6721469120556472,0.994813084602356
20160222_164851_1281_1081,Resistant_82,U0-C1,Stage0,40,6288,11.997014045715332,12.228172302246094,12.12632942199707,0.018903825683293296,-1.2697537222586384,0.9606541395187378
20160222_164851_641_361,Resistant_82,U0-C1,Stage0,182,2383,11.634451866149902,11.982372283935547,12.231989860534668,0.02903610240987009,2.393813779165059,0.9985110759735107
20160222_165225_1921_721,Resistant_82,U0-C1,Stage0,62,6489,12.0888671875,11.65253734588623,11.935917854309082,-0.03744496080270876,-0.5397313105342155,0.9982941150665283
20160222_165402_1281_361,Resistant_82,U0-C1,Stage0,30,8779,12.573203086853027,11.400453567504883,11.99366569519043,-0.10286857531899396,-0.9769479830489946,0.9870087504386902
20160222_165926_1921_721,Resistant_82,U0-C1,Stage0,153,4885,11.917144775390625,11.614948272705078,11.95352840423584,-0.02601780650008534,0.1074594326628679,0.9991299510002136
20160222_165926_1_721,Resistant_82,U0-C1,Stage0,55,1535,12.44216537475586,11.823884963989258,12.134102821350098,-0.052290711585821326,-0.9930522892092214,0.9966009855270386
20160222_165926_641_361,Resistant_82,U0-C1,Stage0,46,3097,11.949769020080566,11.564309120178223,12.003532409667969,-0.033331767818105096,0.12240559841410112,0.9975482225418091
20160302_155857_641_721,Resistant_82,U0-C1,Stage0,217,11505,12.055124282836914,12.695317268371582,11.575920104980469,0.05042756487087141,0.4280912919278259,0.9971649050712585
20160307_144202_1281_721,Resistant_82,U0-C1,Stage0,386,3088,11.203035354614258,11.64607048034668,11.881583213806152,0.03804168010475173,2.881151474167149,0.9941180348396301
20160307_144202_1921_361,Resistant_82,U0-C1,Stage0,209,11832,11.951590538024902,12.575956344604492,11.943073272705078,0.04964765619592881,0.013457881397051953,0.997674822807312
20160307_144202_1_361,Resistant_82,U0-C1,Stage0,277,15191,12.453082084655762,12.585344314575195,12.416718482971191,0.010509304799627417,0.21564668555625308,0.999369204044342
20160307_144202_641_361,Resistant_82,U0-C1,Stage0,1230,11010,11.68831729888916,12.03288745880127,11.725546836853027,0.028635781100428748,-0.12113445247773606,0.9999136328697205
20160307_145059_1281_361,Resistant_82,U0-C1,Stage0,43,13513,11.97768783569336,12.18186092376709,11.564906120300293,0.016760499285858876,0.6690631357006387,0.9896057844161987
20160307_145059_1921_1081,Resistant_82,U0-C1,Stage0,145,5423,11.46533203125,11.633344650268555,11.282615661621094,0.01444241614317332,0.5209616984713106,0.9759660959243774
20160307_145059_1921_721,Resistant_82,U0-C1,Stage0,15,3228,9.47903823852539,11.777844429016113,12.01229476928711,0.1951806214766021,10.805087882719992,0.9458830952644348
20160307_145059_641_721,Resistant_82,U0-C1,Stage0,44,11276,11.385130882263184,12.151873588562012,11.368667602539062,0.06309674286965794,0.021020370142623875,0.9834507703781128
20160310_114505_641_1,Resistant_82,U0-C1,Stage0,235,4261,12.716403007507324,11.954730987548828,11.898416519165039,-0.06371293147782797,14.525334462320068,0.9920604228973389
20160310_114505_641_1081,Resistant_82,U0-C1,Stage0,156,4203,12.416666984558105,12.451288223266602,12.379034996032715,0.002780614769095524,0.5208347082348904,0.9971975088119507
20160310_114505_641_361,Resistant_82,U0-C1,Stage0,373,4244,12.529694557189941,12.265542030334473,12.015745162963867,-0.02153606458370283,2.0574693335267686,0.9987358450889587
20160310_114505_641_721,Resistant_82,U0-C1,Stage0,315,4357,12.537961959838867,12.511106491088867,12.087536811828613,-0.00214645016591275,1.0634027175809702,0.9973753094673157
20160316_142539_1281_721,Resistant_82,U0-C1,Stage0,45,9147,12.915578842163086,12.376888275146484,12.462586402893066,-0.04352382533617094,-5.28590823605346,0.9763127565383911
20160316_142539_1_721,Resistant_82,U0-C1,Stage0,143,3127,12.027575492858887,11.967765808105469,12.20065975189209,-0.004997480792566122,0.7431891796713443,0.9980487823486328
20160316_142539_641_721,Resistant_82,U0-C1,Stage0,55,12774,12.457330703735352,12.073280334472656,12.013127326965332,-0.03180985836602068,7.384558065794689,0.9952069520950317
20160316_143445_1281_1081,Resistant_82,U0-C1,Stage0,74,3774,12.483095169067383,12.442484855651855,12.390352249145508,-0.003263762071875842,1.7789810664959298,0.987209141254425
20160316_143445_1281_361,Resistant_82,U0-C1,Stage0,46,12391,11.781837463378906,12.86458969116211,11.533730506896973,0.08416538495290382,0.18642615192901218,0.9707551598548889
20160316_143527_1281_361,Resistant_82,U0-C1,Stage0,27,2354,13.116805076599121,12.523218154907227,12.210135459899902,-0.0473988288753453,2.8959429286821754,0.9948115944862366
20160316_143527_1281_721,Resistant_82,U0-C1,Stage0,345,20068,12.731255531311035,12.062028884887695,12.32214069366455,-0.05548200865111452,-1.5728422310786185,0.9987843632698059
20160316_143527_641_361,Resistant_82,U0-C1,Stage0,110,14737,12.053544044494629,12.17098331451416,11.822949409484863,0.009649200671426383,0.6625637091028662,0.9979012608528137
20160318_181632_1281_361,Resistant_82,U0-C1,Stage0,319,37603,12.592401504516602,13.14894962310791,11.801297187805176,0.042326504566321144,0.5870239951992617,0.9874380230903625
20160318_181632_1921_1,Resistant_82,U0-C1,Stage0,77,4124,11.765432357788086,13.1030912399292,11.699776649475098,0.10208734378476303,0.04678616524021361,0.9935329556465149
20160324_170347_1281_1,Resistant_82,U0-C1,Stage0,33,6830,12.07968521118164,12.063754081726074,11.935463905334473,-0.0013204950985532538,1.1241804314535913,0.9857757091522217
20160324_170347_1281_361,Resistant_82,U0-C1,Stage0,109,7667,11.958844184875488,11.699346542358398,11.994529724121094,-0.022180437120750796,0.12089286060441584,0.9939371943473816
20160324_170347_641_361,Resistant_82,U0-C1,Stage0,53,4102,11.378156661987305,11.542384147644043,11.752241134643555,0.014228297146214985,1.7825685863731588,0.9958873391151428
20160328_151020_1281_361,Resistant_82,U0-C1,Stage0,290,11361,12.876274108886719,12.46203327178955,12.046669960021973,-0.03324014587529156,1.9972976075676172,0.9998315572738647
20160328_151020_641_361,Resistant_82,U0-C1,Stage0,87,6794,12.597569465637207,12.434436798095703,12.32778263092041,-0.01311934404999704,2.5295479948137882,0.9914580583572388
20160328_151057_1281_1,Resistant_82,U0-C1,Stage0,88,4825,10.997505187988281,12.103645324707031,12.27946662902832,0.09138908284694314,7.291274774628177,0.9882166981697083
20160328_151057_1281_361,Resistant_82,U0-C1,Stage0,31,5857,11.595870018005371,12.01872730255127,12.050904273986816,0.03518328011925653,14.141612329579134,0.912013590335846
20160328_151057_641_721,Resistant_82,U0-C1,Stage0,23,5604,11.174115180969238,11.827004432678223,11.97730827331543,0.055203344196074866,5.343796199359157,0.9896821975708008
20160328_151244_1921_721,Resistant_82,U0-C1,Stage0,30,6222,11.586682319641113,11.856391906738281,11.808860778808594,0.022748114811873665,-4.674378009630819,0.9883451461791992
20160328_151752_1921_721,Resistant_82,U0-C1,Stage0,41,24640,12.018336296081543,12.340503692626953,11.910929679870605,0.02610658190810422,0.25003052564042794,0.9906761050224304
20160328_151752_1_721,Resistant_82,U0-C1,Stage0,123,236,12.623663902282715,11.414970397949219,11.842811584472656,-0.105886599466263,-1.8250985234851458,0.9694396257400513
20160328_151752_641_361,Resistant_82,U0-C1,Stage0,139,20836,12.405691146850586,12.456613540649414,12.041165351867676,0.004088060494498724,0.8774278112797816,0.9972485899925232
20160328_152022_1_361,Resistant_82,U0-C1,Stage0,29,2522,12.289791107177734,12.242910385131836,11.76574993133545,-0.003829131860157986,1.098249386915671,0.9988518953323364
20160328_152022_641_721,Resistant_82,U0-C1,Stage0,28,15391,12.154409408569336,12.448890686035156,12.108343124389648,0.023655300800485057,0.1352712201405808,0.993615448474884
20160328_153548_1921_721,Resistant_82,U0-C1,Stage0,14,17849,12.400296211242676,12.740884780883789,12.608948707580566,0.02673201655666102,-1.5814666232968304,0.9769265055656433
20160328_153548_641_361,Resistant_82,U0-C1,Stage0,614,4068,12.083227157592773,12.437588691711426,11.688732147216797,0.028491254567981406,0.5267965049864181,0.9978249669075012
20160328_153604_641_361,Resistant_82,U0-C1,Stage0,30,16239,11.187271118164062,12.459986686706543,12.065299987792969,0.10214428782303941,-2.2246223955501754,0.9641453623771667
20160328_153620_1281_721,Resistant_82,U0-C1,Stage0,824,21927,12.080758094787598,12.453682899475098,11.95028305053711,0.029945019296918063,0.25918769051232066,0.997917652130127
20160328_153620_1921_361,Resistant_82,U0-C1,Stage0,17,30015,10.839877128601074,12.622086524963379,11.711740493774414,0.1411977529737083,-0.9577274303427628,0.9903799891471863
20160328_153620_1_361,Resistant_82,U0-C1,Stage0,22,31387,12.327971458435059,12.79656982421875,0.0,0.036619135877935416,0.9633809394063694,0.9726812839508057
20160328_153620_641_721,Resistant_82,U0-C1,Stage0,112,47486,12.827446937561035,12.577378273010254,11.862955093383789,-0.01988233471557943,1.3500287668179094,0.9981744289398193
20160328_153629_1_361,Resistant_82,U0-C1,Stage0,83,33770,12.410170555114746,12.581754684448242,12.423101425170898,0.013637614148364396,-0.08150396729983168,0.9986010789871216
20160328_153629_641_721,Resistant_82,U0-C1,Stage0,142,28791,11.537317276000977,12.6829833984375,12.387083053588867,0.09033103616982019,-2.8717971857132727,0.9899322390556335
20160328_153829_1281_361,Resistant_82,U0-C1,Stage0,239,32381,11.463419914245605,12.293219566345215,11.44637393951416,0.06750067222997114,0.020128786394318803,0.980849027633667
20160328_153829_1281_721,Resistant_82,U0-C1,Stage0,44,3858,11.037842750549316,11.8462553024292,12.193567276000977,0.06824211221178023,3.3276264954706836,0.9939088821411133
20160328_153829_1921_1,Resistant_82,U0-C1,Stage0,549,19769,12.213011741638184,12.252410888671875,11.699522972106934,0.0032157053967568627,0.9287393595460073,0.9991097450256348
20160328_153829_1_1,Resistant_82,U0-C1,Stage0,204,17183,12.126421928405762,12.181347846984863,11.694676399230957,0.004509099876299549,0.8871396322249918,0.9985802173614502
20160328_153829_641_1,Resistant_82,U0-C1,Stage0,49,1042,12.107534408569336,12.290787696838379,11.784692764282227,0.014909888436710483,0.6379072848181292,0.996386706829071
20160328_153829_641_1081,Resistant_82,U0-C1,Stage0,18,6045,12.719493865966797,12.00228214263916,12.790704727172852,-0.059756190951676835,0.09032067650392334,0.9950741529464722
20160328_153829_641_721,Resistant_82,U0-C1,Stage0,19,2344,11.428824424743652,12.056009292602539,11.76523208618164,0.05202267189865639,-1.1569258319066453,0.9825339913368225
20160330_165956_1281_721,Resistant_82,U0-C1,Stage0,282,7081,11.052070617675781,11.266129493713379,11.411612510681152,0.019000301492783533,2.4713667649950835,0.9980124235153198
20160330_165956_1921_721,Resistant_82,U0-C1,Stage0,61,6352,12.1524076461792,11.537432670593262,11.981691360473633,-0.05330249283715416,-0.38427224856656483,0.9967678189277649
20160330_165956_1_721,Resistant_82,U0-C1,Stage0,31,2271,11.989829063415527,11.153724670410156,11.340357780456543,-0.07496180359029991,-3.4799360242004305,0.997775137424469
20160330_165956_641_721,Resistant_82,U0-C1,Stage0,16,8157,12.081425666809082,11.438108444213867,12.66397762298584,-0.056243230206251216,0.47521543592468435,0.0
20160330_172309_1281_721,Resistant_82,U0-C1,Stage0,73,25008,11.349663734436035,11.675246238708496,11.662882804870605,0.027886647504389406,-25.334310398025302,0.9945869445800781
20160402_150314_1281_721,Resistant_82,U0-C1,Stage0,39,8744,11.74425220489502,12.198302268981934,12.006952285766602,0.037222477099867035,-1.372877470158738,0.9965418577194214
20160402_151049_1_361,Resistant_82,U0-C1,Stage0,64,24614,12.705039978027344,11.879739761352539,12.98160457611084,-0.06947114699334933,0.2509968504114199,0.9966668486595154
20160402_151054_1921_361,Resistant_82,U0-C1,Stage0,88,14251,11.623754501342773,11.640291213989258,11.743743896484375,0.0014207300248535448,1.1598480797949815,0.9977689385414124
20160407_163130_1_721,Resistant_82,U0-C1,Stage0,26,3219,11.069783210754395,12.532849311828613,13.65039348602295,0.11673857619550143,2.3091796591655784,0.981105625629425
20160407_163257_1281_1,Resistant_82,U0-C1,Stage0,41,11421,12.143508911132812,12.67800521850586,11.987900733947754,0.04215941356716246,0.2254849528831843,0.9783496856689453
20160407_163257_1921_1081,Resistant_82,U0-C1,Stage0,95,6064,12.279389381408691,12.011608123779297,12.515714645385742,-0.02229345418002926,0.46880025123251495,0.9959605932235718
20160407_163257_641_361,Resistant_82,U0-C1,Stage0,35,10007,12.341949462890625,12.096356391906738,12.586254119873047,-0.020302977419318413,0.4986850173741228,0.9794154763221741
20160407_165001_1921_721,Resistant_82,U0-C1,Stage0,38,6578,11.232364654541016,12.120587348937988,11.906697273254395,0.07328222597996237,-3.1527064383805956,0.9947830438613892
IMG_2931_1297_485,Resistant_82,U0-C1,Stage0,84,1266,14.43884563446045,13.692967414855957,11.669059753417969,-0.054471550434255445,1.368533720097954,0.9980272054672241
IMG_2931_1945_485,Resistant_82,U0-C1,Stage0,19,5772,12.673500061035156,12.986238479614258,12.317669868469238,0.024082369578201424,0.5322268898572845,0.9973906874656677
IMG_2941_1_969,Resistant_82,U0-C1,Stage0,33,424,12.590372085571289,12.484997749328613,11.930401802062988,-0.008439995738753536,1.190001994717438,0.9964177012443542
IMG_2942_1297_485,Resistant_82,U0-C1,Stage0,131,4879,12.322379112243652,12.662443161010742,13.248632431030273,0.02685619335753453,1.5801267033696458,0.9969645738601685
IMG_2942_1945_485,Resistant_82,U0-C1,Stage0,270,3132,13.284987449645996,12.424439430236816,13.218674659729004,-0.0692624367464394,-0.08349263222608595,0.9986705780029297
IMG_2942_1_485,Resistant_82,U0-C1,Stage0,291,5175,13.238703727722168,12.981606483459473,13.149544715881348,-0.01980465397604081,-0.5309035980374341,0.9988555312156677
IMG_2942_649_485,Resistant_82,U0-C1,Stage0,176,2310,13.12603759765625,12.407209396362305,13.41073989868164,-0.05793624661226837,0.28370069506347184,0.997302770614624
20160222_080850_641_361,Sensitive_19,U0-C1,Stage0,196,16294,11.630216598510742,12.089218139648438,11.199065208435059,0.03796792297629259,0.4843565357786056,0.998378336429596
20160222_115224_1281_1,Sensitive_19,U0-C1,Stage0,616,4010,12.145435333251953,11.194212913513184,12.012746810913086,-0.08497438293460657,-0.1621051037230789,0.9978030323982239
20160222_115224_1281_361,Sensitive_19,U0-C1,Stage0,18,515,9.694366455078125,12.001849174499512,13.905170440673828,0.19226066696984156,2.2123453672429334,0.969815731048584
20160222_115224_1281_721,Sensitive_19,U0-C1,Stage0,30,1108,11.48982048034668,11.620274543762207,12.093889236450195,0.011226503444279778,1.275443446813566,0.9903594255447388
20160222_115224_641_1,Sensitive_19,U0-C1,Stage0,101,2863,11.861612319946289,11.614712715148926,12.349898338317871,-0.0212573990933016,0.6641669844778427,0.9963006377220154
20160222_115224_641_361,Sensitive_19,U0-C1,Stage0,21,3090,11.897521018981934,11.317960739135742,11.984033584594727,-0.05120703649687797,0.12988454071142624,0.9902324676513672
20160222_165926_1281_361,Sensitive_19,U0-C1,Stage0,54,1312,11.931965827941895,11.138213157653809,12.216429710388184,-0.071263818333269,0.2638281537460021,0.9987711906433105
20160307_144202_1281_361,Sensitive_19,U0-C1,Stage0,405,4113,11.46058177947998,12.238749504089355,11.733741760253906,0.06358236687228513,-0.540902558640629,0.9979934096336365
20160310_114505_1281_1,Sensitive_19,U0-C1,Stage0,267,1836,12.254121780395508,11.768024444580078,12.07809829711914,-0.04130653337763723,-0.5676824467299838,0.9992309212684631
20160316_142539_1921_361,Sensitive_19,U0-C1,Stage0,416,11450,12.671817779541016,11.920171737670898,12.23006820678711,-0.06305655617680106,-1.425474688413602,0.9908826947212219
20160316_143445_1921_1081,Sensitive_19,U0-C1,Stage0,81,8729,12.203371047973633,12.136372566223145,12.194291114807129,-0.00552038723799253,-0.1567707304221827,0.9982122182846069
20160316_143527_1_361,Sensitive_19,U0-C1,Stage0,47,2660,12.07153034210205,11.340888977050781,12.370126724243164,-0.06442531111136618,0.2901140994446061,0.9890092611312866
20160321_185557_1921_361,Sensitive_19,U0-C1,Stage0,50,9455,13.524104118347168,13.22248649597168,11.90040397644043,-0.022810883539680304,1.2281382727020913,0.9932402968406677
20160328_151057_1281_1081,Sensitive_19,U0-C1,Stage0,28,1183,12.115419387817383,12.02577018737793,12.28730583190918,-0.0074546737205134495,0.6572199533255543,0.9804376363754272
20160328_151057_641_1081,Sensitive_19,U0-C1,Stage0,30,4521,11.982321739196777,11.90591812133789,12.19183349609375,-0.0064171961089469765,0.7327754132700031,0.9967001080513
20160329_103807_361_1,Sensitive_19,U0-C1,Stage0,17,23188,12.774490356445312,12.5973482131958,11.759758949279785,-0.01406177920859375,1.211490465411784,0.9940367937088013
20160329_103807_361_1281,Sensitive_19,U0-C1,Stage0,253,33075,12.120333671569824,12.551810264587402,11.803126335144043,0.03437572346509954,0.4236865838186515,0.999272882938385
20160329_103807_361_1921,Sensitive_19,U0-C1,Stage0,50,24692,12.7456636428833,12.755464553833008,11.83547592163086,0.0007684479181365722,0.9893467042888923,0.9939643740653992
20160407_165001_1281_1081,Sensitive_19,U0-C1,Stage0,82,3776,11.26200008392334,12.106242179870605,11.401610374450684,0.0697361752447706,-0.1981322578025607,0.9961576461791992
20160222_164851_641_1,Clean_Control,U0-C1,Stage0,114,11720,12.100160598754883,12.3389253616333,12.209124565124512,0.019350610894383502,-0.839470706655107,0.9940358400344849
20160222_164851_641_1081,Clean_Control,U0-C1,Stage0,181,4766,11.637757301330566,11.789308547973633,11.715851783752441,0.01285505703505041,-1.0631353456669912,0.99897301197052
20160222_165225_641_361,Clean_Control,U0-C1,Stage0,33,8250,12.141040802001953,11.642112731933594,11.875853538513184,-0.042855368153622564,-1.1345355882412942,0.9848698973655701
20160222_165926_1_1081,Clean_Control,U0-C1,Stage0,22,433,10.618231773376465,11.074234962463379,11.512731552124023,0.04117703384978977,2.039924140435888,0.9845816493034363
20160222_165926_641_721,Clean_Control,U0-C1,Stage0,82,5651,11.378089904785156,11.506813049316406,11.638497352600098,0.011186775416684225,1.9775131987746324,0.999289333820343
20160307_145059_641_361,Clean_Control,U0-C1,Stage0,47,5302,11.2796630859375,11.781922340393066,11.089850425720215,0.042629733698369976,0.27426724910085576,0.9978048205375671
20160316_143445_1281_721,Clean_Control,U0-C1,Stage0,176,17896,11.128958702087402,12.234501838684082,11.680133819580078,0.09036281663208057,-0.9942404657171807,0.9984844326972961
20160316_143445_1_721,Clean_Control,U0-C1,Stage0,56,4231,12.62977123260498,12.43329906463623,12.535321235656738,-0.015802012896605655,-0.9257791321580138,0.9953899383544922
20160316_143527_1281_1081,Clean_Control,U0-C1,Stage0,135,10227,12.167612075805664,12.267677307128906,12.289422035217285,0.008156900500487674,5.601815709837288,0.9973709583282471
20160316_143527_1_1,Clean_Control,U0-C1,Stage0,39,8907,12.770649909973145,12.20170783996582,12.229668617248535,-0.046627982807113,-19.347863160407925,0.9863013029098511
20160316_143527_641_721,Clean_Control,U0-C1,Stage0,98,6484,11.675769805908203,11.862215995788574,11.75778865814209,0.015717735558754664,-0.7854155251141552,0.9783567786216736
20160316_143547_1921_1081,Clean_Control,U0-C1,Stage0,60,20855,13.820714950561523,12.478317260742188,12.745911598205566,-0.1075783340165819,-4.0165399707049,0.9851292371749878
20160316_143547_641_361,Clean_Control,U0-C1,Stage0,39,13970,11.449599266052246,12.252344131469727,11.43088150024414,0.06551773205895539,0.02278590053473204,0.9686402082443237
20160316_143547_641_721,Clean_Control,U0-C1,Stage0,25,1078,11.678254127502441,12.19212532043457,12.088144302368164,0.04214787309666035,-3.9419711644287916,0.986579179763794
20160318_181632_641_1,Clean_Control,U0-C1,Stage0,50,2599,11.364921569824219,12.892253875732422,11.533720016479492,0.1184690591855393,-0.12425045243119466,0.995702862739563
20160326_142521_1281_1081,Clean_Control,U0-C1,Stage0,67,3286,11.600933074951172,11.748045921325684,11.503005027770996,0.012522408819074626,0.3996396101874338,0.9937065839767456
20160326_142521_641_1081,Clean_Control,U0-C1,Stage0,61,2487,11.816388130187988,12.057295799255371,11.592103958129883,0.019980321715416305,0.48213264341754325,0.9971268177032471
20160326_142745_1281_1081,Clean_Control,U0-C1,Stage0,175,4508,12.141092300415039,12.04149055480957,11.866011619567871,-0.008271462480550218,1.5675994413134569,0.9996154308319092
20160326_142745_1921_1081,Clean_Control,U0-C1,Stage0,110,6268,11.48011589050293,11.861937522888184,11.266146659851074,0.032188889838579704,0.359134797000954,0.9947553873062134
20160328_151057_1281_721,Clean_Control,U0-C1,Stage0,121,16667,10.772198677062988,11.878225326538086,11.126947402954102,0.093113872313077,-0.47219373118110314,0.9983906149864197
20160328_151244_1921_1081,Clean_Control,U0-C1,Stage0,63,2482,10.971085548400879,11.13269329071045,10.898453712463379,0.014516588535483432,0.31007499450366016,0.9643787145614624
20160328_151244_1921_361,Clean_Control,U0-C1,Stage0,74,32088,11.835464477539062,12.100275039672852,11.605094909667969,0.021884753807727808,0.4652237719409746,0.9830246567726135
20160328_151752_1281_361,Clean_Control,U0-C1,Stage0,58,17459,11.184638977050781,12.452042579650879,11.073667526245117,0.1017828595357061,0.08050889381048355,0.9923604130744934
20160328_152022_1921_361,Clean_Control,U0-C1,Stage0,57,20409,11.60459041595459,12.296024322509766,11.831087112426758,0.056232391233726364,-0.4871554514462937,0.9910168051719666
20160328_152022_1_721,Clean_Control,U0-C1,Stage0,182,7414,11.320230484008789,12.334181785583496,11.732141494750977,0.08220668683131882,-0.6841917675851636,0.9948415160179138
20160328_152305_1281_361,Clean_Control,U0-C1,Stage0,90,16125,11.274659156799316,13.35832405090332,11.88113784790039,0.15598257162959972,-0.41056346848364883,0.9886549115180969
20160328_152305_1281_721,Clean_Control,U0-C1,Stage0,98,13297,10.960230827331543,13.33541202545166,11.445141792297363,0.17811088367393635,-0.2565299693455198,0.8972139358520508
20160328_152305_641_361,Clean_Control,U0-C1,Stage0,81,11877,11.731821060180664,12.9248628616333,11.854735374450684,0.09230602459141668,-0.11485950575255545,0.9942708015441895
20160328_152305_641_721,Clean_Control,U0-C1,Stage0,38,19480,11.663406372070312,12.86030387878418,11.157320976257324,0.09306921709829807,0.29717585247747813,0.9768343567848206
20160328_152511_1281_361,Clean_Control,U0-C1,Stage0,143,7435,11.763971328735352,11.996336936950684,11.641853332519531,0.019369795135530832,0.34449547084634774,0.9947397708892822
20160328_152511_1921_361,Clean_Control,U0-C1,Stage0,86,10809,11.91171932220459,12.528850555419922,11.731111526489258,0.04925688763136182,0.22639959832155793,0.9980885982513428
20160328_152747_1281_361,Clean_Control,U0-C1,Stage0,121,11851,10.964791297912598,12.078764915466309,11.091636657714844,0.09222586358158635,-0.1284993705794437,0.996321976184845
20160328_153548_1281_721,Clean_Control,U0-C1,Stage0,56,28411,11.71607780456543,12.646303176879883,12.353617668151855,0.07355717206415946,-2.1782419852526695,0.9934556484222412
20160328_153548_641_721,Clean_Control,U0-C1,Stage0,159,15994,12.489838600158691,12.320159912109375,12.107892990112305,-0.013772359732943329,1.799364717087942,0.9778249263763428
20160328_153604_1921_361,Clean_Control,U0-C1,Stage0,298,12156,11.585814476013184,12.447696685791016,11.566585540771484,0.06924037131474259,0.02182350700066673,0.9968602061271667
20160328_153604_641_721,Clean_Control,U0-C1,Stage0,136,14721,11.861737251281738,12.486105918884277,11.54725456237793,0.05000515145823614,0.33496536669453314,0.9906459450721741
20160328_153620_1281_361,Clean_Control,U0-C1,Stage0,33,45264,11.99921989440918,12.41481876373291,11.511422157287598,0.033476109781135244,0.5399596740140191,0.9783971905708313
20160328_153629_641_361,Clean_Control,U0-C1,Stage0,24,10160,13.471314430236816,12.453534126281738,12.561223030090332,-0.08172613588306943,-8.451115834218916,0.9770937561988831
20160328_153829_1921_361,Clean_Control,U0-C1,Stage0,236,3684,11.181309700012207,12.112515449523926,11.299334526062012,0.07687970979377445,-0.14513968865297966,0.9736369848251343
20160328_153829_641_361,Clean_Control,U0-C1,Stage0,26,7221,11.139001846313477,12.294720649719238,11.759799003601074,0.09400129879574404,-1.1605384859495174,0.976030707359314
20160329_103807_361_641,Clean_Control,U0-C1,Stage0,28,161,13.753100395202637,13.940984725952148,12.785552024841309,0.013477191243353004,0.8373905026498916,0.9613423943519592
20160329_103807_721_1281,Clean_Control,U0-C1,Stage0,53,2088,10.903485298156738,12.095026016235352,11.062056541442871,0.09851501087837067,-0.15351009604421192,0.9486948847770691
20160330_170359_1921_721,Clean_Control,U0-C1,Stage0,43,23505,12.079346656799316,12.724836349487305,12.191641807556152,0.05072683248984666,-0.21060821506184102,0.9913077354431152
20160330_172309_641_721,Clean_Control,U0-C1,Stage0,38,30824,11.432345390319824,11.885323524475098,11.834638595581055,0.038112475029391635,-7.937136621069863,0.9958537817001343
20160402_150314_1_721,Clean_Control,U0-C1,Stage0,19,9217,11.69761848449707,11.884394645690918,11.855725288391113,0.015716168222787985,-5.51483600558845,0.9979758262634277
20160402_151049_1281_721,Clean_Control,U0-C1,Stage0,24,35347,10.978093147277832,11.886474609375,11.746647834777832,0.07642151399197883,-5.496477264201775,0.9843096733093262
20160405_171348_1281_721,Clean_Control,U0-C1,Stage0,35,37239,13.373486518859863,12.581212043762207,12.631752967834473,-0.06297274136777031,-14.675900067929655,0.9920263886451721
20160405_171348_1_721,Clean_Control,U0-C1,Stage0,23,981,11.112619400024414,12.180032730102539,12.102185249328613,0.0876364018139002,-12.711597593992332,0.9949849843978882
20160405_171348_641_721,Clean_Control,U0-C1,Stage0,137,3006,11.966565132141113,12.26473331451416,11.74293041229248,0.02431109999832537,0.42858082792652835,0.9806995987892151
20160407_163130_1281_721,Clean_Control,U0-C1,Stage0,21,21747,11.991642951965332,12.211202621459961,12.039079666137695,0.017980264378588573,-0.27559783692737305,0.98459392786026
20160407_163130_1_361,Clean_Control,U0-C1,Stage0,56,2534,12.153501510620117,12.880182266235352,12.434101104736328,0.056418588198211994,-0.6290326028861571,0.9946213364601135
20160407_165001_1281_361,Clean_Control,U0-C1,Stage0,82,12410,11.389487266540527,12.265023231506348,11.798192024230957,0.07138485407283124,-0.8754872239064531,0.9868267178535461
20160407_165001_1_1081,Clean_Control,U0-C1,Stage0,106,4495,11.633872985839844,11.780744552612305,11.870818138122559,0.012467170784440929,2.630573113532171,0.9982128143310547
20160407_165001_641_721,Clean_Control,U0-C1,Stage0,154,1409,11.600321769714355,11.857330322265625,11.553211212158203,0.02167515991297786,0.15490824479761173,0.9769154787063599
IMG_2931_649_485,Clean_Control,U0-C1,Stage0,36,13266,12.132091522216797,12.780011177062988,12.484112739562988,0.05069796850499486,-1.1896690645627064,0.9751060605049133
IMG_2941_1_485,Clean_Control,U0-C1,Stage0,56,1365,12.69225788116455,13.260076522827148,12.343478202819824,0.04282174374057002,0.3805152930478201,0.9979530572891235
20160222_080850_1281_721,Resistant_82,U0-C2-A,Stage0,21,1974,11.184822082519531,11.537208557128906,10.128623008728027,0.030543561930157725,0.7498295541868736,0.9820204377174377
20160222_115837_1281_1081,Resistant_82,U0-C2-A,Stage0,150,2563,10.826388359069824,10.498551368713379,11.5596923828125,-0.03122678049722616,0.6910523804088661,0.9944958686828613
20160222_164851_1281_1081,Resistant_82,U0-C2-A,Stage0,34,6288,11.424919128417969,11.71517276763916,11.592357635498047,0.024775956804239718,-1.363337759452093,0.9578709006309509
20160222_164851_641_361,Resistant_82,U0-C2-A,Stage0,179,2383,11.206367492675781,11.56055736541748,11.726162910461426,0.030637868997853368,3.138756118629427,0.9985500574111938
20160222_165225_1921_721,Resistant_82,U0-C2-A,Stage0,62,6489,11.695542335510254,11.254558563232422,11.530867576599121,-0.03918258815906772,-0.5959804094142498,0.9983646273612976
20160222_165402_1281_361,Resistant_82,U0-C2-A,Stage0,30,8779,11.891392707824707,10.943948745727539,11.494608879089355,-0.08657230562183882,-0.7205602960812872,0.9860810041427612
20160222_165926_1921_721,Resistant_82,U0-C2-A,Stage0,152,4885,11.475566864013672,11.245229721069336,11.402539253234863,-0.020483007299509914,-0.4642287709683482,0.9990149140357971
20160222_165926_1_721,Resistant_82,U0-C2-A,Stage0,56,1535,12.08515739440918,11.495668411254883,11.624800682067871,-0.05127913495643477,-3.5650012924190393,0.9967441558837891
20160222_165926_641_361,Resistant_82,U0-C2-A,Stage0,45,3097,11.415945053100586,11.11897087097168,11.361443519592285,-0.026708690837164095,-0.2247739438586279,0.9979280233383179
20160302_155857_641_721,Resistant_82,U0-C2-A,Stage0,216,11505,11.690556526184082,12.414867401123047,11.23646068572998,0.058342291801775636,0.38534729522704264,0.9968737363815308
20160307_144202_1281_721,Resistant_82,U0-C2-A,Stage0,379,3088,10.84619426727295,11.418927192687988,11.360349655151367,0.050156539716379345,-8.777347247773635,0.9915425777435303
20160307_144202_1921_361,Resistant_82,U0-C2-A,Stage0,208,11832,11.391979217529297,12.388009071350098,11.427679061889648,0.0804028127265034,-0.03717455875445268,0.9974696040153503
20160307_144202_1_361,Resistant_82,U0-C2-A,Stage0,275,15191,12.015642166137695,12.2902193069458,11.963788986206055,0.02234118949462016,0.15884915290384968,0.9992943406105042
20160307_144202_641_361,Resistant_82,U0-C2-A,Stage0,1246,11010,11.261100769042969,11.768542289733887,11.301117897033691,0.04311854986619945,-0.08561198049497072,0.9999263882637024
20160307_145059_1281_361,Resistant_82,U0-C2-A,Stage0,80,14174,10.822527885437012,11.917236328125,10.572446823120117,0.09185933052658468,0.18596297887972177,0.9948949813842773
20160307_145059_1921_1081,Resistant_82,U0-C2-A,Stage0,145,5423,10.834324836730957,11.301716804504395,10.720612525939941,0.04135592268877508,0.19568314153860292,0.9746890664100647
20160307_145059_1921_721,Resistant_82,U0-C2-A,Stage0,15,3228,9.254448890686035,11.42038631439209,11.332756996154785,0.1896554262197847,-23.717040680843652,0.9424228668212891
20160307_145059_641_721,Resistant_82,U0-C2-A,Stage0,48,11276,10.762923240661621,11.905035972595215,10.832549095153809,0.09593533682950173,-0.06492000597554295,0.9831533432006836
20160310_114505_641_1,Resistant_82,U0-C2-A,Stage0,226,4261,12.103442192077637,11.688339233398438,11.398682594299316,-0.035514191954566954,2.4330862913076547,0.9926233291625977
20160310_114505_641_1081,Resistant_82,U0-C2-A,Stage0,157,4203,11.985587120056152,12.171036720275879,11.875545501708984,0.0152370409559065,0.37240233019735675,0.9971276521682739
20160310_114505_641_361,Resistant_82,U0-C2-A,Stage0,364,4244,12.011758804321289,11.94139289855957,11.442747116088867,-0.005892520283599989,1.1411140096544443,0.9989760518074036
20160310_114505_641_721,Resistant_82,U0-C2-A,Stage0,297,4357,12.12391185760498,12.251382827758789,11.588088035583496,0.01040469974216185,0.8078215423103743,0.9970205426216125
20160316_142539_1281_721,Resistant_82,U0-C2-A,Stage0,45,9147,12.246732711791992,11.947945594787598,11.957780838012695,-0.02500731942798806,-29.379230097934645,0.9756609201431274
20160316_142539_1_721,Resistant_82,U0-C2-A,Stage0,141,3127,11.52924919128418,11.575239181518555,11.809296607971191,0.00397322124752153,1.1964901987148928,0.9978818893432617
20160316_142539_641_721,Resistant_82,U0-C2-A,Stage0,55,12774,11.972371101379395,11.640890121459961,11.490885734558105,-0.02847548151260959,3.209808571374077,0.9953837990760803
20160316_143445_1281_1081,Resistant_82,U0-C2-A,Stage0,74,3774,12.050821304321289,12.054556846618652,11.736336708068848,0.000309969253530995,0.9882611379833253,0.9856764674186707
20160316_143445_1281_361,Resistant_82,U0-C2-A,Stage0,48,12391,11.263343811035156,12.505866050720215,11.08881950378418,0.09935522540306396,0.12316060303617854,0.967383623123169
20160316_143527_1281_361,Resistant_82,U0-C2-A,Stage0,27,2354,12.631388664245605,12.198732376098633,11.859725952148438,-0.03546723047449252,2.276248051896904,0.9934574961662292
20160316_143527_1281_721,Resistant_82,U0-C2-A,Stage0,484,20605,12.460087776184082,11.70843505859375,11.5926513671875,-0.06419744821842666,7.491870387453875,0.9992452263832092
20160316_143527_641_361,Resistant_82,U0-C2-A,Stage0,124,14737,11.646111488342285,11.824115753173828,11.38662052154541,0.01505442381425759,0.5931286744109499,0.997696042060852
20160318_181632_1281_361,Resistant_82,U0-C2-A,Stage0,337,37603,12.032449722290039,12.726487159729004,11.348130226135254,0.054534953298046585,0.4964748095912855,0.986991822719574
20160318_181632_1921_1,Resistant_82,U0-C2-A,Stage0,77,4124,11.240246772766113,12.761730194091797,11.318778991699219,0.11922241568840386,-0.05442472261216462,0.9934844970703125
20160324_170347_1281_1,Resistant_82,U0-C2-A,Stage0,32,6830,11.848670959472656,11.674635887145996,11.458712577819824,-0.014907022291911876,1.8060040987226826,0.9853927493095398
20160324_170347_1281_361,Resistant_82,U0-C2-A,Stage0,95,7664,11.460219383239746,11.215582847595215,11.455026626586914,-0.021812108845050027,-0.021686746987951807,0.9938833713531494
20160324_170347_641_361,Resistant_82,U0-C2-A,Stage0,53,4102,10.985508918762207,11.103782653808594,11.207043647766113,0.010651750676519911,2.145386370143244,0.9960438013076782
20160328_151020_1281_361,Resistant_82,U0-C2-A,Stage0,282,11361,12.313693046569824,12.067663192749023,11.560259819030762,-0.020387446144600974,1.4848802088521589,0.9997912645339966
20160328_151020_641_361,Resistant_82,U0-C2-A,Stage0,86,6794,12.170317649841309,12.018842697143555,11.766756057739258,-0.012603038737724281,1.6008844937427176,0.9912165999412537
20160328_151057_1281_1,Resistant_82,U0-C2-A,Stage0,88,4825,10.70203685760498,11.720783233642578,11.647981643676758,0.08691802150179084,-12.993463281720768,0.987834095954895
20160328_151057_1281_361,Resistant_82,U0-C2-A,Stage0,31,5857,11.063846588134766,11.669943809509277,11.493454933166504,0.05193668275797081,-2.4341950265316488,0.9138751029968262
20160328_151057_641_721,Resistant_82,U0-C2-A,Stage0,21,5604,10.715848922729492,11.45793628692627,11.529895782470703,0.06476631400692989,11.312570406202372,0.9906278252601624
20160328_151244_1921_721,Resistant_82,U0-C2-A,Stage0,24,6222,11.10962963104248,11.454607963562012,11.31813907623291,0.030117076332936032,-1.5278899774979384,0.9899889230728149
20160328_151752_1921_721,Resistant_82,U0-C2-A,Stage0,38,24640,11.753912925720215,11.954252243041992,11.431532859802246,0.016758915278826447,0.6167363909864972,0.992233157157898
20160328_151752_1_721,Resistant_82,U0-C2-A,Stage0,123,236,12.251182556152344,11.232726097106934,11.462069511413574,-0.09066858388358079,-3.4407486568753014,0.9646281599998474
20160328_151752_641_361,Resistant_82,U0-C2-A,Stage0,139,20836,11.957262992858887,12.017035484313965,11.432759284973145,0.0049740625763349255,0.8976982264166957,0.9971485137939453
20160328_152022_1_361,Resistant_82,U0-C2-A,Stage0,22,2522,11.713430404663086,11.682642936706543,11.211590766906738,-0.002635231213356848,1.0653589345945005,0.9971415400505066
20160328_152022_641_721,Resistant_82,U0-C2-A,Stage0,28,15391,11.742648124694824,11.985705375671387,11.525957107543945,0.020279009293096117,0.47132535818669474,0.9929589629173279
20160328_153548_1921_721,Resistant_82,U0-C2-A,Stage0,13,17849,12.128947257995605,12.381584167480469,12.193700790405273,0.02040432675360515,-0.3446474798233592,0.9745030999183655
20160328_153548_641_361,Resistant_82,U0-C2-A,Stage0,616,4068,11.619462013244629,11.956223487854004,11.169650077819824,0.02816628902806917,0.5718626255180157,0.9974517226219177
20160328_153604_641_361,Resistant_82,U0-C2-A,Stage0,26,16239,10.900486946105957,12.02974796295166,11.568668365478516,0.09387245073222394,-1.4491671785834692,0.9651405215263367
20160328_153620_1281_721,Resistant_82,U0-C2-A,Stage0,790,21927,11.534488677978516,12.009013175964355,11.409126281738281,0.03951410923767462,0.2089767211900284,0.9980559349060059
20160328_153620_1921_361,Resistant_82,U0-C2-A,Stage0,17,30015,10.46316909790039,12.337678909301758,10.964109420776367,0.15193381779892956,-0.36469965812488025,0.9897657632827759
20160328_153620_1_361,Resistant_82,U0-C2-A,Stage0,22,31387,12.14212417602539,12.40805721282959,0.0,0.02143236534216364,0.9785677135233362,0.9661431908607483
20160328_153620_641_721,Resistant_82,U0-C2-A,Stage0,111,47486,12.337462425231934,12.128381729125977,11.311973571777344,-0.017238876837540662,1.2560982447615021,0.9981764554977417
20160328_153629_1_361,Resistant_82,U0-C2-A,Stage0,85,33770,12.175006866455078,12.257874488830566,12.045550346374512,0.006760439233617466,0.609711729354378,0.9986724853515625
20160328_153629_641_721,Resistant_82,U0-C2-A,Stage0,123,28789,11.297928810119629,12.249897956848145,11.849944114685059,0.07771248971782974,-1.3801975287446766,0.9907086491584778
20160328_153829_1281_361,Resistant_82,U0-C2-A,Stage0,232,32381,11.046576499938965,11.880254745483398,10.982340812683105,0.07017351001567274,0.07153880222743596,0.9810314774513245
20160328_153829_1281_721,Resistant_82,U0-C2-A,Stage0,44,3858,10.619841575622559,11.414932250976562,11.47873306274414,0.06965364210833047,13.462077727952167,0.9944778680801392
20160328_153829_1921_1,Resistant_82,U0-C2-A,Stage0,530,19769,11.731795310974121,11.906716346740723,11.2009916305542,0.01469103789672832,0.7521398475147498,0.9992414116859436
20160328_153829_1_1,Resistant_82,U0-C2-A,Stage0,203,17183,11.634063720703125,11.765864372253418,11.125665664672852,0.011202036346694144,0.7941254020202683,0.9985302686691284
20160328_153829_641_1,Resistant_82,U0-C2-A,Stage0,45,1042,11.542791366577148,11.872809410095215,11.214408874511719,0.027796202593907915,0.4987579358124403,0.9964984655380249
20160328_153829_641_1081,Resistant_82,U0-C2-A,Stage0,18,6045,12.095317840576172,11.509183883666992,12.070898056030273,-0.05092740822514541,-0.04347368421052632,0.9949922561645508
20160328_153829_641_721,Resistant_82,U0-C2-A,Stage0,19,2344,11.018086433410645,11.647490501403809,11.156084060668945,0.054037821613117654,-0.2808217715908143,0.9824286699295044
20160330_165956_1281_721,Resistant_82,U0-C2-A,Stage0,259,7081,10.492683410644531,10.879983901977539,10.947222709655762,0.03559761293994179,6.760073753634494,0.9969605803489685
20160330_165956_1921_721,Resistant_82,U0-C2-A,Stage0,61,6352,11.749409675598145,11.24818229675293,11.544816970825195,-0.044560651762307835,-0.6897127094558969,0.9957963228225708
20160330_165956_1_721,Resistant_82,U0-C2-A,Stage0,10,2271,11.293485641479492,10.75069522857666,10.896818161010742,-0.05048876848180606,-2.7146148373917414,0.0
20160330_165956_641_721,Resistant_82,U0-C2-A,Stage0,16,8157,11.711003303527832,11.064582824707031,12.381875038146973,-0.05842239428629559,0.5092808776780394,0.0
20160330_172309_1281_721,Resistant_82,U0-C2-A,Stage0,73,25008,10.707014083862305,11.197532653808594,11.079275131225586,0.04380603667839378,-3.1478847115369106,0.9946233630180359
20160402_150314_1281_721,Resistant_82,U0-C2-A,Stage0,38,8744,11.177589416503906,11.757195472717285,11.368441581726074,0.049298066725206424,-0.49093313184737436,0.9970664381980896
20160402_151049_1_361,Resistant_82,U0-C2-A,Stage0,64,24614,12.286304473876953,11.440244674682617,12.361532211303711,-0.07395460056130387,0.08165500393358453,0.9970319867134094
20160402_151054_1921_361,Resistant_82,U0-C2-A,Stage0,84,14251,10.994417190551758,11.148089408874512,11.140850067138672,0.013784712240978991,-20.22737452246081,0.9954288005828857
20160407_163130_1_721,Resistant_82,U0-C2-A,Stage0,26,3219,10.72323989868164,12.130905151367188,13.164127349853516,0.11603966225778595,2.362403222412157,0.9851031303405762
20160407_163257_1281_1,Resistant_82,U0-C2-A,Stage0,41,11421,11.537531852722168,12.306493759155273,11.338777542114258,0.06248431592278081,0.20538491254764843,0.9779317378997803
20160407_163257_1921_1081,Resistant_82,U0-C2-A,Stage0,95,6064,12.028627395629883,11.711762428283691,12.09843921661377,-0.027055188510807238,0.18054308686430226,0.9958068132400513
20160407_163257_641_361,Resistant_82,U0-C2-A,Stage0,35,10007,11.673685073852539,11.725238800048828,11.777628898620605,0.0043969016476809175,1.9840356785291708,0.9803085923194885
20160407_165001_1921_721,Resistant_82,U0-C2-A,Stage0,36,6578,10.670095443725586,11.69758415222168,11.358410835266113,0.08783776267710652,-2.0293913380889586,0.9953144788742065
IMG_2931_1297_485,Resistant_82,U0-C2-A,Stage0,82,1266,14.046415328979492,13.440784454345703,11.299492835998535,-0.04505911330040435,1.2828343740967272,0.9980856776237488
IMG_2931_1945_485,Resistant_82,U0-C2-A,Stage0,19,5772,12.217720031738281,12.80522632598877,11.822344779968262,0.045880270556237224,0.40226134407631864,0.9971545934677124
IMG_2941_1_969,Resistant_82,U0-C2-A,Stage0,33,424,12.182279586791992,12.36194896697998,11.434083938598633,0.01453414555696353,0.8063625907946763,0.9958541989326477
IMG_2942_1297_485,Resistant_82,U0-C2-A,Stage0,114,4879,12.194328308105469,12.730707168579102,13.121662139892578,0.04213275910270897,2.37197094251438,0.9942424893379211
IMG_2942_1945_485,Resistant_82,U0-C2-A,Stage0,246,3132,13.417044639587402,12.485247611999512,13.216328620910645,-0.07463175596618443,-0.27454689183583486,0.9984440803527832
IMG_2942_1_485,Resistant_82,U0-C2-A,Stage0,293,5175,13.099002838134766,12.822182655334473,12.969472885131836,-0.02158908265871906,-0.8794198582019489,0.9986571669578552
IMG_2942_649_485,Resistant_82,U0-C2-A,Stage0,0,0,0.0,0.0,0.0,1.0,0.0,0.0
20160222_080850_641_361,Sensitive_19,U0-C2-A,Stage0,196,16294,11.115824699401855,11.864144325256348,11.01518440246582,0.06307412842132587,0.11854540389283745,0.9985278844833374
20160222_115224_1281_1,Sensitive_19,U0-C2-A,Stage0,622,4010,11.770244598388672,10.924323081970215,11.606878280639648,-0.0774345863479633,-0.23934521056683494,0.9978815913200378
20160222_115224_1281_361,Sensitive_19,U0-C2-A,Stage0,18,515,9.452057838439941,11.670391082763672,13.233104705810547,0.19008223790527567,2.4195391987423593,0.9650298357009888
20160222_115224_1281_721,Sensitive_19,U0-C2-A,Stage0,30,1108,11.398043632507324,11.354867935180664,11.665287971496582,-0.003802306972728875,0.8609120150906762,0.9900013208389282
20160222_115224_641_1,Sensitive_19,U0-C2-A,Stage0,101,2863,11.474535942077637,11.309141159057617,11.920122146606445,-0.014624785920438255,0.7292963506384041,0.9960002899169922
20160222_115224_641_361,Sensitive_19,U0-C2-A,Stage0,21,3090,11.52576732635498,11.006171226501465,11.504105567932129,-0.047209428415302845,-0.043503242537184794,0.9885962605476379
20160222_165926_1281_361,Sensitive_19,U0-C2-A,Stage0,49,1312,11.522337913513184,10.751570701599121,11.676132202148438,-0.07168870127140803,0.16634295127352697,0.9988706707954407
20160307_144202_1281_361,Sensitive_19,U0-C2-A,Stage0,436,4113,10.953210830688477,12.033740043640137,11.27103042602539,0.08979171223920612,-0.41669803028162233,0.997664213180542
20160310_114505_1281_1,Sensitive_19,U0-C2-A,Stage0,254,1836,11.800860404968262,11.376484870910645,11.505101203918457,-0.03730277863243625,-2.2995462095147703,0.999290406703949
20160316_142539_1921_361,Sensitive_19,U0-C2-A,Stage0,204,10789,12.234951972961426,11.525947570800781,12.095647811889648,-0.06151367046325329,-0.24452185732890952,0.9965351819992065
20160316_143445_1921_1081,Sensitive_19,U0-C2-A,Stage0,81,8729,11.830968856811523,11.738941192626953,11.809431076049805,-0.007839434139335966,-0.30554428119165516,0.998317301273346
20160316_143527_1_361,Sensitive_19,U0-C2-A,Stage0,47,2660,11.56886100769043,10.984123229980469,11.976688385009766,-0.053234719989233126,0.4108822229481735,0.9889895915985107
20160321_185557_1921_361,Sensitive_19,U0-C2-A,Stage0,50,9455,13.338653564453125,12.932215690612793,11.649063110351562,-0.03142824494545904,1.3167494498258245,0.9929710030555725
20160328_151057_1281_1081,Sensitive_19,U0-C2-A,Stage0,28,1183,11.714035034179688,11.68091869354248,11.721660614013672,-0.0028349942903480585,0.1871679033730484,0.9817777276039124
20160328_151057_641_1081,Sensitive_19,U0-C2-A,Stage0,30,4521,11.616402626037598,11.532782554626465,11.66443157196045,-0.007250554128156672,0.36482570774535655,0.9960818290710449
20160329_103807_361_1,Sensitive_19,U0-C2-A,Stage0,17,23188,12.262219429016113,12.223418235778809,11.232434272766113,-0.0031742503868095184,1.0391542090341654,0.9930254220962524
20160329_103807_361_1281,Sensitive_19,U0-C2-A,Stage0,253,33075,11.775933265686035,12.105611801147461,11.415782928466797,0.02723360980372469,0.5220864934511943,0.9990524649620056
20160329_103807_361_1921,Sensitive_19,U0-C2-A,Stage0,50,24692,12.383923530578613,12.291322708129883,11.515210151672363,-0.007533755081845506,1.1193136506789643,0.9933376908302307
20160407_165001_1281_1081,Sensitive_19,U0-C2-A,Stage0,63,3776,10.747812271118164,11.600838661193848,10.862518310546875,0.0735315214233292,-0.15536079877548647,0.9965342283248901
20160222_164851_641_1,Clean_Control,U0-C2-A,Stage0,114,11720,11.564857482910156,11.907500267028809,11.790290832519531,0.02877545644839974,-1.9233379168938105,0.9922357201576233
20160222_164851_641_1081,Clean_Control,U0-C2-A,Stage0,181,4766,11.015521049499512,11.28773021697998,11.142024040222168,0.024115578431827434,-0.8682060948790449,0.9990571141242981
20160222_165225_641_361,Clean_Control,U0-C2-A,Stage0,33,8250,11.768349647521973,11.260943412780762,11.441526412963867,-0.04505885262743381,-1.8098228195717039,0.984836757183075
20160222_165926_1_1081,Clean_Control,U0-C2-A,Stage0,22,433,10.4701566696167,10.857343673706055,11.117488861083984,0.035661390121199066,2.488349671165986,0.9829171895980835
20160222_165926_641_721,Clean_Control,U0-C2-A,Stage0,82,5651,10.976906776428223,11.143834114074707,11.147017478942871,0.01497943355565734,53.43738765727981,0.9992941617965698
20160307_145059_641_361,Clean_Control,U0-C2-A,Stage0,47,5302,10.576955795288086,11.433478355407715,10.595528602600098,0.07491364032721293,-0.022164583556212116,0.9979326725006104
20160316_143445_1281_721,Clean_Control,U0-C2-A,Stage0,176,17896,10.877802848815918,11.88204288482666,11.308300018310547,0.08451753298884501,-0.7503311929762156,0.9985526204109192
20160316_143445_1_721,Clean_Control,U0-C2-A,Stage0,56,4231,12.08283519744873,12.078851699829102,12.04822826385498,-0.0003297082693693998,1.1300800348790134,0.994189441204071
20160316_143527_1281_1081,Clean_Control,U0-C2-A,Stage0,135,10227,11.937387466430664,11.968910217285156,11.973861694335938,0.00263380271456648,7.3663328197226505,0.9977065920829773
20160316_143527_1_1,Clean_Control,U0-C2-A,Stage0,39,8907,12.173501014709473,11.807841300964355,11.7361478805542,-0.030967445569225927,6.10032457167181,0.9817032814025879
20160316_143527_641_721,Clean_Control,U0-C2-A,Stage0,98,6484,11.076460838317871,11.541958808898926,11.364330291748047,0.04033101642081194,-1.6206263388758544,0.9759474992752075
20160316_143547_1921_1081,Clean_Control,U0-C2-A,Stage0,60,20855,13.543745994567871,12.277267456054688,12.536402702331543,-0.10315629596651887,-3.8873264316969856,0.9837365746498108
20160316_143547_641_361,Clean_Control,U0-C2-A,Stage0,39,13970,10.962392807006836,12.021389961242676,10.931479454040527,0.08809281368937094,0.028363202998808245,0.9690211415290833
20160316_143547_641_721,Clean_Control,U0-C2-A,Stage0,25,1078,11.444828987121582,11.807369232177734,11.646458625793457,0.0307046563228911,-1.2530537495480865,0.9860811233520508
20160318_181632_641_1,Clean_Control,U0-C2-A,Stage0,50,2599,10.981378555297852,12.479890823364258,11.103665351867676,0.12007421933425422,-0.08885665837651074,0.9959699511528015
20160326_142521_1281_1081,Clean_Control,U0-C2-A,Stage0,67,3286,11.11446475982666,11.32768726348877,11.051712989807129,0.018823214296015522,0.2273826802128689,0.9929221272468567
20160326_142521_641_1081,Clean_Control,U0-C2-A,Stage0,61,2487,11.283605575561523,11.594326972961426,11.098841667175293,0.026799517671444395,0.3728948290264342,0.9971840381622314
20160326_142745_1281_1081,Clean_Control,U0-C2-A,Stage0,175,4508,11.573067665100098,11.574481010437012,11.314899444580078,0.00012219513025624185,0.9945552938928914,0.999654233455658
20160326_142745_1921_1081,Clean_Control,U0-C2-A,Stage0,110,6268,10.947003364562988,11.418012619018555,10.781944274902344,0.04125150574974101,0.25949898495575485,0.9947700500488281
20160328_151057_1281_721,Clean_Control,U0-C2-A,Stage0,121,16667,10.452695846557617,11.507193565368652,10.741159439086914,0.09163821058388888,-0.37656754788389596,0.998431921005249
20160328_151244_1921_1081,Clean_Control,U0-C2-A,Stage0,63,2482,10.651254653930664,10.690435409545898,10.505067825317383,0.003665122181564673,0.7886321075051962,0.9625282883644104
20160328_151244_1921_361,Clean_Control,U0-C2-A,Stage0,74,32088,11.28007984161377,11.691407203674316,11.124847412109375,0.03518210594436999,0.27399125708447164,0.983719527721405
20160328_151752_1281_361,Clean_Control,U0-C2-A,Stage0,58,17459,10.618247985839844,12.005108833312988,10.62415885925293,0.11552262884132392,-0.004280295104179399,0.9922937750816345
20160328_152022_1921_361,Clean_Control,U0-C2-A,Stage0,57,20409,11.180954933166504,11.922396659851074,11.326995849609375,0.06218906195197582,-0.24528168912566092,0.9898765683174133
20160328_152022_1_721,Clean_Control,U0-C2-A,Stage0,182,7414,10.80620288848877,11.943710327148438,11.231429100036621,0.09523911014778752,-0.596992024164492,0.9948122501373291
20160328_152305_1281_361,Clean_Control,U0-C2-A,Stage0,90,16125,10.846413612365723,13.043246269226074,11.3834810256958,0.16842689642505726,-0.3235803469337332,0.9869663119316101
20160328_152305_1281_721,Clean_Control,U0-C2-A,Stage0,98,13297,10.625484466552734,12.940345764160156,10.973617553710938,0.17888719211286597,-0.17701128468518096,0.8866035342216492
20160328_152305_641_361,Clean_Control,U0-C2-A,Stage0,81,11877,11.254034042358398,12.567832946777344,11.387049674987793,0.10453670139044369,-0.11265033627026325,0.9933518767356873
20160328_152305_641_721,Clean_Control,U0-C2-A,Stage0,38,19480,11.219965934753418,12.431418418884277,10.641599655151367,0.0974509380876144,0.3231423713514933,0.9748902320861816
20160328_152511_1281_361,Clean_Control,U0-C2-A,Stage0,143,7435,11.378949165344238,11.551061630249023,11.247285842895508,0.0149002278330711,0.4334227016437909,0.993739664554596
20160328_152511_1921_361,Clean_Control,U0-C2-A,Stage0,86,10809,11.453330039978027,12.039019584655762,11.273519515991211,0.048649351544777675,0.2348928907354691,0.9978073835372925
20160328_152747_1281_361,Clean_Control,U0-C2-A,Stage0,121,11851,10.503068923950195,11.649511337280273,10.657466888427734,0.09841127938559957,-0.15563613571561782,0.995928168296814
20160328_153548_1281_721,Clean_Control,U0-C2-A,Stage0,56,28411,11.295661926269531,12.165574073791504,11.757089614868164,0.07150612628218789,-1.1296089202875372,0.9942092895507812
20160328_153548_641_721,Clean_Control,U0-C2-A,Stage0,159,15994,11.958375930786133,11.838737487792969,11.625991821289062,-0.010105590483016735,1.5623543123543124,0.9773990511894226
20160328_153604_1921_361,Clean_Control,U0-C2-A,Stage0,298,12156,11.02507209777832,12.063011169433594,11.05831241607666,0.08604319195543086,-0.0330848606980711,0.9970511794090271
20160328_153604_641_721,Clean_Control,U0-C2-A,Stage0,136,14721,11.316652297973633,12.039064407348633,11.00523567199707,0.060005746703065466,0.30122651395510164,0.9907476902008057
20160328_153620_1281_361,Clean_Control,U0-C2-A,Stage0,33,45264,11.507980346679688,12.011898040771484,10.95787525177002,0.04195162583213241,0.5219100579702015,0.9788015484809875
20160328_153629_641_361,Clean_Control,U0-C2-A,Stage0,24,10160,12.875126838684082,12.025826454162598,12.094154357910156,-0.07062294779786726,-11.429773751866792,0.9747676849365234
20160328_153829_1921_361,Clean_Control,U0-C2-A,Stage0,236,3684,10.706104278564453,11.806099891662598,10.820886611938477,0.09317187979267183,-0.11650506112358201,0.9728800654411316
20160328_153829_641_361,Clean_Control,U0-C2-A,Stage0,26,7221,10.643922805786133,11.820958137512207,11.104215621948242,0.09957198210684182,-0.6422010780258104,0.9760257005691528
20160329_103807_361_641,Clean_Control,U0-C2-A,Stage0,28,161,13.262579917907715,13.556713104248047,12.363483428955078,0.021696569248160436,0.7534982640553968,0.9587821364402771
20160329_103807_721_1281,Clean_Control,U0-C2-A,Stage0,53,2088,10.686095237731934,11.753717422485352,10.757552146911621,0.09083280255472259,-0.0717319815615262,0.9448671936988831
20160330_170359_1921_721,Clean_Control,U0-C2-A,Stage0,43,23505,12.001089096069336,12.45795726776123,11.732012748718262,0.03667287703749833,0.37065690323801115,0.9914664030075073
20160330_172309_641_721,Clean_Control,U0-C2-A,Stage0,38,30824,10.985039710998535,11.447834014892578,11.341410636901855,0.04042644773374071,-3.3486150564999595,0.9946579933166504
20160402_150314_1_721,Clean_Control,U0-C2-A,Stage0,19,9217,11.277921676635742,11.425012588500977,11.337038040161133,0.012874550277408692,-0.6719712080478709,0.99814772605896
20160402_151049_1281_721,Clean_Control,U0-C2-A,Stage0,24,35347,10.656950950622559,11.415266036987305,11.262825965881348,0.06642999098555291,-3.974512809283994,0.9829186797142029
20160405_171348_1281_721,Clean_Control,U0-C2-A,Stage0,35,37239,13.014381408691406,12.296157836914062,12.131131172180176,-0.05841031994651713,5.3521668024710625,0.9923255443572998
20160405_171348_1_721,Clean_Control,U0-C2-A,Stage0,23,981,11.008705139160156,11.894335746765137,11.755599975585938,0.07445825912452342,-5.3835779343529815,0.9939247369766235
20160405_171348_641_721,Clean_Control,U0-C2-A,Stage0,137,3006,11.41390609741211,11.977490425109863,11.231024742126465,0.04705370329184633,0.24499633332737125,0.9810882806777954
20160407_163130_1281_721,Clean_Control,U0-C2-A,Stage0,21,21747,11.29926586151123,11.786255836486816,11.468973159790039,0.04131854427845172,-0.5348772900103699,0.9809204339981079
20160407_163130_1_361,Clean_Control,U0-C2-A,Stage0,56,2534,11.518940925598145,12.5010404586792,11.931000709533691,0.0785614971622387,-0.7228614926471818,0.9945476055145264
20160407_165001_1281_361,Clean_Control,U0-C2-A,Stage0,82,12410,10.88948917388916,11.727702140808105,11.25381088256836,0.07147298638573718,-0.7687875696050198,0.9853153824806213
20160407_165001_1_1081,Clean_Control,U0-C2-A,Stage0,106,4495,11.043120384216309,11.330131530761719,11.363411903381348,0.025331755455301308,9.624036450124652,0.997718870639801
20160407_165001_641_721,Clean_Control,U0-C2-A,Stage0,154,1409,11.031050682067871,11.438920974731445,11.012669563293457,0.03565644503604104,0.043122716502929814,0.9737659096717834
IMG_2931_649_485,Clean_Control,U0-C2-A,Stage0,36,13266,11.993307113647461,12.615690231323242,12.106788635253906,0.04933412733901377,-0.2229930550089764,0.9715091586112976
IMG_2941_1_485,Clean_Control,U0-C2-A,Stage0,56,1365,12.505769729614258,13.024601936340332,11.879802703857422,0.03983485786568297,0.5467919684041023,0.9975860118865967
