event_id,case_name,d_gap_px,is_wider_gap,alpha_corridor,alpha_crack,delta_alpha_crack_minus_corridor
1,20160222_080850_1281_721,2.0,False,0.55521559715271,0.6073000431060791,0.05208444595336914
2,20160222_080850_641_361,15.6525,True,0.9063548445701599,0.7596507668495178,-0.1467040777206421
3,20160222_115224_1281_1,12.0,True,0.17610616981983185,0.32930928468704224,0.1532031148672104
4,20160222_115224_1281_1,7.2111,True,0.43722662329673767,0.32930928468704224,-0.10791733860969543
5,20160222_115224_1281_361,8.0,True,0.5444901585578918,0.310729444026947,-0.23376071453094482
6,20160222_115224_1281_721,2.2361,False,0.6100792288780212,0.49334603548049927,-0.11673319339752197
7,20160222_115224_641_1,8.0623,True,0.4390694499015808,0.397222638130188,-0.04184681177139282
8,20160222_115224_641_361,2.2361,False,0.7061737179756165,0.5292223691940308,-0.1769513487815857
9,20160222_115837_1281_1081,2.2361,False,0.42713382840156555,0.5061861872673035,0.07905235886573792
10,20160222_115837_1281_361,13.1529,True,0.6677572727203369,0.4913640320301056,-0.17639324069023132
11,20160222_164851_1281_1081,11.1803,True,0.43585437536239624,0.6978080868721008,0.2619537115097046
12,20160222_164851_641_361,2.2361,False,0.8150366544723511,0.5631270408630371,-0.25190961360931396
13,20160222_164851_641_721,20.025,True,0.07493568956851959,0.6627310514450073,0.5877953618764877
14,20160222_165225_1921_721,21.2132,True,0.8089412450790405,0.7455718517303467,-0.06336939334869385
15,20160222_165402_1281_361,4.4721,False,0.7030485272407532,0.6773431897163391,-0.025705337524414062
16,20160222_165926_1281_361,23.0,True,0.6865274906158447,0.47608742117881775,-0.21044006943702698
17,20160222_165926_1921_721,2.0,False,0.6678318977355957,0.6076432466506958,-0.0601886510848999
18,20160222_165926_1_721,23.6008,True,0.6255180835723877,0.3967575132846832,-0.22876057028770447
19,20160222_165926_641_361,13.3417,True,0.7144741415977478,0.6105787754058838,-0.10389536619186401
20,20160302_155857_641_721,44.2719,True,0.8721702098846436,0.7296757698059082,-0.14249444007873535
21,20160307_144202_1281_361,11.0454,True,0.4726307690143585,0.6063581109046936,0.13372734189033508
22,20160307_144202_1281_721,5.099,True,0.7392383217811584,0.7188943028450012,-0.020344018936157227
23,20160307_144202_1921_361,13.0384,True,0.8208316564559937,0.813563346862793,-0.007268309593200684
24,20160307_144202_1_361,2.2361,False,0.9500319957733154,0.764914333820343,-0.1851176619529724
25,20160307_144202_641_361,2.8284,False,0.49598363041877747,0.6958827376365662,0.1998991072177887
26,20160307_145059_1281_361,5.0,False,0.8725916743278503,0.7899028062820435,-0.08268886804580688
27,20160307_145059_1281_721,46.0,True,0.5003243088722229,0.6152704954147339,0.11494618654251099
28,20160307_145059_1921_1081,14.3178,True,0.7120075225830078,0.6323358416557312,-0.07967168092727661
29,20160307_145059_1921_721,8.0,True,0.8296269178390503,0.6615208983421326,-0.16810601949691772
30,20160307_145059_641_721,19.8494,True,0.9243174195289612,0.7831478714942932,-0.14116954803466797
31,20160310_114505_1281_1,19.4165,True,0.3198709189891815,0.35340747237205505,0.033536553382873535
32,20160310_114505_641_1,2.2361,False,0.3854287564754486,0.4417763352394104,0.05634757876396179
33,20160310_114505_641_1081,17.1172,True,0.3379896283149719,0.5289817452430725,0.19099211692810059
34,20160310_114505_641_361,2.2361,False,0.38578730821609497,0.44089680910110474,0.055109500885009766
35,20160310_114505_641_721,9.0554,True,0.46771201491355896,0.5864990949630737,0.11878708004951477
36,20160316_142539_1281_721,2.0,False,0.8023930191993713,0.7106830477714539,-0.09170997142791748
37,20160316_142539_1921_361,2.0,False,0.3984678089618683,0.6234550476074219,0.2249872386455536
38,20160316_142539_1921_361,12.083,True,0.522269070148468,0.6234550476074219,0.10118597745895386
39,20160316_142539_1_721,2.2361,False,0.331585168838501,0.6625438332557678,0.33095866441726685
40,20160316_142539_1_721,3.0,False,0.8434038162231445,0.6625438332557678,-0.1808599829673767
41,20160316_142539_641_721,2.0,False,0.5653754472732544,0.6899102926254272,0.12453484535217285
42,20160316_142539_641_721,2.0,False,0.7381243109703064,0.6899102926254272,-0.04821401834487915
43,20160316_143445_1281_1081,5.0,False,0.7818849682807922,0.7499309182167053,-0.031954050064086914
44,20160316_143445_1281_361,3.0,False,0.8232051134109497,0.6724154949188232,-0.15078961849212646
45,20160316_143445_1921_1081,4.4721,False,0.4686391055583954,0.5488683581352234,0.080229252576828
46,20160316_143527_1281_361,2.0,False,0.4555303156375885,0.42075830698013306,-0.034772008657455444
47,20160316_143527_1281_721,7.6158,True,0.41484639048576355,0.5737892985343933,0.15894290804862976
48,20160316_143527_1921_361,56.0803,True,0.6164101958274841,0.4766155779361725,-0.13979461789131165
49,20160316_143527_1_361,5.0,False,0.42471930384635925,0.49374133348464966,0.0690220296382904
50,20160316_143527_641_361,11.4018,True,0.38741040229797363,0.575341522693634,0.1879311203956604
51,20160316_143527_641_361,10.6301,True,0.7636047005653381,0.575341522693634,-0.1882631778717041
52,20160316_143547_1281_1081,7.0,True,0.9684066772460938,0.7697921991348267,-0.1986144781112671
53,20160318_181632_1281_361,2.0,False,0.797917902469635,0.7414149641990662,-0.05650293827056885
54,20160318_181632_1921_1,9.0,True,0.3606511354446411,0.5462491512298584,0.18559801578521729
55,20160318_181632_1_361,7.0,True,0.9246307611465454,0.860569953918457,-0.06406080722808838
56,20160321_185557_1921_361,2.0,False,0.7550733089447021,0.6669357419013977,-0.08813756704330444
57,20160324_170347_1281_1,2.2361,False,0.8034123778343201,0.7017748355865479,-0.10163754224777222
58,20160324_170347_1281_361,2.0,False,0.7778390645980835,0.6351020932197571,-0.14273697137832642
59,20160324_170347_641_361,2.0,False,0.7054933309555054,0.5968642830848694,-0.10862904787063599
60,20160326_141808_641_721,2.2361,False,0.005124926101416349,0.0048700543120503426,-0.00025487178936600685
61,20160328_151020_1281_361,2.0,False,0.7023181319236755,0.7200157046318054,0.017697572708129883
62,20160328_151020_641_361,2.2361,False,0.7520027756690979,0.6759034395217896,-0.07609933614730835
63,20160328_151020_641_361,2.0,False,0.6045005321502686,0.6759034395217896,0.071402907371521
64,20160328_151057_1281_1,2.2361,False,0.6026430130004883,0.6235166192054749,0.020873606204986572
65,20160328_151057_1281_1081,2.8284,False,0.43420901894569397,0.43181338906288147,-0.0023956298828125
66,20160328_151057_1281_361,4.1231,False,0.8135872483253479,0.6592370271682739,-0.15435022115707397
67,20160328_151057_641_1081,3.6056,False,0.642058253288269,0.5347028374671936,-0.10735541582107544
68,20160328_151057_641_721,2.0,False,0.5008724927902222,0.5520194172859192,0.05114692449569702
69,20160328_151244_1921_721,28.0,True,0.4930751621723175,0.8653693199157715,0.372294157743454
70,20160328_151752_1921_721,2.0,False,0.7186768054962158,0.6707080602645874,-0.04796874523162842
71,20160328_151752_1_721,2.2361,False,0.6974261999130249,0.6890798807144165,-0.008346319198608398
72,20160328_151752_641_361,2.2361,False,0.8421965837478638,0.733257532119751,-0.10893905162811279
73,20160328_152022_1_361,2.8284,False,0.8776418566703796,0.7339717745780945,-0.14367008209228516
74,20160328_152022_641_721,3.1623,False,0.5195035338401794,0.8496426939964294,0.33013916015625
75,20160328_153548_1921_721,2.0,False,0.5603845119476318,0.8717548847198486,0.3113703727722168
76,20160328_153548_641_361,2.2361,False,0.4310432970523834,0.5616161227226257,0.1305728256702423
77,20160328_153604_641_361,3.6056,False,0.6133614778518677,0.6937902569770813,0.08042877912521362
78,20160328_153620_1281_721,4.2426,False,0.8367055058479309,0.7660267949104309,-0.0706787109375
79,20160328_153620_1281_721,2.0,False,0.5948432683944702,0.7660267949104309,0.1711835265159607
80,20160328_153620_1921_361,2.0,False,0.955487847328186,0.8898429870605469,-0.06564486026763916
81,20160328_153620_1_361,2.0,False,0.9824346303939819,0.8961174488067627,-0.08631718158721924
82,20160328_153620_641_721,2.0,False,0.7956727743148804,0.8331636786460876,0.037490904331207275
83,20160328_153629_1_361,2.2361,False,0.8740108609199524,0.8976559638977051,0.023645102977752686
84,20160328_153629_641_721,2.0,False,0.7423502206802368,0.9076652526855469,0.16531503200531006
85,20160328_153829_1281_361,2.0,False,0.5693688988685608,0.81108158826828,0.24171268939971924
86,20160328_153829_1281_721,2.0,False,0.5548580884933472,0.5784556269645691,0.023597538471221924
87,20160328_153829_1921_1,2.0,False,0.7455624938011169,0.7234029173851013,-0.022159576416015625
88,20160328_153829_1_1,2.0,False,0.7912955284118652,0.7832225561141968,-0.008072972297668457
89,20160328_153829_641_1,2.2361,False,0.6761195659637451,0.7772364616394043,0.10111689567565918
90,20160328_153829_641_1081,2.0,False,0.4549872577190399,0.5651717185974121,0.11018446087837219
91,20160328_153829_641_721,2.0,False,0.640096127986908,0.5608664155006409,-0.07922971248626709
92,20160329_103807_361_1,2.0,False,0.8344459533691406,0.651915967464447,-0.1825299859046936
93,20160329_103807_361_1281,2.8284,False,0.8443160653114319,0.5835785269737244,-0.2607375383377075
94,20160329_103807_361_1921,2.2361,False,0.8393850922584534,0.3706071078777313,-0.46877798438072205
95,20160330_165956_1281_721,4.0,False,0.8645462989807129,0.5828275084495544,-0.28171879053115845
96,20160330_165956_1921_721,7.0,True,0.6656887531280518,0.5597981810569763,-0.10589057207107544
97,20160330_165956_1_721,7.0711,True,0.5707094073295593,0.5409784913063049,-0.029730916023254395
98,20160330_165956_1_721,2.2361,False,0.5912107825279236,0.5409784913063049,-0.05023229122161865
99,20160330_165956_641_721,2.0,False,0.35640329122543335,0.5593429207801819,0.20293962955474854
100,20160330_172309_1281_721,2.0,False,0.9348336458206177,0.8521391749382019,-0.08269447088241577
101,20160402_150314_1281_721,2.2361,False,0.6761854887008667,0.6975844502449036,0.021398961544036865
102,20160402_151049_1_361,2.0,False,0.9148262739181519,0.8140643239021301,-0.10076195001602173
103,20160402_151054_1921_361,3.0,False,0.8402921557426453,0.6641510128974915,-0.1761411428451538
104,20160407_163130_1_721,8.0,True,0.8069778084754944,0.7259018421173096,-0.08107596635818481
105,20160407_163257_1281_1,4.0,False,0.6229186058044434,0.7400028109550476,0.11708420515060425
106,20160407_163257_1921_1081,2.2361,False,0.7951794266700745,0.6214434504508972,-0.17373597621917725
107,20160407_163257_641_361,2.2361,False,0.6499406695365906,0.6128708720207214,-0.03706979751586914
108,20160407_165001_1281_1081,22.0907,True,0.5731926560401917,0.5536190867424011,-0.019573569297790527
109,20160407_165001_1921_721,17.4929,True,0.7697508931159973,0.6292782425880432,-0.1404726505279541
110,20160407_165001_641_1081,8.2462,True,0.5965555310249329,0.3979637622833252,-0.19859176874160767
111,IMG_2931_1297_485,11.0,True,0.7349050641059875,0.6531650424003601,-0.08174002170562744
112,IMG_2931_1945_485,6.0,True,0.6753058433532715,0.7902924418449402,0.1149865984916687
113,IMG_2941_1297_969,11.0,True,0.8320221900939941,0.7398309707641602,-0.09219121932983398
114,IMG_2941_1_969,2.2361,False,0.7237838506698608,0.8155190944671631,0.09173524379730225
115,IMG_2942_1297_485,5.0,False,0.6686079502105713,0.574309229850769,-0.09429872035980225
116,IMG_2942_1945_485,60.0333,True,0.7335582375526428,0.5404958724975586,-0.19306236505508423
117,IMG_2942_1_485,2.2361,False,0.490396112203598,0.6328946948051453,0.14249858260154724
118,IMG_2942_649_485,130.3112,True,0.42238274216651917,0.5097987651824951,0.08741602301597595
