event_id,case_name,d_gap,z_ctrl,z_v1,delta_z_v1,z_v2,delta_z_v2,delta_z_v2_vs_v1,improved_vs_v1,flipped_vs_ctrl,is_cured_v2
2,20160222_080850_641_361,15.6525,2.456916093826294,2.6436800956726074,-0.1867640018463134,2.6998255252838135,-0.24290943145751953,-0.056145429611206055,False,False,False
20,20160302_155857_641_721,44.2719,3.39417576789856,3.6745564937591553,-0.2803807258605952,3.6444363594055176,-0.25026059150695756,0.030120134353637695,True,False,False
21,20160307_144202_1281_361,11.0454,2.4422948360443115,2.6335813999176025,-0.191286563873291,2.5275094509124756,-0.08521461486816406,0.10607194900512695,True,False,False
22,20160307_144202_1281_721,5.099,2.414390802383423,2.530424118041992,-0.1160333156585693,2.478573799133301,-0.06418299674987793,0.051850318908691406,True,False,False
23,20160307_144202_1921_361,13.0384,3.2608559131622314,3.4504215717315674,-0.1895656585693359,3.4382567405700684,-0.17740082740783691,0.012164831161499023,True,False,False
33,20160310_114505_641_1081,17.1172,4.277081489562988,4.436967372894287,-0.1598858833312988,4.010083198547363,0.266998291015625,0.42688417434692383,True,True,False
47,20160316_143527_1281_721,7.6158,2.2114450931549072,2.334071397781372,-0.1226263046264648,1.9404748678207397,0.2709702253341675,0.3935965299606323,True,True,False
52,20160316_143547_1281_1081,7.0,1.7129583358764648,1.9433192014694212,-0.2303608655929565,1.6681684255599976,0.044789910316467285,0.2751507759094236,True,True,False
54,20160318_181632_1921_1,9.0,2.9242866039276123,3.7968785762786874,-0.8725919723510742,2.9164834022521973,0.007803201675415039,0.8803951740264901,True,True,False
69,20160328_151244_1921_721,28.0,2.308467388153076,2.746174097061157,-0.437706708908081,2.868095636367798,-0.5596282482147217,-0.12192153930664107,False,False,False
111,IMG_2931_1297_485,11.0,2.166087865829468,3.005729913711548,-0.8396420478820796,2.8632638454437256,-0.6971759796142574,0.14246606826782227,True,False,False
