image_id,res_mean_global,res_max_global,res_mean_crack,res_mean_bg,res_mean_boundary,main_mean_global,main_mean_crack,main_mean_bg,ratio_mean_global,ratio_mean_crack,ratio_mean_bg,ratio_mean_boundary
20160222_080850_1281_361,2.6742920875549316,10.330775260925293,1.4621176719665527,2.792717456817627,2.025681495666504,2.821505069732666,3.215683937072754,2.7829947471618652,1.6242177486419678,3.6050004959106445,1.4307016134262085,53.72498321533203
20160222_080850_1281_721,3.015965223312378,10.663043022155762,1.3635241985321045,3.030245065689087,2.9099650382995605,2.7146987915039062,3.8884685039520264,2.7045557498931885,1.4052437543869019,0.9862779378890991,1.4088643789291382,34.9518928527832
20160222_080850_1921_1,2.155503511428833,10.311807632446289,1.5548597574234009,2.1583139896392822,1.3728348016738892,1.2127313613891602,0.4657715857028961,1.2162262201309204,2.872685432434082,23.43425941467285,2.776479959487915,18.970436096191406
20160222_080850_1921_361,2.2980380058288574,10.323834419250488,1.2805395126342773,2.378014326095581,1.566658616065979,3.3114430904388428,3.1518304347991943,3.323988437652588,0.8958010077476501,2.054013252258301,0.8047640323638916,23.632652282714844
20160222_080850_1_361,2.3324341773986816,10.086156845092773,1.2628141641616821,2.4560861587524414,1.7223174571990967,2.792567729949951,3.211520195007324,2.7441353797912598,1.4352771043777466,1.9560657739639282,1.3750718832015991,36.31136703491211
20160222_080850_641_361,2.612583637237549,10.16580581665039,1.297872543334961,2.712736129760742,1.6735289096832275,2.5865530967712402,2.9255518913269043,2.5607287883758545,1.5962011814117432,2.8060877323150635,1.5040345191955566,30.280006408691406
20160222_080850_641_721,2.6505465507507324,10.311501502990723,1.451857566833496,2.6725823879241943,3.150657892227173,2.2379839420318604,2.9180679321289062,2.2254819869995117,2.4933528900146484,2.114198923110962,2.5003230571746826,67.5258560180664
20160222_115224_1281_1,1.7814122438430786,9.905841827392578,1.0709108114242554,1.7947231531143188,1.2354031801223755,2.5150718688964844,2.4296586513519287,2.516672134399414,1.1282609701156616,1.60214364528656,1.1193830966949463,27.64290428161621
20160222_115224_1281_1081,1.5259056091308594,10.345407485961914,1.1726880073547363,1.5343670845031738,1.3266774415969849,3.1085307598114014,4.004960060119629,3.087057590484619,0.5414506196975708,0.889737606048584,0.5331075191497803,11.802759170532227
20160222_115224_1281_361,2.8437366485595703,10.33069133758545,0.9963529706001282,2.8586246967315674,2.553812265396118,2.117743492126465,1.9473133087158203,2.119117259979248,1.8537510633468628,1.6460901498794556,1.8554245233535767,36.827476501464844
20160222_115224_1281_721,2.201930284500122,10.389363288879395,1.2181627750396729,2.226149559020996,1.861350655555725,2.5342233180999756,3.993081569671631,2.498307943344116,1.0558464527130127,1.1202661991119385,1.0542606115341187,26.284536361694336
20160222_115224_1921_1081,1.3738893270492554,10.276070594787598,1.0198698043823242,1.375891923904419,1.0687072277069092,1.6581695079803467,2.4765818119049072,1.6535401344299316,0.8883318901062012,4.486227035522461,0.8679793477058411,20.641115188598633
20160222_115224_641_1,1.4723401069641113,9.976019859313965,1.1435569524765015,1.4839264154434204,1.1939324140548706,3.0734004974365234,3.259176731109619,3.0668530464172363,0.6970269083976746,3.3446290493011475,0.6037243604660034,25.007665634155273
20160222_115224_641_1081,2.50897216796875,9.971710205078125,1.6201845407485962,2.5156219005584717,2.133488178253174,1.5671629905700684,1.4235390424728394,1.5682374238967896,2.436681032180786,2.1641318798065186,2.4387199878692627,32.1772346496582
20160222_115224_641_361,1.6398227214813232,10.185856819152832,1.2527155876159668,1.6450852155685425,1.3427159786224365,1.8532347679138184,3.870652675628662,1.8258103132247925,1.0788910388946533,1.0048295259475708,1.0798977613449097,19.65766716003418
20160222_115224_641_721,2.207606554031372,9.919535636901855,1.2748538255691528,2.224623441696167,2.3104333877563477,2.0359792709350586,3.564532518386841,2.0080931186676025,1.252134084701538,1.6552913188934326,1.2447792291641235,27.655460357666016
20160222_115837_1281_1,2.4846138954162598,8.871517181396484,1.556964635848999,2.5060296058654785,1.8122901916503906,2.823469400405884,4.839421272277832,2.7769298553466797,1.1944504976272583,1.333594560623169,1.1912381649017334,22.31731605529785
20160222_115837_1281_1081,2.221787214279175,8.176722526550293,1.3728201389312744,2.231337547302246,2.388840436935425,2.7719645500183105,5.050683498382568,2.746330738067627,1.025107502937317,0.3565043807029724,1.0326288938522339,27.984922409057617
20160222_115837_1281_361,2.504016160964966,8.099123001098633,1.3778775930404663,2.5209994316101074,2.379507541656494,2.858386516571045,4.492818355560303,2.83373761177063,1.2388105392456055,1.3149006366729736,1.2376631498336792,43.69371032714844
20160222_115837_1281_721,2.4550514221191406,8.748729705810547,1.5808210372924805,2.465378999710083,2.9989004135131836,2.752981185913086,4.554299354553223,2.7317020893096924,1.17509925365448,0.9632665514945984,1.1776014566421509,51.74754333496094
20160222_164851_1281_1081,1.906722903251648,10.638626098632812,0.8592541217803955,1.936112403869629,0.8602082133293152,3.0025792121887207,4.067404747009277,2.972703218460083,0.8489605784416199,0.5271697640419006,0.8579891920089722,32.37263870239258
20160222_164851_641_1,1.996726393699646,10.31789779663086,0.9528455138206482,2.0526723861694336,1.0070189237594604,1.8119951486587524,3.1211190223693848,1.7418333292007446,1.4389429092407227,1.9211504459381104,1.4130995273590088,22.665180206298828
20160222_164851_641_1081,1.6547271013259888,10.718767166137695,0.9616707563400269,1.674359917640686,1.3758361339569092,2.9847590923309326,3.030363082885742,2.983466863632202,0.8047003746032715,1.5135776996612549,0.7846192717552185,42.56602478027344
20160222_164851_641_361,1.907011866569519,9.909856796264648,0.8645235896110535,1.962526798248291,1.0951776504516602,3.0278244018554688,3.4510741233825684,3.0052850246429443,0.7963297367095947,0.8833286762237549,0.7916967868804932,16.53154754638672
20160222_164851_641_721,1.6926151514053345,10.480093002319336,0.8739337921142578,1.7335357666015625,1.5257236957550049,2.9875402450561523,3.5628390312194824,2.958784580230713,0.7559900283813477,1.0078288316726685,0.7434023022651672,22.312625885009766
20160222_165225_1281_361,1.7996888160705566,9.97530460357666,0.8738415837287903,1.831860065460205,0.9570221304893494,3.208217144012451,3.828643560409546,3.186659097671509,0.6327778697013855,0.5203361511230469,0.6366848349571228,11.14404010772705
20160222_165225_1281_721,1.7634942531585693,9.044055938720703,1.220603585243225,1.7668707370758057,0.9941407442092896,2.0468502044677734,3.5884547233581543,2.0372631549835205,1.0639268159866333,2.512190341949463,1.0549201965332031,19.064075469970703
20160222_165225_1921_721,1.364385962486267,10.087528228759766,0.9769707918167114,1.3756132125854492,0.8477922081947327,3.153602123260498,3.3908770084381104,3.14672589302063,0.5345549583435059,0.888860285282135,0.5242870450019836,12.795106887817383
20160222_165225_1_361,1.2119402885437012,10.263025283813477,1.0179017782211304,1.2185149192810059,0.8352810740470886,3.0454342365264893,3.046064853668213,3.045412540435791,0.5027045607566833,1.0210353136062622,0.48514145612716675,12.41015911102295
20160222_165225_641_361,1.622591257095337,9.168548583984375,0.904911458492279,1.649300456047058,0.9702045321464539,3.131517171859741,3.0938260555267334,3.1329197883605957,0.6091293096542358,0.8148267269134521,0.6014740467071533,12.1350679397583
20160222_165402_1281_1,1.7987346649169922,10.354190826416016,1.1884815692901611,1.8225252628326416,0.7952665090560913,2.800971746444702,4.436882019042969,2.737196445465088,0.8175471425056458,0.4801800847053528,0.8306994438171387,14.974906921386719
20160222_165402_1281_361,1.8316540718078613,10.712079048156738,1.1142328977584839,1.860073208808899,0.9338152408599854,2.7488646507263184,4.6523847579956055,2.6734604835510254,0.8438074588775635,0.5435611009597778,0.8557011485099792,11.201634407043457
20160222_165402_641_1081,1.5432177782058716,9.886865615844727,1.0491915941238403,1.5733212232589722,0.6555500030517578,1.888640284538269,4.076873302459717,1.755300760269165,0.9975907206535339,0.47851866483688354,1.0292202234268188,10.906486511230469
20160222_165402_641_721,1.7435065507888794,10.274100303649902,0.9988982081413269,1.7739675045013428,0.6518390774726868,1.884472370147705,4.435892581939697,1.7800965309143066,1.1101267337799072,0.40554776787757874,1.1389504671096802,9.573636054992676
20160222_165926_1281_361,1.5560039281845093,9.91504192352295,0.8262771964073181,1.5601829290390015,1.1075373888015747,2.5050737857818604,3.4870991706848145,2.4994497299194336,0.7437211871147156,0.26727816462516785,0.7464497089385986,22.018814086914062
20160222_165926_1281_721,1.1761727333068848,9.728425025939941,0.7538407444953918,1.1849559545516968,0.9671260714530945,3.262583017349243,3.4631454944610596,3.2584118843078613,0.4571273922920227,0.5930799841880798,0.4543001055717468,13.787869453430176
20160222_165926_1921_721,1.1413605213165283,10.485767364501953,0.8225076794624329,1.148267388343811,0.8240222334861755,3.4548919200897217,3.6897261142730713,3.44980525970459,0.3945280909538269,0.5644001960754395,0.39084839820861816,11.910989761352539
20160222_165926_1_1081,0.7115066051483154,10.091347694396973,0.7239257097244263,0.7114342451095581,0.8505208492279053,2.7113258838653564,3.132993698120117,2.7088699340820312,0.3573734164237976,0.42600536346435547,0.35697370767593384,13.283466339111328
20160222_165926_1_721,0.980545699596405,9.593000411987305,0.7457732558250427,0.9834026098251343,0.6540234684944153,2.8204948902130127,3.1054210662841797,2.8170273303985596,0.4064459800720215,0.4686069190502167,0.4056894779205322,11.233705520629883
20160222_165926_641_1,1.5726292133331299,9.437548637390137,0.9428141713142395,1.5812780857086182,0.9101230502128601,1.9327025413513184,3.8735575675964355,1.9060509204864502,1.136200189590454,0.4154801666736603,1.1460970640182495,22.63045310974121
20160222_165926_641_361,1.4160302877426147,10.384928703308105,0.7537676692008972,1.4250534772872925,0.7366984486579895,1.842402458190918,3.5760319232940674,1.8187814950942993,0.9357861280441284,0.3811694085597992,0.9433428049087524,12.154607772827148
20160222_165926_641_721,1.1011841297149658,10.2611722946167,0.8542589545249939,1.10739266872406,0.9736402630805969,3.41593074798584,3.395204544067383,3.416452169418335,0.45399209856987,0.6751779317855835,0.4484308063983917,18.916425704956055
20160302_155857_1281_1,2.5996010303497314,10.800652503967285,1.7328953742980957,2.6208086013793945,2.4972522258758545,1.8066482543945312,1.9542014598846436,1.8030372858047485,2.1838560104370117,11.823831558227539,1.947975754737854,49.609962463378906
20160302_155857_1281_361,2.4912171363830566,10.728982925415039,1.5968869924545288,2.523062229156494,2.3119070529937744,2.5004913806915283,3.733912944793701,2.456571578979492,1.4871670007705688,1.7124888896942139,1.4791438579559326,30.753265380859375
20160302_155857_1281_721,2.7394485473632812,10.794229507446289,1.7616746425628662,2.744640827178955,2.4836535453796387,2.3042972087860107,3.498432159423828,2.2979559898376465,1.4993826150894165,0.7651370167732239,1.5032813549041748,29.494945526123047
20160302_155857_1_721,2.3858461380004883,10.724064826965332,1.6459410190582275,2.4506068229675293,2.2855491638183594,3.076406955718994,4.102845191955566,2.986567258834839,1.1716591119766235,2.5367040634155273,1.0521823167800903,32.89765548706055
20160302_155857_641_721,2.8090217113494873,10.703533172607422,1.5659363269805908,2.8743581771850586,2.454824447631836,2.9234251976013184,4.189597129821777,2.8568758964538574,1.506505012512207,2.190256357192993,1.4705673456192017,38.327754974365234
20160307_144202_1281_361,2.0597100257873535,10.691407203674316,1.2147735357284546,2.0835020542144775,1.6828533411026,2.9022843837738037,4.261320114135742,2.864016056060791,0.9687584638595581,0.7577115893363953,0.9747012257575989,31.501142501831055
20160307_144202_1281_721,2.616232395172119,10.734012603759766,1.2058149576187134,2.6357696056365967,2.4415762424468994,3.3016738891601562,4.678429126739502,3.282602548599243,1.0027533769607544,0.34014394879341125,1.011932373046875,36.89735412597656
20160307_144202_1921_361,1.765531063079834,10.704936981201172,1.2389228343963623,1.7940433025360107,2.1118788719177246,2.7814958095550537,4.5996246337890625,2.6830551624298096,1.326851487159729,0.5900537967681885,1.3667447566986084,35.24210739135742
20160307_144202_1_361,1.6322672367095947,10.825665473937988,1.349177598953247,1.6526546478271484,1.7194048166275024,3.0884387493133545,4.579326629638672,2.981069564819336,0.8419673442840576,0.8524627089500427,0.8412114977836609,30.994117736816406
20160307_144202_641_361,2.1285343170166016,10.73757553100586,1.430104374885559,2.1635847091674805,1.7819499969482422,2.8180758953094482,4.154196262359619,2.751023530960083,1.1056289672851562,1.0190932750701904,1.1099716424942017,27.400331497192383
20160307_145059_1281_361,1.9358644485473633,7.179670810699463,1.0271722078323364,1.9954309463500977,1.347922921180725,2.9871444702148438,3.850538969039917,2.9305472373962402,0.9678260087966919,0.6730359196662903,0.9871499538421631,26.18379783630371
20160307_145059_1281_721,1.3693546056747437,7.339059352874756,0.9462549686431885,1.3834319114685059,1.3412317037582397,2.7143335342407227,3.7333714962005615,2.6804285049438477,0.7875162363052368,1.4978750944137573,0.7638812065124512,23.711702346801758
20160307_145059_1921_1081,0.9072178602218628,6.130367279052734,0.8246362805366516,0.9092084765434265,0.5851386189460754,2.4413022994995117,4.291933059692383,2.396693229675293,0.4727229177951813,0.24840091168880463,0.4781300127506256,10.400860786437988
20160307_145059_1921_361,1.2606675624847412,7.872150897979736,0.9149489998817444,1.281339168548584,0.6914453506469727,3.2736053466796875,3.9514224529266357,3.233077049255371,0.45293405652046204,0.5785854458808899,0.4454210698604584,9.344051361083984
20160307_145059_1921_721,0.8590109348297119,5.831663608551025,0.8483912348747253,0.8592398166656494,0.9283563494682312,2.477513313293457,3.8789825439453125,2.4473202228546143,0.4215226471424103,0.7356681823730469,0.41475480794906616,12.57262134552002
20160307_145059_1_361,1.8681913614273071,6.130466461181641,1.1067924499511719,1.8984559774398804,1.0022096633911133,2.798983573913574,5.412563800811768,2.695096969604492,0.9017919898033142,1.1498284339904785,0.8919329643249512,20.22649383544922
20160307_145059_1_721,1.7551450729370117,8.169991493225098,1.007310390472412,1.775822401046753,0.9745327830314636,3.5836873054504395,4.765084266662598,3.5510222911834717,0.5535030364990234,0.5217878222465515,0.5543799996376038,16.086172103881836
20160307_145059_641_361,1.9579746723175049,6.4590163230896,0.9387301802635193,1.9819825887680054,0.534596860408783,3.0742673873901367,4.13670015335083,3.0492424964904785,0.6960836052894592,0.41536250710487366,0.7026957273483276,10.135458946228027
20160307_145059_641_721,1.698577880859375,6.8301682472229,1.0058586597442627,1.7342249155044556,0.8756448030471802,3.3286855220794678,4.797064304351807,3.2531237602233887,0.6209162473678589,0.4346671402454376,0.6305004954338074,16.76797866821289
20160307_162438_1281_361,1.7981343269348145,10.365649223327637,0.8396779298782349,1.8156590461730957,0.6156960725784302,2.919201612472534,3.6137709617614746,2.9065022468566895,0.7627257704734802,0.63169926404953,0.7651215195655823,6.453240871429443
20160307_162438_1281_721,1.3977316617965698,10.176176071166992,1.4526854753494263,1.3890191316604614,1.620357871055603,3.1215944290161133,3.4786856174468994,3.06498122215271,0.761635959148407,2.542893648147583,0.47923552989959717,29.863887786865234
20160307_162438_1921_1081,1.1332197189331055,9.603025436401367,1.2242865562438965,1.1288679838180542,1.7833763360977173,1.7714741230010986,2.979151725769043,1.7137625217437744,1.5934206247329712,12.193528175354004,1.0868723392486572,50.26693344116211
20160307_162438_1921_721,1.2923246622085571,10.244596481323242,1.5321009159088135,1.2664167881011963,1.208239197731018,2.989694833755493,3.3541297912597656,2.950317621231079,0.5926761627197266,1.3773753643035889,0.507889986038208,15.673781394958496
20160307_162438_1_361,1.3821125030517578,10.289247512817383,1.6507394313812256,1.3285448551177979,1.0931426286697388,2.973877429962158,3.270883321762085,2.9146504402160645,0.7301613092422485,1.752226710319519,0.5263482332229614,19.032487869262695
20160307_162438_641_361,1.5148311853408813,10.55441665649414,1.041648268699646,1.5647854804992676,1.486025094985962,2.9327831268310547,3.2614352703094482,2.8980870246887207,0.7485840320587158,1.538793921470642,0.6651603579521179,22.733659744262695
20160307_162438_641_721,1.765720248222351,10.439613342285156,1.1654980182647705,1.7817912101745605,0.9260673522949219,2.3190510272979736,3.91607403755188,2.2762913703918457,0.8785894513130188,0.47583648562431335,0.8893731236457825,21.59434700012207
20160310_114505_1281_1,2.0008668899536133,10.476213455200195,0.9538158178329468,2.009277105331421,1.5903501510620117,2.44331431388855,3.925919532775879,2.4314048290252686,1.0737617015838623,0.26705828309059143,1.0802419185638428,27.16033172607422
20160310_114505_641_1,1.7988051176071167,10.487768173217773,1.0841447114944458,1.812270998954773,1.5188663005828857,1.849813461303711,3.774564027786255,1.813546895980835,1.335625410079956,0.9077351093292236,1.3436877727508545,29.610370635986328
20160310_114505_641_1081,1.9963123798370361,10.568565368652344,1.1613166332244873,2.0118274688720703,1.7584418058395386,2.528186321258545,4.625485897064209,2.4892163276672363,1.1183429956436157,0.36908388137817383,1.1322649717330933,28.124849319458008
20160310_114505_641_361,1.9943835735321045,10.615833282470703,1.0854495763778687,2.0114400386810303,1.9662747383117676,2.798487901687622,3.5760107040405273,2.7838966846466064,1.1682720184326172,1.590340256690979,1.1603515148162842,33.96953201293945
20160310_114505_641_721,2.1528303623199463,10.708244323730469,1.1744122505187988,2.171689748764038,1.4522408246994019,3.1290152072906494,4.862247467041016,3.095607280731201,0.8177611827850342,0.31928518414497375,0.8273691534996033,21.470062255859375
20160316_142539_1281_361,2.3597261905670166,10.739027976989746,0.8346461653709412,2.4101788997650146,1.5173383951187134,1.7899669408798218,2.6589412689208984,1.7612195014953613,1.7315574884414673,2.554569721221924,1.7043306827545166,29.800535202026367
20160316_142539_1281_721,2.0805017948150635,10.698897361755371,0.9641527533531189,2.1266536712646484,1.3223174810409546,2.68330454826355,3.2263998985290527,2.6608519554138184,1.1095484495162964,1.6953526735305786,1.0853301286697388,22.73831558227539
20160316_142539_1921_361,1.5233525037765503,9.957374572753906,1.0207096338272095,1.5496379137039185,1.1487005949020386,2.417377471923828,2.466623544692993,2.414801836013794,1.0095332860946655,2.0631515979766846,0.9544342160224915,17.386892318725586
20160316_142539_1_721,1.7545764446258545,10.196693420410156,1.173134446144104,1.7889602184295654,1.398681402206421,2.83730149269104,2.904770612716675,2.8333117961883545,0.9640009999275208,2.102836847305298,0.8966559171676636,23.52617835998535
20160316_142539_641_721,2.0202300548553467,10.003622055053711,1.124074101448059,2.0728323459625244,1.7090990543365479,2.835047483444214,2.662489414215088,2.8451762199401855,1.3879237174987793,5.3809614181518555,1.1535441875457764,30.688098907470703
20160316_143445_1281_1,2.2765705585479736,9.839262962341309,1.0463968515396118,2.357938528060913,1.4998005628585815,2.561105489730835,4.352726459503174,2.4426019191741943,1.2297310829162598,0.8680936694145203,1.2536510229110718,22.64810562133789
20160316_143445_1281_1081,2.1751558780670166,9.829532623291016,1.1580064296722412,2.19219970703125,1.3067437410354614,1.8908966779708862,2.7953593730926514,1.8757413625717163,1.33677339553833,1.777268409729004,1.3293923139572144,12.360025405883789
20160316_143445_1281_361,2.260115623474121,9.717769622802734,1.0193912982940674,2.330634593963623,1.365986704826355,2.5287959575653076,3.821099281311035,2.4553446769714355,1.3174526691436768,1.1634618043899536,1.3262052536010742,30.547727584838867
20160316_143445_1281_721,2.298797369003296,9.920236587524414,1.2312560081481934,2.388700246810913,1.577478051185608,2.733999490737915,2.598235607147217,2.7454323768615723,1.3988877534866333,4.193253993988037,1.1635606288909912,29.260290145874023
20160316_143445_1921_1081,2.1611828804016113,10.267321586608887,1.370430588722229,2.1923210620880127,1.389860987663269,2.4472110271453857,2.615081787109375,2.440600633621216,1.17853844165802,3.2932960987091064,1.095263123512268,28.6082706451416
20160316_143445_1_1081,1.6966323852539062,9.134161949157715,1.1450334787368774,1.7212233543395996,1.7100443840026855,1.7926726341247559,2.640462636947632,1.7548778057098389,1.2742533683776855,2.1161792278289795,1.2367198467254639,30.976613998413086
20160316_143445_1_721,1.8487422466278076,10.01518440246582,1.2772107124328613,1.8594337701797485,1.4606447219848633,1.9348565340042114,3.1463162899017334,1.9121934175491333,1.5499423742294312,1.1492561101913452,1.5574380159378052,36.01892852783203
20160316_143445_641_361,2.5285937786102295,9.877398490905762,1.1455087661743164,2.589689254760742,1.918773889541626,3.250016927719116,4.0859575271606445,3.2130908966064453,0.9268189072608948,1.102575659751892,0.9190551042556763,20.998550415039062
20160316_143445_641_721,2.3997998237609863,10.168691635131836,1.1876585483551025,2.448293685913086,1.6795802116394043,2.6869683265686035,3.7651383876800537,2.643834114074707,1.151136875152588,1.5840449333190918,1.1338175535202026,21.65918731689453
20160316_143527_1281_1081,2.319658041000366,10.286434173583984,1.2125694751739502,2.379568099975586,1.7043787240982056,2.4419355392456055,3.2941040992736816,2.3958206176757812,1.301091194152832,1.669643521308899,1.2811470031738281,26.3602237701416
20160316_143527_1281_361,2.66694712638855,10.293440818786621,1.1601746082305908,2.687832832336426,1.3251912593841553,2.9160056114196777,4.1976141929626465,2.898240566253662,1.2028162479400635,1.0705504417419434,1.2046494483947754,21.36920928955078
20160316_143527_1281_721,2.5110678672790527,10.30325984954834,1.3009530305862427,2.633247137069702,1.8492714166641235,2.6367392539978027,2.4271252155303955,2.657902956008911,1.685853123664856,1.9482792615890503,1.6593576669692993,31.389570236206055
20160316_143527_1921_361,2.393669605255127,9.965402603149414,1.2043144702911377,2.440347909927368,1.6371426582336426,2.968008279800415,3.3038413524627686,2.9548287391662598,1.1132031679153442,1.3738369941711426,1.1029744148254395,25.128429412841797
20160316_143527_1_1,1.9163371324539185,9.405961990356445,1.346826195716858,1.939239501953125,1.4871145486831665,3.049072265625,3.518402099609375,3.030198812484741,0.7846255898475647,0.7377450466156006,0.7865107655525208,25.758895874023438
20160316_143527_1_361,2.035531520843506,9.787141799926758,1.368850827217102,2.043318271636963,1.6359809637069702,1.8380872011184692,3.406017303466797,1.8197736740112305,1.4137871265411377,0.7861676216125488,1.4211176633834839,37.4960823059082
20160316_143527_641_1,2.455796718597412,10.309467315673828,1.2077136039733887,2.507359504699707,1.5015466213226318,3.1616241931915283,3.4728565216064453,3.148766040802002,0.9708728194236755,2.7360360622406006,0.8979476094245911,32.04682922363281
20160316_143527_641_361,2.5682730674743652,10.212339401245117,1.283018946647644,2.6619873046875,1.749047040939331,2.8492655754089355,3.037341594696045,2.8355517387390137,1.542413353919983,4.594849109649658,1.3198436498641968,40.55780792236328
20160316_143527_641_721,2.635383129119873,10.070052146911621,1.4571924209594727,2.669559955596924,2.098900318145752,2.0177853107452393,2.550244092941284,2.002340078353882,1.6496288776397705,2.077758550643921,1.6372098922729492,41.79790496826172
20160316_143547_1281_1081,2.1226463317871094,9.828753471374512,1.1682380437850952,2.1363821029663086,1.3077023029327393,2.0296924114227295,4.523417949676514,1.9938013553619385,1.3215280771255493,1.281314492225647,1.3221068382263184,27.872268676757812
20160316_143547_1281_361,2.2099623680114746,9.767511367797852,1.283107876777649,2.2140636444091797,1.3075735569000244,3.0741899013519287,4.18841552734375,3.0692594051361084,0.7833641171455383,2.0554733276367188,0.7777352929115295,18.011592864990234
20160316_143547_1281_721,2.0747756958007812,9.97011947631836,1.3342221975326538,2.1545746326446533,1.766645908355713,2.9849512577056885,4.111876964569092,2.863518238067627,1.0162757635116577,1.5040831565856934,0.9637113809585571,24.790260314941406
20160316_143547_1921_1081,1.546657681465149,9.698925018310547,1.3306235074996948,1.5703388452529907,1.5266969203948975,3.038309097290039,3.994021415710449,2.933546304702759,0.8722451329231262,2.459486722946167,0.6982546448707581,27.505691528320312
20160316_143547_1_1,1.9618782997131348,9.291744232177734,1.3194371461868286,2.0120761394500732,1.4813748598098755,3.1550962924957275,3.3960013389587402,3.13627290725708,0.9330832362174988,1.8128124475479126,0.8643437623977661,34.11507797241211
20160316_143547_641_1,2.3259775638580322,10.188860893249512,1.2768956422805786,2.3321149349212646,2.156219005584717,3.036153793334961,5.0612568855285645,3.0243072509765625,0.9521121978759766,1.1924560070037842,0.9507061243057251,21.469924926757812
20160316_143547_641_361,2.4120233058929443,10.256595611572266,1.3599764108657837,2.4799296855926514,1.7714594602584839,3.1247057914733887,4.471196174621582,3.0377936363220215,0.9587888121604919,1.3316048383712769,0.9347245693206787,21.343412399291992
20160316_143547_641_721,2.5126044750213623,10.088117599487305,1.4068711996078491,2.5178022384643555,1.4911876916885376,1.4546836614608765,0.8286252021789551,1.4576268196105957,1.772292971611023,7.707200527191162,1.744394302368164,19.103620529174805
20160318_181632_1281_1081,2.8365707397460938,9.680713653564453,1.0235514640808105,3.0100154876708984,1.300679326057434,3.005052089691162,3.8079473972320557,2.9282422065734863,1.146702527999878,0.8983361124992371,1.1704624891281128,18.07989501953125
20160318_181632_1281_361,2.373455286026001,8.72308349609375,0.9659647941589355,2.647980213165283,1.1844614744186401,2.95748233795166,3.461141347885132,2.859246015548706,1.0813885927200317,0.9980503916740417,1.097643256187439,18.11359214782715
20160318_181632_1281_721,2.878838539123535,9.073200225830078,1.0500519275665283,3.069899320602417,1.5139362812042236,2.4376187324523926,3.8931002616882324,2.2855587005615234,1.5850778818130493,1.0446912050247192,1.641534447669983,22.92697525024414
20160318_181632_1921_1,1.875445008277893,8.305198669433594,0.949674665927887,1.896480917930603,1.2218137979507446,2.9487485885620117,3.497774362564087,2.9362735748291016,0.7097954750061035,0.7514067888259888,0.7088500261306763,23.214080810546875
20160318_181632_1921_361,1.9824497699737549,7.769400596618652,1.0162405967712402,2.1009013652801514,1.0918312072753906,3.166555643081665,3.7167510986328125,3.0991055965423584,0.7737919092178345,1.0732918977737427,0.73707515001297,19.117238998413086
20160318_181632_1_1,2.2242963314056396,8.852083206176758,0.9319564700126648,2.4332003593444824,1.1352736949920654,2.996859073638916,4.185565948486328,2.8047077655792236,1.0792745351791382,1.5559254884719849,1.0022251605987549,29.26476287841797
20160318_181632_1_361,2.7889397144317627,9.271650314331055,0.9203044176101685,2.824915885925293,1.1771504878997803,1.9996546506881714,4.33940315246582,1.9546080827713013,1.6697070598602295,0.62906414270401,1.6897422075271606,12.435670852661133
20160318_181632_641_1,2.8338215351104736,9.547243118286133,0.9830458164215088,2.8549373149871826,1.3724058866500854,2.8718020915985107,3.2014288902282715,2.868041515350342,1.2081114053726196,3.9065558910369873,1.1773245334625244,34.803890228271484
20160318_181632_641_361,2.7334401607513428,9.510700225830078,1.003166675567627,3.0910768508911133,1.3467639684677124,2.96378231048584,3.6713979244232178,2.817523717880249,1.2487027645111084,1.4825953245162964,1.2003586292266846,23.15983009338379
20160318_181632_641_721,3.3133203983306885,9.497897148132324,1.592990517616272,3.322100877761841,2.441153049468994,2.7573773860931396,1.8586981296539307,2.7619640827178955,1.6740857362747192,14.800954818725586,1.6070852279663086,48.57646942138672
20160321_183947_1281_361,1.6924225091934204,10.315736770629883,0.9303008913993835,1.6997159719467163,0.7623096704483032,1.7722195386886597,3.0200555324554443,1.7602781057357788,1.096765398979187,1.772181510925293,1.090301752090454,12.26751708984375
20160321_183947_1281_721,1.239591360092163,10.144110679626465,0.7818683385848999,1.3119187355041504,0.6957247853279114,3.039560556411743,3.960584878921509,2.894023895263672,0.5539031028747559,0.7419032454490662,0.5241960883140564,12.276507377624512
20160321_183947_1921_721,1.109856367111206,9.025227546691895,0.7945505976676941,1.1571627855300903,0.9737149477005005,3.045017719268799,3.5766639709472656,2.9652528762817383,0.5664617419242859,1.144140362739563,0.47979068756103516,19.627300262451172
20160321_183947_1_721,1.2748942375183105,9.946895599365234,0.6994064450263977,1.4251368045806885,0.9939935803413391,2.913827419281006,4.004794597625732,2.6290090084075928,0.9240316152572632,0.8583070039749146,0.9411904215812683,20.987659454345703
20160321_183947_641_721,1.6300735473632812,10.627525329589844,0.712607741355896,1.7848234176635742,1.1552760601043701,3.029284954071045,4.3230133056640625,2.8110709190368652,0.7565376162528992,0.5596240162849426,0.7897511124610901,15.63081169128418
20160321_185557_1281_721,2.0449674129486084,9.285542488098145,1.0831022262573242,2.166295289993286,1.2022277116775513,3.1503846645355225,3.935791492462158,3.0513150691986084,0.8142299652099609,0.9883584380149841,0.7922657132148743,15.290779113769531
20160321_185557_1921_1,1.431713342666626,9.911863327026367,1.0725584030151367,1.4488555192947388,0.8838703036308289,3.280039072036743,3.3795382976531982,3.2752904891967773,0.5180473923683167,1.1840288639068604,0.48626017570495605,12.57956314086914
20160321_185557_1921_1081,1.540761947631836,7.808745384216309,1.0069713592529297,1.565909504890442,0.8730052709579468,3.4286887645721436,3.652242422103882,3.4181573390960693,0.515775740146637,1.322514295578003,0.47776955366134644,13.18525505065918
20160321_185557_1921_361,1.644979476928711,8.494470596313477,1.0227431058883667,1.6716073751449585,1.0049560070037842,2.5860095024108887,3.95603609085083,2.52738094329834,0.7951531410217285,1.0429940223693848,0.784546971321106,15.057099342346191
20160321_185557_1921_721,1.6275345087051392,8.732048988342285,1.168012022972107,1.686956524848938,1.0433686971664429,2.4233906269073486,3.049018383026123,2.3424887657165527,0.9740855097770691,1.8177907466888428,0.8649843335151672,16.542098999023438
20160321_185557_1_361,1.6806833744049072,8.67466926574707,1.071553349494934,1.6839953660964966,0.8342186212539673,1.9988923072814941,3.8522591590881348,1.9888149499893188,1.1467276811599731,0.4788336753845215,1.1503592729568481,17.07691764831543
20160321_185557_1_721,1.5881248712539673,8.643446922302246,1.1358306407928467,1.6271162033081055,0.9409090280532837,3.16105055809021,3.905712604522705,3.0968542098999023,0.6646641492843628,0.8416809439659119,0.649403989315033,14.62990951538086
20160321_185557_641_721,2.103421926498413,9.389216423034668,1.0179582834243774,2.2148396968841553,1.1326806545257568,3.212533473968506,3.8889291286468506,3.143103837966919,0.8580242395401001,1.60794198513031,0.781048595905304,20.37025260925293
20160324_170347_1281_1,1.447853922843933,9.362150192260742,0.9238075613975525,1.463863492012024,0.7305460572242737,2.8207333087921143,3.817965030670166,2.7902684211730957,0.6099717020988464,0.8342472314834595,0.6031201481819153,8.278918266296387
20160324_170347_1281_1081,1.6154685020446777,10.507379531860352,0.9417101144790649,1.6372027397155762,1.1063270568847656,2.825228214263916,3.998042583465576,2.787395477294922,0.6955419778823853,0.7531054615974426,0.6936850547790527,12.955416679382324
20160324_170347_1281_361,1.5372414588928223,10.365568161010742,1.0749026536941528,1.5531585216522217,0.7619953751564026,2.6529972553253174,3.529836893081665,2.6228106021881104,0.6909139156341553,0.8517463803291321,0.6853769421577454,10.386784553527832
20160324_170347_1281_721,1.5755879878997803,10.27371597290039,1.0361583232879639,1.6006548404693604,1.4699333906173706,2.607335329055786,2.9162514209747314,2.592979907989502,0.9557061791419983,4.26369571685791,0.8019877076148987,38.23997497558594
20160324_170347_641_1,2.092270851135254,10.334354400634766,0.8890127539634705,2.1070523262023926,1.3765267133712769,2.9049413204193115,4.101840019226074,2.89023756980896,0.9083554148674011,0.9212067723274231,0.9081976413726807,23.65625
20160324_170347_641_361,2.3071606159210205,10.497051239013672,0.9092244505882263,2.3325002193450928,1.4912419319152832,3.4419615268707275,3.9922447204589844,3.4319868087768555,0.776206910610199,1.1138745546340942,0.7700861096382141,27.235523223876953
20160324_170347_641_721,2.3029110431671143,10.52372932434082,0.8371038436889648,2.3210415840148926,1.2030237913131714,1.9951674938201904,3.7498106956481934,1.9734644889831543,1.4390876293182373,0.6223829388618469,1.4491894245147705,16.653339385986328
20160326_141808_1281_1,1.840194821357727,8.742895126342773,0.806847870349884,1.8607794046401978,0.9211788177490234,1.6157313585281372,1.2609984874725342,1.6227976083755493,1.4027553796768188,0.8249803781509399,1.4142650365829468,17.782272338867188
20160326_141808_641_1,2.6435325145721436,8.72906494140625,1.2422096729278564,2.6501569747924805,1.4792171716690063,1.5897842645645142,1.589626431465149,1.589785099029541,1.7399290800094604,2.005884885787964,1.7386717796325684,19.006959915161133
20160326_141808_641_361,2.7088046073913574,8.704151153564453,1.016365885734558,2.779402494430542,1.5527870655059814,1.6538509130477905,2.2255778312683105,1.6300020217895508,2.040433168411255,2.756998062133789,2.010542392730713,21.58802604675293
20160326_141808_641_721,2.7372021675109863,9.347938537597656,1.2020790576934814,2.78497052192688,1.4473545551300049,1.387641191482544,0.721869945526123,1.4083582162857056,2.420166015625,6.525979042053223,2.292405843734741,21.26038932800293
20160326_142521_1281_1,1.8188867568969727,7.875697612762451,1.4229837656021118,1.8431634902954102,1.0839468240737915,1.4549273252487183,1.1711589097976685,1.4723283052444458,1.4732767343521118,3.267512321472168,1.3632527589797974,21.141443252563477
20160326_142521_1281_1081,2.03983998298645,8.200000762939453,1.15452241897583,2.0526492595672607,1.135378122329712,1.4484676122665405,1.1490715742111206,1.4527994394302368,1.5248935222625732,5.111293792724609,1.473003625869751,24.317916870117188
20160326_142521_1281_361,2.033268690109253,7.19990873336792,1.3542437553405762,2.061692476272583,1.4715940952301025,1.770855188369751,1.3945246934890747,1.786608338356018,1.4938275814056396,7.170285224914551,1.2562124729156494,27.160022735595703
20160326_142521_1281_721,2.1227097511291504,9.97763442993164,1.4217259883880615,2.1582274436950684,1.382009744644165,1.7004268169403076,1.5903881788253784,1.706001877784729,1.5496946573257446,5.728039264678955,1.3379850387573242,30.1851749420166
20160326_142521_641_1,2.0517334938049316,7.434704303741455,1.6848337650299072,2.053903818130493,1.0369949340820312,1.772283673286438,2.553781509399414,1.7676608562469482,1.2728114128112793,0.6598048806190491,1.276437759399414,16.27698516845703
20160326_142521_641_1081,2.275681734085083,8.335478782653809,1.5078139305114746,2.2840609550476074,1.8131740093231201,1.4606668949127197,1.5212758779525757,1.4600054025650024,1.6947813034057617,1.003481149673462,1.7023249864578247,33.81433868408203
20160326_142745_1281_1081,1.905429720878601,6.906627655029297,1.0949726104736328,1.9216036796569824,1.2478389739990234,1.8089261054992676,2.1359126567840576,1.8024003505706787,1.2595722675323486,3.892761468887329,1.2070231437683105,24.31422233581543
20160326_142745_1281_361,1.8900182247161865,7.745230197906494,1.134867787361145,1.9306535720825195,1.0295275449752808,1.404752492904663,1.1441208124160767,1.4187774658203125,1.55636465549469,4.847356796264648,1.3792723417282104,26.30961799621582
20160326_142745_1281_721,1.9568321704864502,7.465824604034424,1.0468392372131348,2.0351696014404297,0.9598696827888489,2.580368757247925,1.8477909564971924,2.643432855606079,1.1443254947662354,3.3104512691497803,0.9578534960746765,21.658384323120117
20160326_142745_1921_1081,1.422506332397461,6.943545341491699,1.0008152723312378,1.4342992305755615,1.2011727094650269,2.3338510990142822,2.0807528495788574,2.3409290313720703,0.7987349629402161,1.725768804550171,0.7728098034858704,24.724084854125977
20160326_142745_1_1,1.3761048316955566,7.389288425445557,1.0444244146347046,1.4002879858016968,0.905202329158783,3.0618033409118652,2.699855089187622,3.0881927013397217,0.5198636651039124,1.276160717010498,0.46472176909446716,15.290782928466797
20160326_142745_641_361,1.9188683032989502,7.0812530517578125,1.0967557430267334,1.9998873472213745,1.1450620889663696,2.1432065963745117,1.4606379270553589,2.2104735374450684,1.3330334424972534,4.4140119552612305,1.0294026136398315,17.346384048461914
20160328_151020_1281_361,1.880271315574646,10.582962036132812,0.9855110049247742,1.9266802072525024,0.8657674193382263,2.922229766845703,3.7728090286254883,2.878112554550171,0.9177414178848267,1.1128441095352173,0.9076219797134399,18.039384841918945
20160328_151020_1921_361,1.5876071453094482,10.671640396118164,0.9966384768486023,1.6142245531082153,1.050115704536438,2.9108922481536865,3.7272958755493164,2.8741211891174316,0.8172820210456848,1.8263144493103027,0.7718352675437927,18.52073097229004
20160328_151020_1_1,1.269818902015686,10.260194778442383,1.1157187223434448,1.2803422212600708,0.9934280514717102,2.7728564739227295,3.221966505050659,2.7421875,0.8362316489219666,1.372841238975525,0.7995872497558594,19.774566650390625
20160328_151020_1_361,1.558572769165039,10.312248229980469,1.009928822517395,1.5652027130126953,0.9253801107406616,1.9654369354248047,4.020386695861816,1.9406038522720337,1.0861068964004517,1.4834928512573242,1.081304669380188,18.418439865112305
20160328_151020_641_361,1.9762924909591675,10.627370834350586,0.9746094942092896,2.006727695465088,1.0860320329666138,2.938819646835327,3.5383098125457764,2.9206056594848633,0.8354591727256775,1.1019599437713623,0.8273618817329407,19.16225242614746
20160328_151020_641_721,1.9069966077804565,10.740887641906738,0.9916859269142151,1.9578899145126343,0.9140902757644653,3.0708260536193848,2.7828001976013184,3.086840867996216,0.8743897676467896,3.902414560317993,0.7060244679450989,25.8511905670166
20160328_151057_1281_1,2.105898380279541,10.580930709838867,1.1343754529953003,2.126678943634033,1.527880072593689,3.4776358604431152,4.291976451873779,3.4602177143096924,0.6622348427772522,1.4573206901550293,0.6452281475067139,18.97161293029785
20160328_151057_1281_1081,1.7726951837539673,10.308634757995605,1.2060717344284058,1.7810097932815552,1.3877794742584229,2.606877326965332,2.4840734004974365,2.6086795330047607,0.8999764919281006,2.5497725009918213,0.8757675290107727,20.101350784301758
20160328_151057_1281_361,2.012160539627075,10.192239761352539,1.0270826816558838,2.0378551483154297,1.2958741188049316,3.5994555950164795,3.802460193634033,3.594160795211792,0.7158910632133484,1.401617169380188,0.6980044841766357,39.88180160522461
20160328_151057_1281_721,1.9106552600860596,10.444674491882324,1.1323769092559814,1.9713456630706787,1.2456319332122803,3.1202168464660645,3.297375202178955,3.1064023971557617,0.8039690256118774,1.899351954460144,0.718550443649292,18.725635528564453
20160328_151057_1921_721,1.6094197034835815,10.004352569580078,1.1585345268249512,1.6327087879180908,1.0935282707214355,3.5273444652557373,3.5664780139923096,3.5253233909606934,0.5449215769767761,1.6803419589996338,0.48627546429634094,16.363744735717773
20160328_151057_641_1081,1.5576943159103394,9.558562278747559,1.0699962377548218,1.5674556493759155,1.0213826894760132,2.639573335647583,3.3525702953338623,2.625303030014038,0.8429393768310547,2.4266324043273926,0.8112417459487915,32.13416290283203
20160328_151057_641_721,1.8720605373382568,9.991473197937012,1.113701343536377,1.8909660577774048,1.2643864154815674,3.4059975147247314,3.3245019912719727,3.4080288410186768,0.6347159743309021,2.4222168922424316,0.5901548862457275,19.505895614624023
20160328_151244_1281_1081,1.5359770059585571,10.287775039672852,0.6762484312057495,1.625309944152832,0.8464061617851257,2.8721256256103516,3.9404659271240234,2.7611162662506104,0.7898569107055664,0.3966972231864929,0.8307094573974609,12.889729499816895
20160328_151244_1281_361,1.9836610555648804,10.548065185546875,0.7162876725196838,2.130824089050293,0.9457265734672546,2.5408718585968018,3.7401692867279053,2.401613712310791,1.0810317993164062,0.9310433864593506,1.0984479188919067,19.85136604309082
20160328_151244_1281_721,1.5183669328689575,10.38885498046875,0.7932369709014893,1.6957324743270874,0.8588285446166992,2.64509654045105,3.027488946914673,2.5515644550323486,1.0264801979064941,1.3639334440231323,0.9439396858215332,17.65456199645996
20160328_151244_1921_1081,1.2555328607559204,9.338659286499023,1.0600478649139404,1.26103675365448,0.900840699672699,2.9474308490753174,3.0943167209625244,2.9432952404022217,0.4848096966743469,1.4167428016662598,0.4585723280906677,15.36540699005127
20160328_151244_1921_361,1.336822509765625,9.938882827758789,0.7739517092704773,1.4278981685638428,0.717642068862915,3.0120315551757812,4.06284236907959,2.8420052528381348,0.5720723867416382,0.6299899220466614,0.5627011656761169,12.893038749694824
20160328_151244_1921_721,1.1374764442443848,9.572446823120117,0.7460269927978516,1.2283599376678467,0.7201263308525085,2.789316415786743,3.587019205093384,2.6041128635406494,0.6523827314376831,0.7448940873146057,0.6309043169021606,11.126344680786133
20160328_151244_1_1,1.6682910919189453,10.3076753616333,0.9356985092163086,1.7719309329986572,1.0096317529678345,3.084500789642334,3.4372646808624268,3.034595251083374,0.6660510301589966,0.9684537053108215,0.6232701539993286,11.079877853393555
20160328_151244_1_1081,1.6838493347167969,9.689980506896973,0.9774181246757507,1.7071834802627563,0.7196700572967529,2.935913324356079,4.227950572967529,2.893235921859741,0.7516744136810303,0.7884254455566406,0.7504605054855347,9.473610877990723
20160328_151244_1_721,1.9363441467285156,10.53854751586914,0.7662193775177002,2.046088457107544,0.8583797216415405,3.012877941131592,3.8407797813415527,2.935229778289795,0.7644654512405396,0.9975404739379883,0.7426058053970337,13.338788032531738
20160328_151244_641_1,2.1694626808166504,10.16890811920166,0.7409242391586304,2.3191847801208496,1.0412148237228394,2.474536418914795,3.57118821144104,2.3595986366271973,1.1761341094970703,0.9837966561317444,1.196292757987976,17.176265716552734
20160328_151244_641_361,2.1734097003936768,10.400300979614258,0.7286287546157837,2.2881102561950684,0.9182911515235901,3.5944175720214844,4.285387992858887,3.5395612716674805,0.6940642595291138,0.7831940054893494,0.686988353729248,13.26467514038086
20160328_151244_641_721,1.6597427129745483,10.418746948242188,1.0193926095962524,1.8486231565475464,1.0349925756454468,2.9104223251342773,3.7976315021514893,2.6487278938293457,0.9986334443092346,1.171282410621643,0.9477083086967468,19.059356689453125
20160328_151752_1281_361,2.4043185710906982,9.248510360717773,1.0540571212768555,2.515026569366455,1.4389722347259521,2.922856092453003,2.817457675933838,2.931497573852539,1.0102685689926147,1.6723613739013672,0.9559836387634277,18.640972137451172
20160328_151752_1281_721,2.162597417831421,8.281546592712402,1.3213322162628174,2.189439535140991,1.3974273204803467,2.1495091915130615,3.7997546195983887,2.0968551635742188,1.230110764503479,1.8540087938308716,1.2102043628692627,19.290185928344727
20160328_151752_1921_721,1.2313083410263062,7.205493927001953,0.8991678953170776,1.2711079120635986,0.8875418901443481,3.0556366443634033,2.90267014503479,3.0739657878875732,0.5514487624168396,1.378127932548523,0.45239001512527466,14.69909381866455
20160328_151752_1_361,1.6155402660369873,8.480911254882812,0.9098068475723267,1.6611111164093018,0.8631760478019714,2.9115638732910156,3.9429640769958496,2.8449645042419434,0.7560880780220032,0.8075932860374451,0.7527622580528259,19.91667366027832
20160328_151752_1_721,1.5694786310195923,8.890962600708008,0.7706093192100525,1.5732269287109375,0.8942223787307739,2.4496428966522217,3.7790145874023438,2.4434053897857666,0.7980020046234131,0.21268099546432495,0.8007484674453735,21.23927116394043
20160328_151752_641_361,2.113163948059082,8.122746467590332,1.0301897525787354,2.2213735580444336,1.329842209815979,3.045375108718872,3.7417068481445312,2.9757988452911377,0.8980875611305237,1.332713007926941,0.8546604514122009,21.22752571105957
20160328_152022_1281_721,1.8219220638275146,9.774247169494629,0.8611597418785095,1.967559814453125,1.183488130569458,3.1540322303771973,4.7852277755737305,2.906766653060913,0.7975552082061768,0.9927995800971985,0.7679591774940491,21.160547256469727
20160328_152022_1921_1,1.4878947734832764,9.430505752563477,0.7551330327987671,1.516979694366455,0.6497478485107422,3.3169608116149902,3.410275459289551,3.3132565021514893,0.486223965883255,0.7282007932662964,0.4766193926334381,11.77831745147705
20160328_152022_1921_361,1.208526611328125,10.29595947265625,0.859554648399353,1.242775321006775,0.750257670879364,2.9511096477508545,4.0210041999816895,2.8461079597473145,0.556397557258606,0.6127354502677917,0.5508683323860168,9.044090270996094
20160328_152022_1921_721,1.3059903383255005,8.560206413269043,0.8075047135353088,1.32915198802948,1.0272525548934937,2.639321804046631,4.347707271575928,2.559943199157715,0.614676296710968,1.2904627323150635,0.5832763910293579,15.680623054504395
20160328_152022_1_1081,1.8361756801605225,8.855182647705078,0.9827284216880798,1.8669590950012207,1.4568336009979248,2.9806230068206787,3.592543125152588,2.9585518836975098,0.8641138076782227,4.2239179611206055,0.7429289221763611,36.04548645019531
20160328_152022_1_361,3.23238205909729,10.548644065856934,0.8838306665420532,3.2583742141723633,1.657663106918335,1.9491618871688843,4.494369983673096,1.9209938049316406,2.026372194290161,0.8307979702949524,2.0396039485931396,17.50547981262207
20160328_152022_1_721,2.3837249279022217,9.672403335571289,0.9582606554031372,2.4311201572418213,1.3785322904586792,1.759678602218628,2.7629246711730957,1.726321816444397,1.678635835647583,2.931015729904175,1.6369954347610474,21.32721519470215
20160328_152022_641_361,2.1058263778686523,9.833457946777344,0.827846348285675,2.2084877490997314,1.1372076272964478,3.0465424060821533,3.878371000289917,2.9797208309173584,0.8571867942810059,1.3520861864089966,0.8174309730529785,18.3984317779541
20160328_152022_641_721,1.9751662015914917,9.708288192749023,0.8012821078300476,2.06144118309021,1.1979726552963257,3.1400716304779053,4.2071404457092285,3.061647415161133,0.759820818901062,0.6283901929855347,0.7694804668426514,14.511554718017578
20160328_152305_1281_361,2.3057804107666016,9.538910865783691,1.1403112411499023,2.393486499786377,1.5610215663909912,3.0064504146575928,4.262909889221191,2.9118971824645996,1.0291205644607544,1.8028669357299805,0.9708934426307678,34.74586868286133
20160328_152305_1281_721,2.5214691162109375,9.400676727294922,1.0930352210998535,2.6089565753936768,2.0689878463745117,2.5625007152557373,4.127056121826172,2.4666757583618164,1.4624428749084473,1.2009490728378296,1.4784590005874634,38.10911560058594
20160328_152305_1921_361,1.7602589130401611,9.322270393371582,1.0947405099868774,1.8318731784820557,1.1753408908843994,2.565368890762329,3.0735461711883545,2.510685443878174,1.027759313583374,1.1923054456710815,1.0100529193878174,25.983972549438477
20160328_152305_1921_721,2.1552584171295166,8.368701934814453,1.0908112525939941,2.233511447906494,1.3857022523880005,2.9535088539123535,4.441654205322266,2.8441073894500732,0.8392384052276611,1.0508023500442505,0.8236851692199707,20.911222457885742
20160328_152305_1_361,2.2515056133270264,8.872200012207031,1.3523075580596924,2.304439067840576,1.6127305030822754,3.263075590133667,4.306210041046143,3.201669454574585,0.8662732839584351,1.2249231338500977,0.8451604843139648,22.994543075561523
20160328_152305_641_361,2.475125789642334,9.906557083129883,1.2818926572799683,2.5399796962738037,1.9547995328903198,3.01237416267395,3.839193105697632,2.967435359954834,1.2061560153961182,2.0973408222198486,1.1577188968658447,57.11509704589844
20160328_152305_641_721,2.4843764305114746,8.8277587890625,1.222800612449646,2.6008923053741455,1.581424593925476,3.0772342681884766,3.8095760345458984,3.009597063064575,1.1173298358917236,2.0871684551239014,1.0277581214904785,27.520946502685547
20160328_152511_1281_361,2.4218833446502686,10.336009979248047,1.535987377166748,2.4529340267181396,1.8700640201568604,2.4447500705718994,2.813807487487793,2.4318149089813232,1.2475769519805908,3.2469213008880615,1.1775003671646118,23.79716682434082
20160328_152511_1281_721,2.370957851409912,10.22105884552002,1.211732268333435,2.398320436477661,1.607082724571228,2.6262781620025635,3.1936545372009277,2.6128857135772705,1.0408625602722168,2.523380994796753,1.0058691501617432,20.994997024536133
20160328_152511_1921_361,1.5819512605667114,9.612489700317383,0.8991689682006836,1.6155601739883423,0.9817912578582764,2.9403531551361084,2.9594030380249023,2.939415216445923,0.741821825504303,1.8792043924331665,0.6858360171318054,21.658479690551758
20160328_152511_1921_721,1.6183940172195435,9.703030586242676,0.9500582218170166,1.6419060230255127,0.7271936535835266,2.507070541381836,2.4586381912231445,2.508774757385254,0.7460651993751526,1.213767409324646,0.7296115159988403,16.385313034057617
20160328_152511_1_361,1.9855366945266724,9.933505058288574,1.0941572189331055,2.029047727584839,1.2641998529434204,2.8816940784454346,2.9814183712005615,2.876826763153076,0.9074460864067078,1.8321551084518433,0.8623086810112,19.141176223754883
20160328_152511_641_361,2.4757237434387207,10.10305404663086,1.1236809492111206,2.5562360286712646,1.548737645149231,2.856389045715332,3.831404447555542,2.798328161239624,1.072744607925415,1.3119734525680542,1.0584988594055176,19.89665985107422
20160328_152511_641_721,2.367504119873047,10.38985824584961,0.922733724117279,2.378740072250366,1.6899778842926025,1.9507784843444824,2.366617441177368,1.9475449323654175,1.3986984491348267,0.9033337831497192,1.4025509357452393,19.636497497558594
20160328_152747_1281_361,2.174940347671509,10.191492080688477,1.645643711090088,2.203641891479492,2.2794814109802246,2.902907133102417,2.664588451385498,2.915830373764038,1.1861777305603027,6.798573017120361,0.8818409442901611,46.15582275390625
20160328_152747_1281_721,2.326092481613159,10.137808799743652,1.0736228227615356,2.3359158039093018,1.465253472328186,2.8655617237091064,3.2623281478881836,2.862450122833252,0.9480139017105103,2.6463804244995117,0.9346935153007507,20.933935165405273
20160328_152747_1921_361,1.673154592514038,9.846527099609375,1.4884250164031982,1.6885563135147095,1.7677571773529053,2.9605252742767334,2.7203598022460938,2.980548620223999,0.8375716805458069,3.4427568912506104,0.620367705821991,25.61275291442871
20160328_152747_1_361,1.7547581195831299,9.278129577636719,1.242130160331726,1.7796928882598877,1.276872158050537,2.9964146614074707,3.1253461837768555,2.990143060684204,0.755344808101654,1.5183221101760864,0.718233048915863,19.382728576660156
20160328_152747_641_361,2.058342933654785,10.091124534606934,1.329667091369629,2.1028761863708496,1.7038544416427612,3.0537917613983154,3.410862445831299,3.0319693088531494,0.9015828371047974,1.759257197380066,0.8491657376289368,20.896011352539062
20160328_153548_1281_1081,1.8830660581588745,7.888367176055908,1.0725600719451904,1.8875335454940796,1.3386712074279785,1.5236873626708984,2.2731738090515137,1.519555687904358,1.3158270120620728,2.322946786880493,1.310275673866272,26.644983291625977
20160328_153548_1281_361,1.8619316816329956,7.7090744972229,0.9324610829353333,1.895885944366455,0.808434247970581,2.6597096920013428,4.2771897315979,2.6006221771240234,0.8348208665847778,0.7893896102905273,0.8364804983139038,10.271339416503906
20160328_153548_1281_721,1.8311926126480103,7.5190629959106445,0.9491904377937317,1.9552671909332275,1.1079919338226318,2.9239392280578613,3.4616010189056396,2.8483049869537354,0.8647141456604004,1.223322868347168,0.8142674565315247,14.154038429260254
20160328_153548_1921_361,1.3844585418701172,6.731365203857422,0.9946398138999939,1.4087591171264648,0.8158485293388367,3.2900805473327637,4.4484148025512695,3.217872142791748,0.5818262100219727,0.6482686400413513,0.5776843428611755,41.69920349121094
20160328_153548_1921_721,1.34730863571167,8.647798538208008,0.8747014403343201,1.3869959115982056,0.7129392623901367,2.6347644329071045,3.9478306770324707,2.5244994163513184,0.7190759778022766,1.3478840589523315,0.6662716865539551,23.5029296875
20160328_153548_1_1,1.9588359594345093,8.361144065856934,1.0029942989349365,2.0538206100463867,1.070525050163269,3.2055132389068604,3.969482183456421,3.129595994949341,0.7668476700782776,1.097357988357544,0.7340037226676941,19.57367515563965
20160328_153548_1_1081,1.5415711402893066,9.109748840332031,0.9341691136360168,1.636812448501587,0.8564754128456116,2.861116647720337,2.871051549911499,2.8595588207244873,0.9374366998672485,1.530719518661499,0.8444094061851501,23.2686824798584
20160328_153548_641_1,2.2051215171813965,9.098991394042969,1.0346125364303589,2.2320587635040283,1.2640578746795654,2.779482126235962,4.078919887542725,2.7495782375335693,0.9762321710586548,1.025037169456482,0.9751089811325073,17.914836883544922
20160328_153548_641_1081,1.826034665107727,9.673757553100586,1.0739598274230957,1.8877086639404297,1.4793413877487183,3.1593966484069824,3.5124614238739014,3.130443572998047,0.8346275091171265,1.537616491317749,0.7769787311553955,27.430252075195312
20160328_153548_641_361,2.2240583896636963,9.347859382629395,1.1838380098342896,2.2511916160583496,1.4590510129928589,3.3899316787719727,3.7174625396728516,3.3813881874084473,0.760735273361206,1.4949826002120972,0.7415831089019775,26.18210220336914
20160328_153548_641_721,2.1298348903656006,8.13525104522705,1.1581283807754517,2.2023208141326904,1.179504632949829,3.249004364013672,3.1334879398345947,3.2576215267181396,0.8485042452812195,2.003756523132324,0.762326180934906,20.108293533325195
20160328_153604_1281_1,2.079331636428833,7.6127142906188965,0.886974036693573,2.1099538803100586,1.0452672243118286,1.8971521854400635,3.547382116317749,1.8547711372375488,1.483474612236023,0.9503136277198792,1.4971671104431152,28.251752853393555
20160328_153604_1281_361,1.9533658027648926,7.913732051849365,0.9714961647987366,2.031196355819702,0.9077965021133423,2.9194447994232178,3.1102757453918457,2.9043171405792236,0.8513644337654114,1.1759577989578247,0.8256344795227051,14.177372932434082
20160328_153604_1281_721,1.7779682874679565,7.872046947479248,1.0278880596160889,1.818183183670044,1.0874484777450562,2.428518533706665,3.228708505630493,2.385617256164551,0.9554324746131897,1.6321927309036255,0.919148862361908,16.710878372192383
20160328_153604_1921_361,1.3568007946014404,6.794267654418945,1.0070350170135498,1.3762822151184082,0.897895097732544,3.2743144035339355,3.5760326385498047,3.2575087547302246,0.5101262331008911,1.1938050985336304,0.47204601764678955,12.675649642944336
20160328_153604_1921_721,1.1547024250030518,6.732501983642578,0.836314857006073,1.170947551727295,0.8099750876426697,2.8992462158203125,2.9079670906066895,2.89880108833313,0.608321487903595,1.6501400470733643,0.5551648736000061,21.23502540588379
20160328_153604_1_1,1.6215460300445557,7.338622570037842,1.0122835636138916,1.6544983386993408,0.8632927536964417,2.576073408126831,3.9944939613342285,2.4993560314178467,0.8009081482887268,0.8569806218147278,0.7978755235671997,12.012636184692383
20160328_153604_1_361,1.7042990922927856,7.5332489013671875,0.9009512066841125,1.7495346069335938,0.9724217653274536,3.244579792022705,3.470900058746338,3.2318360805511475,0.6747786998748779,1.088523030281067,0.6514812707901001,13.97193717956543
20160328_153604_641_1,1.9556381702423096,9.433223724365234,1.062334418296814,1.9938864707946777,1.3588738441467285,2.9645023345947266,4.338052749633789,2.9056904315948486,0.7845655083656311,0.9775609374046326,0.7763019800186157,19.144611358642578
20160328_153604_641_1081,1.7711181640625,7.681081295013428,0.9445459842681885,1.8472741842269897,0.9380160570144653,1.9847593307495117,2.93532657623291,1.897179126739502,1.10651695728302,1.4484059810638428,1.0750170946121216,15.49997329711914
20160328_153604_641_361,2.0857033729553223,8.031569480895996,0.9233068227767944,2.173860788345337,1.1698641777038574,2.8707668781280518,3.00850510597229,2.8603203296661377,1.0227618217468262,2.2620432376861572,0.9287734627723694,21.39885711669922
20160328_153604_641_721,2.214296579360962,8.573089599609375,0.9896541833877563,2.2978837490081787,1.3614907264709473,2.269721508026123,3.0761821269989014,2.2146778106689453,1.3186633586883545,2.828209161758423,1.215630054473877,29.594085693359375
20160328_153620_1281_1081,2.451977014541626,8.170511245727539,1.4917939901351929,2.4643752574920654,1.2569679021835327,2.114809274673462,4.411871910095215,2.0851497650146484,1.4298542737960815,1.4066636562347412,1.430153727531433,25.843908309936523
20160328_153620_1281_361,1.7511131763458252,7.967087268829346,1.0315066576004028,1.9270501136779785,1.056871771812439,2.6644153594970703,3.187864065170288,2.5364370346069336,1.109073519706726,1.231660008430481,1.0791025161743164,17.106868743896484
20160328_153620_1281_721,2.1286733150482178,8.958816528320312,0.9235068559646606,2.255431652069092,1.0911773443222046,3.072983503341675,4.263565540313721,2.9477591514587402,0.9061554670333862,0.6780233383178711,0.9301502704620361,16.48691749572754
20160328_153620_1921_1081,1.6237179040908813,7.4757585525512695,1.0019102096557617,1.6530824899673462,1.1030325889587402,2.712266445159912,4.156721591949463,2.644052267074585,0.7503178119659424,1.7595547437667847,0.7026563286781311,25.555557250976562
20160328_153620_1921_361,1.325669527053833,7.655575275421143,0.9614300727844238,1.3802279233932495,0.799147367477417,3.1007301807403564,4.626604080200195,2.8721752166748047,0.6051201224327087,0.6852651238441467,0.5931153893470764,14.763143539428711
20160328_153620_1_361,1.9371857643127441,9.44849681854248,0.9818651676177979,2.087852716445923,0.9352555274963379,2.930370569229126,4.047890663146973,2.7541234493255615,0.8699790835380554,0.8230670690536499,0.8773778080940247,14.420792579650879
20160328_153620_1_721,2.4698569774627686,9.2734375,0.8957312107086182,2.51267409324646,1.0484333038330078,2.021406888961792,4.783999443054199,1.9462635517120361,1.444413423538208,0.5268689393997192,1.4693708419799805,9.887213706970215
20160328_153620_641_361,2.0777955055236816,9.932106018066406,0.8295382261276245,2.1177732944488525,0.9355518817901611,3.5181498527526855,4.034976482391357,3.501598358154297,0.6911356449127197,0.5279622673988342,0.6963615417480469,18.407968521118164
20160328_153620_641_721,2.0760080814361572,8.626391410827637,0.9989792108535767,2.3556132316589355,0.9683595895767212,2.824801445007324,3.6430840492248535,2.612368583679199,1.1893260478973389,0.9023222923278809,1.2638345956802368,17.641958236694336
20160328_153629_1281_361,1.7515180110931396,8.804534912109375,1.028943419456482,1.7802867889404297,0.6687774062156677,1.88634192943573,4.629557132720947,1.7771222591400146,1.1181272268295288,0.29676583409309387,1.1508293151855469,6.2758073806762695
20160328_153629_1281_721,1.6756654977798462,8.026788711547852,0.948549211025238,1.7592123746871948,0.9221470952033997,3.1831345558166504,4.157662868499756,3.071160316467285,0.6596276760101318,0.9450945258140564,0.6268268823623657,14.62672233581543
20160328_153629_1921_361,0.863709568977356,6.436130523681641,0.8743378520011902,0.8620381951332092,0.6454293131828308,2.8807084560394287,3.9333646297454834,2.7151801586151123,0.44822973012924194,0.8962652087211609,0.3777770400047302,12.144287109375
20160328_153629_1_361,1.2386116981506348,9.421085357666016,0.9423982501029968,1.2894846200942993,0.8344259262084961,3.0363473892211914,4.409702777862549,2.8004825115203857,0.5715382099151611,0.5038837790489197,0.5831574201583862,11.402181625366211
20160328_153629_641_361,1.8357783555984497,9.43929386138916,0.8779097199440002,1.8799666166305542,0.8467614650726318,2.593169689178467,4.226794719696045,2.517808198928833,0.9389569163322449,0.5099992752075195,0.9587452411651611,16.970684051513672
20160328_153629_641_721,1.8319756984710693,7.676302433013916,0.9232308268547058,1.9617499113082886,0.7655563950538635,3.17352557182312,4.504064083099365,2.9835169315338135,0.7203311920166016,0.6572930812835693,0.7293334603309631,14.819604873657227
20160328_153829_1281_361,1.7127346992492676,9.336578369140625,0.7904672026634216,1.8635483980178833,1.0070440769195557,2.8142447471618652,3.7688381671905518,2.6581454277038574,0.8887134194374084,0.5126923322677612,0.950202226638794,14.155523300170898
20160328_153829_1281_721,1.7674143314361572,7.384426116943359,0.986406683921814,1.780714750289917,1.12538743019104,3.0402162075042725,4.553724765777588,3.01444149017334,0.7290369868278503,0.7077944874763489,0.7293986678123474,16.767333984375
20160328_153829_1921_1,1.487499713897705,7.527475357055664,0.9111493229866028,1.5417674779891968,0.8072147369384766,2.9219655990600586,3.9533724784851074,2.8248507976531982,0.6459580659866333,0.6319714188575745,0.6472750306129456,9.407600402832031
20160328_153829_1921_361,1.0336467027664185,8.530048370361328,0.7865095138549805,1.037662386894226,0.6404328346252441,3.1970629692077637,4.666545391082764,3.173185110092163,0.3626595437526703,0.3661741614341736,0.3626024127006531,16.163814544677734
20160328_153829_1_1,1.8706142902374268,7.816596508026123,0.808759331703186,1.956188440322876,0.8352441787719727,2.787268877029419,3.5181376934051514,2.7283692359924316,0.8498938083648682,0.6090613007545471,0.8693023920059204,13.62973690032959
20160328_153829_1_721,1.8899686336517334,8.0581636428833,0.8526462316513062,1.9249629974365234,1.035896897315979,2.6030399799346924,3.897592067718506,2.5593676567077637,0.8787127733230591,0.6998351216316223,0.8847471475601196,10.884586334228516
20160328_153829_641_1,2.378042459487915,8.068646430969238,0.8128332495689392,2.499317169189453,0.8860570192337036,3.060431957244873,3.71925950050354,3.009385347366333,0.8931688070297241,0.9529735445976257,0.8885351419448853,13.638406753540039
20160328_153829_641_1081,1.8219232559204102,8.511926651000977,0.7374438047409058,1.8511433601379395,0.8817129135131836,2.9001197814941406,3.6449835300445557,2.880049705505371,0.7079584002494812,0.4899179935455322,0.7138330340385437,10.493891716003418
20160328_153829_641_361,2.10542368888855,8.813308715820312,0.7637616991996765,2.1488335132598877,1.0035029649734497,1.9849525690078735,4.228748321533203,1.912353754043579,1.2740156650543213,0.45761725306510925,1.3004305362701416,12.252636909484863
20160328_153829_641_721,1.947326898574829,8.211785316467285,0.8669791221618652,1.9584311246871948,1.062294840812683,1.9098336696624756,4.022402763366699,1.8881205320358276,1.1779628992080688,0.4052293300628662,1.1859052181243896,12.649187088012695
20160329_103807_1081_1,1.9864872694015503,7.983865261077881,1.4059183597564697,1.9911048412322998,1.1367862224578857,1.4345864057540894,1.244382381439209,1.4360990524291992,1.4403362274169922,3.0945885181427,1.427179217338562,10.113945960998535
20160329_103807_361_1,2.026549816131592,8.390336036682129,1.2705769538879395,2.111146926879883,1.2528183460235596,2.9466323852539062,3.278475046157837,2.9094979763031006,0.8939608931541443,1.7685236930847168,0.7960931658744812,19.85302734375
20160329_103807_361_1281,2.6124556064605713,9.376588821411133,1.3286200761795044,2.8276853561401367,1.7417185306549072,2.8167736530303955,3.2772843837738037,2.739570140838623,1.668973445892334,2.2275655269622803,1.5753273963928223,32.0587158203125
20160329_103807_361_1921,2.5265421867370605,8.760028839111328,1.2761633396148682,2.740140199661255,1.313529133796692,2.991938591003418,3.2726547718048096,2.9439845085144043,1.1271235942840576,1.7639724016189575,1.0183327198028564,22.321922302246094
20160329_103807_361_641,2.2871921062469482,9.127236366271973,1.3024576902389526,2.5436244010925293,1.3435416221618652,2.7877023220062256,2.919480800628662,2.7533864974975586,1.4765609502792358,2.868473768234253,1.1140965223312378,24.718547821044922
20160329_103807_721_1,1.9568228721618652,8.83721923828125,1.2085734605789185,2.0326218605041504,1.172727346420288,2.4034481048583984,2.777890920639038,2.3655166625976562,1.2317554950714111,1.945510983467102,1.159450888633728,23.404376983642578
20160329_103807_721_1281,2.928997039794922,9.37908935546875,1.6925883293151855,2.9403038024902344,2.3529014587402344,1.532545804977417,2.3255527019500732,1.5252934694290161,2.0609219074249268,4.9371819496154785,2.0346174240112305,37.66592025756836
20160330_165956_1281_721,1.3810938596725464,9.909135818481445,1.032263159751892,1.3922239542007446,0.9846265316009521,3.313511848449707,3.0512139797210693,3.32188081741333,0.5168273448944092,1.4922899007797241,0.4857034981250763,12.805619239807129
20160330_165956_1921_721,1.0067346096038818,9.198440551757812,0.8061387538909912,1.0124216079711914,0.6730067729949951,3.3751344680786133,3.571047306060791,3.3695805072784424,0.35686519742012024,0.7373837232589722,0.3460771441459656,9.098133087158203
20160330_165956_1_1081,1.0899254083633423,8.274824142456055,0.7127751111984253,1.104952096939087,0.6952078938484192,3.2542014122009277,3.2385077476501465,3.254826784133911,0.3833809196949005,0.8904919028282166,0.36317628622055054,8.32591724395752
20160330_165956_1_721,1.4076825380325317,9.625536918640137,0.6497976183891296,1.4256892204284668,1.2119956016540527,3.2209572792053223,3.0309152603149414,3.2254722118377686,0.6062759160995483,0.9763760566711426,0.5974828004837036,22.006391525268555
20160330_165956_641_721,1.4748002290725708,8.650466918945312,0.9171916246414185,1.4952658414840698,1.0730534791946411,3.3725249767303467,3.4460418224334717,3.369826555252075,0.5366477966308594,1.4061733484268188,0.5047335028648376,13.128815650939941
20160330_170359_1281_721,2.4662270545959473,10.857081413269043,1.9015382528305054,2.583977222442627,1.9885668754577637,3.1167492866516113,3.9689536094665527,2.9390456676483154,1.1883015632629395,2.3760812282562256,0.9406226277351379,27.652597427368164
20160330_170359_1921_361,2.256686210632324,10.62185001373291,1.5817725658416748,2.3156685829162598,1.9108103513717651,2.9230759143829346,4.551720142364502,2.7807443141937256,1.0285569429397583,2.3649542331695557,0.9117656350135803,33.57969284057617
20160330_170359_1921_721,2.337801694869995,10.84648609161377,1.477746605873108,2.4355108737945557,1.5288121700286865,3.2744767665863037,4.4234795570373535,3.1439402103424072,0.8283758759498596,1.0879886150360107,0.7988818287849426,19.314756393432617
20160330_170359_1_721,2.033735513687134,10.766526222229004,1.7504764795303345,2.0855374336242676,1.8412456512451172,3.073843002319336,3.9123594760894775,2.9204957485198975,1.1398459672927856,2.520005702972412,0.8874436020851135,36.032806396484375
20160330_170359_641_721,2.4087767601013184,10.741988182067871,1.5589690208435059,2.54329252243042,1.8967156410217285,3.1312551498413086,4.486877918243408,2.9166743755340576,1.2593870162963867,2.5666887760162354,1.0524548292160034,40.86402130126953
20160330_172309_1281_361,1.9117894172668457,10.384044647216797,1.0329174995422363,1.9420419931411743,1.4783169031143188,3.1614797115325928,3.058929443359375,3.1650099754333496,0.7611123323440552,1.2524625062942505,0.7441989183425903,26.419580459594727
20160330_172309_1281_721,1.8871424198150635,10.239761352539062,1.1063647270202637,1.9871177673339844,1.2887256145477295,3.0244553089141846,3.689668655395508,2.939276933670044,0.926287829875946,1.292290210723877,0.8794230222702026,20.47041130065918
20160330_172309_1921_361,1.4763280153274536,7.730023384094238,1.0043162107467651,1.5092962980270386,1.1075087785720825,3.169198989868164,3.911724805831909,3.1173360347747803,0.5571275353431702,0.6555063724517822,0.5502559542655945,12.44412899017334
20160330_172309_1921_721,1.5163301229476929,9.826757431030273,1.1048405170440674,1.5522239208221436,1.2392265796661377,2.7169134616851807,3.8701422214508057,2.616319417953491,0.7615946531295776,0.9100438356399536,0.7486456632614136,21.983577728271484
20160330_172309_1_721,2.064612865447998,8.354336738586426,0.9891149997711182,2.1633248329162598,1.1559040546417236,3.1568241119384766,3.635155200958252,3.1129209995269775,0.7857086062431335,1.1368348598480225,0.7534812092781067,15.130508422851562
20160330_172309_641_361,2.166736602783203,7.873509883880615,1.0243088006973267,2.176180362701416,1.9761167764663696,1.9486873149871826,3.8147435188293457,1.9332612752914429,1.3325846195220947,0.43899089097976685,1.3399714231491089,23.1043701171875
20160330_172309_641_721,2.313652276992798,8.943940162658691,1.234379529953003,2.480980634689331,1.556730031967163,2.8014883995056152,3.0045337677001953,2.7700092792510986,1.4091089963912964,2.8475584983825684,1.1860949993133545,29.471874237060547
20160402_150314_1281_1081,1.7340365648269653,10.250991821289062,0.914719820022583,1.7420368194580078,1.449509620666504,2.61712908744812,3.5584065914154053,2.607938051223755,0.7983526587486267,1.6668071746826172,0.7898722887039185,26.98798942565918
20160402_150314_1281_361,1.7747267484664917,10.680088996887207,0.8851842880249023,1.7964524030685425,1.1870946884155273,3.490125894546509,4.3602423667907715,3.468873977661133,0.5906334519386292,0.4513203203678131,0.5940361022949219,22.69169044494629
20160402_150314_1281_721,1.8089646100997925,10.888734817504883,0.9243918657302856,1.85884690284729,1.6911821365356445,2.5723917484283447,3.6141247749328613,2.5136475563049316,0.9993512630462646,1.001297950744629,0.999241292476654,27.741853713989258
20160402_150314_1921_1,1.090277075767517,10.426830291748047,0.8374764323234558,1.101670265197754,0.8415648341178894,3.185634136199951,3.542846918106079,3.1695356369018555,0.41941532492637634,1.134884238243103,0.3871701657772064,11.6918306350708
20160402_150314_1921_361,1.203809142112732,10.238748550415039,1.3839654922485352,1.2015841007232666,0.7540531754493713,2.900374174118042,4.20365047454834,2.884277105331421,0.49697116017341614,0.838813841342926,0.492748886346817,10.391351699829102
20160402_150314_1_361,1.4973269701004028,10.877496719360352,1.0207736492156982,1.5683554410934448,1.114353895187378,3.036396026611328,3.700484275817871,2.937415599822998,0.8126832842826843,1.409213662147522,0.7237722277641296,27.771717071533203
20160402_150314_1_721,1.5003753900527954,10.247931480407715,0.9037894606590271,1.5252360105514526,1.2216488122940063,2.836301326751709,2.6544995307922363,2.8438775539398193,0.7499563694000244,2.8176956176757812,0.6637906432151794,22.450220108032227
20160402_150314_641_361,1.843704104423523,10.477584838867188,1.1230765581130981,1.8706846237182617,0.9020515084266663,2.6757569313049316,3.3730616569519043,2.649649143218994,0.8785519003868103,1.1163420677185059,0.8696488738059998,11.214071273803711
20160402_150314_641_721,1.8524494171142578,10.544506072998047,1.2616987228393555,1.9258358478546143,1.4013749361038208,2.700857639312744,2.336630344390869,2.7461040019989014,1.2089825868606567,3.3694913387298584,0.9405912756919861,24.368650436401367
20160402_151049_1281_721,1.4627830982208252,10.51551628112793,0.936127245426178,1.5582221746444702,0.7389487028121948,3.153947114944458,4.6291913986206055,2.8866074085235596,0.5793495774269104,0.4374929666519165,0.6050565242767334,9.879305839538574
20160402_151049_1921_1081,1.3714185953140259,9.909217834472656,0.9062082171440125,1.4111428260803223,0.699821412563324,3.56335711479187,4.450127124786377,3.4876363277435303,0.456155389547348,0.7561225891113281,0.4305413067340851,12.901713371276855
20160402_151049_1921_721,1.2426552772521973,10.060609817504883,0.9433902502059937,1.2742506265640259,0.8151159882545471,2.479509115219116,4.0664191246032715,2.3119678497314453,0.6449622511863708,0.8086164593696594,0.6276841163635254,12.190116882324219
20160402_151049_1_361,1.4240320920944214,10.168827056884766,1.1011250019073486,1.4626550674438477,0.9776062965393066,3.122976303100586,4.0565948486328125,3.0113062858581543,0.620898962020874,0.8846534490585327,0.5893514156341553,11.823271751403809
20160402_151049_1_721,1.5943807363510132,10.145659446716309,1.0412479639053345,1.6399340629577637,0.8106784224510193,3.078831672668457,3.718687057495117,3.0261354446411133,0.6738494634628296,0.9254096150398254,0.6531319618225098,13.173964500427246
20160402_151049_641_361,1.9077317714691162,10.539132118225098,1.0295448303222656,1.9157205820083618,1.3739856481552124,3.1009600162506104,5.3419389724731445,3.0805747509002686,0.7890732884407043,0.24448472261428833,0.7940272688865662,22.569570541381836
20160402_151049_641_721,1.6948904991149902,10.552881240844727,1.2400765419006348,1.7938369512557983,0.8786993622779846,2.9132556915283203,3.8591058254241943,2.7074832916259766,0.7793927788734436,0.7027963995933533,0.7960567474365234,13.421257019042969
20160402_151054_1281_1081,1.6327089071273804,10.382453918457031,1.008503794670105,1.681725263595581,0.7782202959060669,3.271240234375,3.861891746520996,3.2248594760894775,0.5619156956672668,0.8748777508735657,0.5373402237892151,10.878170013427734
20160402_151054_1281_361,1.9641693830490112,10.323183059692383,1.3218424320220947,1.9808446168899536,0.6086379289627075,1.9106251001358032,4.525936126708984,1.8427296876907349,1.200821042060852,0.41349858045578003,1.221260666847229,6.942566394805908
20160402_151054_1281_721,1.5627106428146362,10.256860733032227,1.1559168100357056,1.6543757915496826,0.8481703996658325,3.1039512157440186,3.9542148113250732,2.9123551845550537,0.7001997828483582,0.603739857673645,0.7219358086585999,13.935221672058105
20160402_151054_1921_361,1.6510902643203735,10.799131393432617,1.1652902364730835,1.683119535446167,0.7601820230484009,3.2610111236572266,4.04402494430542,3.209385871887207,0.6348038911819458,0.6108304858207703,0.6363844871520996,17.698999404907227
20160402_151054_1_361,1.0631352663040161,10.27060317993164,0.8790878057479858,1.1376599073410034,0.6986520290374756,2.6000447273254395,2.9275405406951904,2.467435121536255,0.7274306416511536,0.9428916573524475,0.6401860117912292,11.193490982055664
20160402_151054_1_721,1.4051424264907837,10.466635704040527,0.7579392790794373,1.4133579730987549,0.5434974431991577,1.38910710811615,1.171027660369873,1.3918755054473877,1.0055540800094604,1.126412034034729,1.0040199756622314,6.2437214851379395
20160402_151054_641_361,1.6894365549087524,10.289270401000977,0.8643499612808228,1.7324379682540894,0.9835030436515808,2.5939764976501465,4.1085429191589355,2.5150411128997803,0.8322122693061829,1.4845882654190063,0.7982124090194702,19.96509552001953
20160402_151054_641_721,1.5164557695388794,10.526604652404785,0.8583990931510925,1.5874040126800537,0.6938450336456299,3.319655656814575,4.505414962768555,3.1918132305145264,0.5518036484718323,0.48824742436408997,0.558655858039856,13.05178165435791
20160405_171348_1281_361,2.7727811336517334,10.56635856628418,0.985005795955658,2.7830278873443604,1.48407781124115,1.7929844856262207,4.23862886428833,1.7789673805236816,1.774432897567749,0.27709704637527466,1.7830147743225098,14.237427711486816
20160405_171348_1281_721,2.714381694793701,10.387813568115234,1.2823354005813599,2.990462303161621,1.4925923347473145,2.93866229057312,3.802778959274292,2.772071599960327,1.4481030702590942,1.8025003671646118,1.3797798156738281,29.435903549194336
20160405_171348_1921_721,2.5259969234466553,10.47601318359375,1.3689969778060913,2.7762482166290283,1.732374668121338,2.8929054737091064,3.5590085983276367,2.7488317489624023,1.3321406841278076,1.55198335647583,1.284590244293213,25.388641357421875
20160405_171348_1_721,2.0488100051879883,10.283903121948242,1.4622248411178589,2.1854357719421387,1.6945149898529053,2.7201881408691406,3.1261796951293945,2.6256263256073,1.5558362007141113,2.359863758087158,1.3685650825500488,26.856204986572266
20160405_171348_641_721,2.574094295501709,10.488653182983398,1.4251829385757446,2.7846179008483887,1.4568774700164795,2.8942151069641113,3.6504745483398438,2.7556397914886475,1.5237936973571777,2.291431427001953,1.3831335306167603,29.790607452392578
20160407_163130_1281_721,1.6662124395370483,10.677567481994629,1.1451979875564575,1.7205156087875366,1.12486732006073,3.2185938358306885,3.4893202781677246,3.1903774738311768,0.6357425451278687,1.3004858493804932,0.5664591193199158,13.10654067993164
20160407_163130_1921_721,1.167719841003418,10.417795181274414,0.9746397733688354,1.1848337650299072,0.8934207558631897,3.1090142726898193,3.1560397148132324,3.1048455238342285,0.5041660666465759,1.6725388765335083,0.40060627460479736,14.390227317810059
20160407_163130_1_361,1.7156460285186768,10.358186721801758,0.9379796981811523,1.7242939472198486,0.7891441583633423,2.853869676589966,3.547592878341675,2.8461549282073975,0.7646909356117249,0.711168646812439,0.7652862668037415,7.604917526245117
20160407_163130_1_721,1.6875051259994507,10.581925392150879,1.0728923082351685,1.7395687103271484,0.8587628602981567,3.2464869022369385,3.385246753692627,3.2347331047058105,0.7088756561279297,1.8622007369995117,0.6111775040626526,25.29488754272461
20160407_163130_641_721,1.8809796571731567,10.853739738464355,1.3245183229446411,1.938194990158081,1.6104034185409546,3.138110876083374,3.2334182262420654,3.1283116340637207,0.833264172077179,2.509673595428467,0.6608962416648865,25.77304458618164
20160407_163257_1281_1,1.8274626731872559,10.777070999145508,0.8064377307891846,1.880714774131775,0.7295012474060059,2.7003746032714844,5.244053363800049,2.5677077770233154,0.8185736536979675,0.22603783011436462,0.8494777083396912,7.537936687469482
20160407_163257_1281_361,1.8047473430633545,10.473701477050781,0.8288151025772095,1.8662556409835815,0.7044609189033508,2.503472328186035,3.928377866744995,2.413667678833008,0.9249982237815857,0.5596584677696228,0.9480239152908325,17.799942016601562
20160407_163257_1281_721,1.8148810863494873,10.84670639038086,0.9633660912513733,1.8416643142700195,0.7518126964569092,3.7000577449798584,4.293424606323242,3.68139386177063,0.5299135446548462,0.7875725030899048,0.5218092203140259,11.506316184997559
20160407_163257_1921_1081,1.1461918354034424,10.501399993896484,1.0116667747497559,1.1498281955718994,0.7618065476417542,3.6357710361480713,4.344074249267578,3.6166248321533203,0.3553914427757263,0.6118088960647583,0.3484601080417633,10.67050552368164
20160407_163257_1921_721,1.2707363367080688,10.797521591186523,0.8509082198143005,1.283067226409912,0.770999014377594,2.7813901901245117,3.999081611633301,2.7456252574920654,0.5211020708084106,0.7448438405990601,0.5145305395126343,10.082357406616211
20160407_163257_1_1,1.7176024913787842,10.720128059387207,0.8229891061782837,1.763733148574829,0.8305882811546326,3.224175453186035,3.830115795135498,3.19292950630188,0.6805300712585449,1.9297289848327637,0.6161150336265564,20.933862686157227
20160407_163257_641_361,2.122299909591675,10.840197563171387,0.949038028717041,2.175572156906128,0.8284130096435547,3.3925795555114746,4.2549872398376465,3.3534209728240967,0.702844500541687,0.7301396727561951,0.7016052007675171,13.214188575744629
20160407_165001_1281_1081,1.9549494981765747,10.441450119018555,0.7218775153160095,1.9754949808120728,1.0856653451919556,2.4172677993774414,3.3322367668151855,2.402022361755371,1.019376277923584,0.7864850163459778,1.0232566595077515,12.575153350830078
20160407_165001_1281_361,2.100437879562378,10.498514175415039,0.7257527709007263,2.1786975860595703,0.9942654371261597,2.986377239227295,2.811296224594116,2.996344804763794,0.8292956352233887,0.9479387402534485,0.8225414156913757,13.527774810791016
20160407_165001_1281_721,2.166949987411499,10.225539207458496,0.7554659247398376,2.200395107269287,0.7149888873100281,2.8898744583129883,3.0919034481048584,2.885087490081787,0.9479790329933167,0.9249520897865295,0.948524534702301,9.001629829406738
20160407_165001_1921_361,1.73039710521698,10.262947082519531,0.9264441728591919,1.7440414428710938,0.9547430872917175,2.6267213821411133,2.913048028945923,2.6218619346618652,0.761486828327179,2.132932186126709,0.7382111549377441,12.09853744506836
20160407_165001_1921_721,1.4903531074523926,9.985954284667969,0.7484332323074341,1.5121581554412842,0.9073832631111145,3.0867624282836914,3.425764322280884,3.0767996311187744,0.6196353435516357,0.5555837750434875,0.6215178966522217,17.009723663330078
20160407_165001_1_1081,1.753125786781311,10.002103805541992,1.1443281173706055,1.7652393579483032,1.4774959087371826,3.22611927986145,3.0672976970672607,3.2292795181274414,0.7031411528587341,1.5136535167694092,0.6870136857032776,23.81809425354004
20160407_165001_1_721,1.6937296390533447,10.132420539855957,0.8947811126708984,1.7603939771652222,0.8405113220214844,3.2813377380371094,3.5294535160064697,3.2606351375579834,0.653647780418396,1.1442756652832031,0.6127099394798279,17.34833526611328
20160407_165001_641_1081,1.9548617601394653,10.250205039978027,0.8224180936813354,1.9654836654663086,1.1365705728530884,2.4274179935455322,2.920501947402954,2.422792911529541,0.9748849272727966,0.800534725189209,0.9765201807022095,15.35648250579834
20160407_165001_641_361,2.1705844402313232,10.628347396850586,0.9187018275260925,2.2613658905029297,0.8437310457229614,2.880156993865967,3.100863218307495,2.864152431488037,0.8742108941078186,1.231558084487915,0.8482975959777832,13.674715995788574
20160407_165001_641_721,2.2691946029663086,10.667684555053711,0.8970334529876709,2.277637243270874,1.1188503503799438,2.880115032196045,4.925408363342285,2.867530345916748,1.0291578769683838,0.7378509044647217,1.0309504270553589,21.680524826049805
IMG_2931_1297_485,3.1814301013946533,10.856988906860352,1.2576136589050293,3.201129913330078,1.31781804561615,1.5179462432861328,4.642249584197998,1.485953688621521,2.2746245861053467,0.7186416983604431,2.290557622909546,11.985163688659668
IMG_2931_1297_969,3.014467716217041,10.895414352416992,1.3026518821716309,3.077392339706421,1.663008451461792,3.442514657974243,4.72046422958374,3.395538330078125,1.0694159269332886,1.4883631467819214,1.0540157556533813,37.480350494384766
IMG_2931_1945_485,3.0597281455993652,10.819220542907715,1.2347043752670288,3.093945026397705,1.4700855016708374,2.2153871059417725,4.716371059417725,2.168496608734131,1.8002851009368896,0.7298070788383484,1.8203551769256592,17.723770141601562
IMG_2931_1945_969,3.0362906455993652,10.892199516296387,1.2930898666381836,3.0760507583618164,1.5164188146591187,2.776822328567505,4.888368606567383,2.7286605834960938,1.363405704498291,0.8357890844345093,1.3754396438598633,17.847938537597656
IMG_2931_1_485,2.4742345809936523,10.852578163146973,1.3440210819244385,2.545841693878174,1.6731343269348145,3.4888758659362793,4.482234477996826,3.425938367843628,0.8939757347106934,1.5035433769226074,0.8553551435470581,33.763916015625
IMG_2931_649_485,2.868864059448242,10.950592041015625,1.304855465888977,2.9379403591156006,1.736331820487976,2.849242687225342,4.777369499206543,2.764084815979004,1.32032310962677,0.9529072642326355,1.3365501165390015,25.711313247680664
IMG_2931_649_969,2.912713050842285,10.909541130065918,1.2658119201660156,2.9207546710968018,1.7709861993789673,2.0612406730651855,4.901961803436279,2.0473697185516357,1.8839057683944702,1.06470787525177,1.8879058361053467,49.28144073486328
IMG_2941_1297_485,2.8956797122955322,10.803248405456543,1.3077712059020996,2.9524238109588623,1.440536379814148,3.7480294704437256,5.146778583526611,3.6980443000793457,0.8777183294296265,0.6299307346343994,0.8865731358528137,24.971603393554688
IMG_2941_1297_969,3.0115225315093994,10.777575492858887,1.2147969007492065,3.041292905807495,1.932359218597412,2.743790626525879,4.9405741691589355,2.7073910236358643,1.4046285152435303,0.6753187775611877,1.416712760925293,22.811777114868164
IMG_2941_1945_485,2.9600751399993896,10.835893630981445,1.2863476276397705,3.0390563011169434,1.4357712268829346,3.525188446044922,5.43761682510376,3.434943437576294,0.9810733795166016,1.0200413465499878,0.9792342782020569,29.3282527923584
IMG_2941_1_485,2.6599626541137695,11.028756141662598,2.066498041152954,2.669494867324829,1.3524802923202515,2.8146824836730957,4.150703430175781,2.793222665786743,1.238187551498413,3.4140853881835938,1.203237771987915,30.96988868713379
IMG_2941_1_969,2.4820024967193604,11.059514999389648,1.3675618171691895,2.519958019256592,1.6418228149414062,3.46303391456604,4.822103977203369,3.416745662689209,0.8497670888900757,0.6484516859054565,0.856623649597168,26.58568572998047
IMG_2941_649_969,2.7035274505615234,10.917134284973145,1.3322261571884155,2.7610526084899902,1.408894419670105,3.5033698081970215,5.20154333114624,3.4321329593658447,0.9141758680343628,1.2014148235321045,0.9021261930465698,32.74354934692383
IMG_2942_1297_485,0.7370210886001587,9.912459373474121,1.1094982624053955,0.7311350703239441,1.1066200733184814,3.2460198402404785,3.251681327819824,3.2459304332733154,0.30806586146354675,1.4409151077270508,0.2901642918586731,15.051522254943848
IMG_2942_1945_485,0.6955394148826599,9.91157054901123,1.010668158531189,0.6923606395721436,0.8592612743377686,3.306649684906006,3.382133960723877,3.3058879375457764,0.32625430822372437,1.1252329349517822,0.318195104598999,22.388565063476562
IMG_2942_1_485,0.8274695873260498,9.869071960449219,0.9379756450653076,0.8256154656410217,0.9723067283630371,3.353235960006714,3.215318441390991,3.3555493354797363,0.3490719795227051,1.177093505859375,0.33518022298812866,18.758249282836914
IMG_2942_649_485,0.7513114213943481,9.862483024597168,1.121628999710083,0.7485636472702026,0.988420844078064,3.158189296722412,3.5365796089172363,3.155381441116333,0.33801037073135376,2.484962224960327,0.3220800459384918,16.99382209777832
