event_id,case_name,d_gap_px,p_bottleneck_final,n_corridor_pixels,n_crack_pixels,n_bg_pixels,bottleneck_14_energy_corr,bottleneck_14_energy_crack,bottleneck_14_energy_bg,bottleneck_14_contrast,bottleneck_14_sim_crack,bottleneck_14_sim_bg,bottleneck_14_ctrl_contrast,bottleneck_14_ctrl_sim_crack,bottleneck_14_ctrl_sim_bg,decoder_28_energy_corr,decoder_28_energy_crack,decoder_28_energy_bg,decoder_28_contrast,decoder_28_sim_crack,decoder_28_sim_bg,decoder_28_ctrl_contrast,decoder_28_ctrl_sim_crack,decoder_28_ctrl_sim_bg,decoder_56_energy_corr,decoder_56_energy_crack,decoder_56_energy_bg,decoder_56_contrast,decoder_56_sim_crack,decoder_56_sim_bg,decoder_56_ctrl_contrast,decoder_56_ctrl_sim_crack,decoder_56_ctrl_sim_bg,decoder_112_energy_corr,decoder_112_energy_crack,decoder_112_energy_bg,decoder_112_contrast,decoder_112_sim_crack,decoder_112_sim_bg,decoder_112_ctrl_contrast,decoder_112_ctrl_sim_crack,decoder_112_ctrl_sim_bg,head_112_energy_corr,head_112_energy_crack,head_112_energy_bg,head_112_contrast,head_112_sim_crack,head_112_sim_bg,head_112_logit_corr,head_112_prob_corr,head_112_ctrl_contrast,head_112_ctrl_sim_crack,head_112_ctrl_sim_bg,final_448_energy_corr,final_448_energy_crack,final_448_energy_bg,final_448_contrast,final_448_sim_crack,final_448_sim_bg,final_448_logit_corr,final_448_prob_corr,final_448_ctrl_contrast,final_448_ctrl_sim_crack,final_448_ctrl_sim_bg,first_crack_dominated_stage,first_positive_logit_stage
2,20160222_080850_641_361,15.65,0.9733,56,13828,942,0.7247,0.7345,0.7118,0.5698,0.897,0.9294,-26923.0604,1.0,0.997,0.4806,0.4193,0.4051,5.3063,0.8939,0.8195,0.9635,0.999,0.9502,0.8856,0.9476,0.3558,0.8952,0.9867,0.6391,0.9774,0.9995,0.9539,1.0968,1.2227,0.313,0.8617,0.9945,0.5509,0.9622,0.9986,0.9557,2.4569,3.3,-1.7338,0.8325,1.0,-1.0,2.4569,0.9211,0.9916,1.0,1.0,2.4569,3.2999,-1.7338,0.8325,1.0,-1.0,2.4569,0.9211,0.9916,1.0,1.0,decoder_28,head_112
3,20160222_115224_1281_1,12.0,0.5397,25,492,1291,0.7521,0.736,0.728,3.0038,0.9837,0.9874,0.7962,1.0,0.9833,0.2938,0.3058,0.2983,-0.5853,0.9196,0.9332,8.5108,0.9972,0.918,0.5711,0.5937,0.4046,0.8809,0.9174,0.8373,1.0352,0.9987,0.8875,0.4978,0.6197,0.3136,0.6017,0.945,0.7552,1.0836,0.9987,0.8793,0.2318,1.267,-1.6814,0.6489,1.0,-1.0,0.2318,0.5577,1.0567,1.0,-1.0,0.2318,1.267,-1.6777,0.6485,1.0,-1.0,0.2318,0.5577,1.0567,1.0,-1.0,decoder_56,head_112
4,20160222_115224_1281_1,7.21,0.78,65,439,1215,0.757,0.7492,0.7293,1.3887,0.9535,0.9665,1.0139,1.0,0.9731,0.4279,0.4304,0.3737,0.9567,0.9501,0.7962,1.0255,0.9998,0.91,0.6891,0.8049,0.3788,0.7283,0.9557,0.6899,1.0244,0.9999,0.8982,0.7313,0.991,0.2942,0.6273,0.9771,0.561,1.0266,0.9993,0.9267,1.1058,2.7678,-2.0087,0.652,1.0,-1.0,1.1058,0.7513,1.0299,1.0,-1.0,1.1058,2.7678,-2.0087,0.652,1.0,-1.0,1.1058,0.7513,1.0299,1.0,-1.0,decoder_28,head_112
5,20160222_115224_1281_361,8.0,0.8686,18,515,676,0.7697,0.7545,0.7247,1.5124,0.9309,0.9666,-29242.3368,1.0,0.9893,0.4228,0.4064,0.3882,1.9006,0.9235,0.7819,0.9865,0.9999,0.932,0.7762,0.8523,0.3754,0.8404,0.8761,0.7045,1.0051,0.9999,0.7629,0.8006,1.0315,0.3062,0.6817,0.9393,0.5716,1.022,0.9997,0.7397,1.8362,2.8582,-1.5445,0.7679,1.0,-1.0,1.8362,0.8625,1.0108,1.0,-1.0,1.8362,2.8582,-1.5445,0.7679,1.0,-1.0,1.8362,0.8625,1.0108,1.0,-1.0,decoder_28,head_112
7,20160222_115224_641_1,8.06,0.9465,97,2700,1832,0.7213,0.7257,0.7111,0.7006,0.9688,0.9351,-21183.3119,0.9999,0.9787,0.4188,0.4189,0.3987,0.9977,0.9764,0.8101,0.9471,0.9997,0.8944,0.8238,1.0301,0.4853,0.6214,0.9719,0.5443,0.9706,0.9994,0.788,0.948,1.2804,0.3486,0.6433,0.9859,0.5326,0.9506,0.9991,0.8491,2.2085,4.1365,-2.5372,0.7111,1.0,-1.0,2.2085,0.901,0.9894,1.0,-1.0,2.2085,4.1363,-2.5372,0.7111,1.0,-1.0,2.2085,0.901,0.9894,1.0,-1.0,bottleneck_14,head_112
10,20160222_115837_1281_361,13.15,0.8541,45,2194,1713,0.7422,0.7291,0.7132,1.8228,0.9737,0.9776,1.1648,0.9996,0.961,0.466,0.4654,0.417,1.0125,0.941,0.8729,1.0145,0.9999,0.8419,0.9735,1.2801,0.5928,0.5539,0.9273,0.6957,1.0692,0.9983,0.6419,0.8204,1.5366,0.3953,0.3725,0.9631,0.5897,1.0893,0.9997,0.6539,1.2576,4.9715,-2.9878,0.5334,1.0,-1.0,1.2576,0.7786,1.0802,1.0,-1.0,1.2576,4.9722,-2.9878,0.5333,1.0,-1.0,1.2576,0.7786,1.0802,1.0,-1.0,decoder_28,head_112
11,20160222_164851_1281_1081,11.18,0.9607,46,5636,1372,0.7231,0.7272,0.7459,-22826.1352,0.8886,0.9898,1.6414,0.9997,0.8884,0.5067,0.4852,0.4727,2.7199,0.873,0.7588,1.0272,0.9999,0.7626,0.9468,1.2164,0.6933,0.4845,0.9029,0.579,1.031,0.9992,0.7016,1.0121,1.5127,0.4259,0.5394,0.9876,0.5418,1.0149,0.9993,0.7792,2.4446,4.3508,-3.0748,0.7433,1.0,-1.0,2.4446,0.9202,1.016,1.0,-1.0,2.4446,4.3508,-3.0748,0.7433,1.0,-1.0,2.4446,0.9202,1.016,1.0,-1.0,decoder_28,head_112
13,20160222_164851_641_721,20.02,0.7006,40,1562,1421,0.7189,0.7129,0.7181,797.5101,0.8937,0.9827,0.9039,0.9997,0.8678,0.4027,0.4512,0.4114,-0.2189,0.8751,0.8442,0.7603,0.9987,0.9481,0.6699,0.9998,0.4725,0.3744,0.8875,0.6728,0.9778,0.9996,0.9277,0.6192,1.1826,0.3354,0.335,0.9762,0.4849,0.9618,0.9991,0.9297,1.3692,3.6271,-2.883,0.6532,1.0,-1.0,1.3692,0.7972,0.9696,1.0,1.0,1.3692,3.6271,-2.8777,0.6529,1.0,-1.0,1.3692,0.7972,0.9696,1.0,1.0,head_112,head_112
14,20160222_165225_1921_721,21.21,0.9581,62,6091,1453,0.7484,0.7256,0.6985,1.845,0.934,0.8994,2.3685,0.9963,0.9387,0.3469,0.4335,0.3559,-0.1168,0.8988,0.8412,-20633.1015,0.9972,0.8745,0.823,0.9985,0.5259,0.6285,0.9667,0.5785,1.1065,0.9943,0.731,1.0179,1.1941,0.3633,0.7879,0.9961,0.5513,1.0877,0.996,0.6917,2.7702,3.5184,-2.5442,0.8766,1.0,-1.0,2.7702,0.941,1.0828,1.0,-1.0,2.7702,3.5191,-2.5442,0.8765,1.0,-1.0,2.7702,0.941,1.0828,1.0,-1.0,bottleneck_14,head_112
16,20160222_165926_1281_361,23.0,0.9085,44,1308,1907,0.7053,0.7138,0.7247,-19332.4089,0.9437,0.9874,-22586.3457,0.9981,0.9722,0.3745,0.4147,0.3608,0.254,0.889,0.7924,2.0886,0.9934,0.8949,0.7637,1.0021,0.4594,0.5607,0.9592,0.5893,1.0654,0.9942,0.7657,0.7758,1.1031,0.3416,0.5702,0.9899,0.4897,1.0025,0.9955,0.8009,1.9976,3.4979,-2.7594,0.7602,1.0,-1.0,1.9976,0.8805,0.9537,1.0,-1.0,1.9976,3.4975,-2.7594,0.7603,1.0,-1.0,1.9976,0.8805,0.9537,1.0,-1.0,decoder_56,head_112
18,20160222_165926_1_721,23.6,0.9675,55,1444,1857,0.7049,0.7019,0.7452,-40226.2807,0.9589,0.997,0.1072,0.999,0.9935,0.3788,0.395,0.3575,0.57,0.9438,0.8135,1.0726,0.9962,0.8653,0.8778,0.9881,0.4543,0.7933,0.977,0.5816,1.0847,0.9976,0.7404,0.9531,1.1004,0.3452,0.805,0.9971,0.4898,1.1223,0.9985,0.8097,2.6448,3.3178,-2.5821,0.8859,1.0,-1.0,2.6448,0.9337,1.087,1.0,-1.0,2.6448,3.3168,-2.5799,0.886,1.0,-1.0,2.6448,0.9337,1.087,1.0,-1.0,decoder_28,head_112
19,20160222_165926_641_361,13.34,0.9624,44,3062,1812,0.7419,0.7337,0.7428,-930.6073,0.96,0.9952,-13366.6992,1.0,0.9855,0.4431,0.4158,0.4239,19211.7095,0.9354,0.843,1.0343,0.9994,0.7869,0.8195,0.9555,0.4804,0.7137,0.9802,0.5265,1.0062,0.9996,0.6276,0.881,1.1482,0.3407,0.6691,0.9932,0.4896,1.0214,0.9994,0.7124,2.1801,3.6086,-2.6832,0.773,1.0,-1.0,2.1801,0.8984,1.0372,1.0,-1.0,2.1801,3.6085,-2.6832,0.773,1.0,-1.0,2.1801,0.8984,1.0372,1.0,-1.0,decoder_28,head_112
20,20160302_155857_641_721,44.27,0.9745,138,7070,1192,0.7029,0.6973,0.6939,2.6224,0.793,0.861,3.6852,0.9823,0.894,0.4235,0.5038,0.3654,0.4196,0.8879,0.7789,0.6366,0.9874,0.8776,0.9433,1.214,0.3815,0.6748,0.9917,0.7191,0.8977,0.998,0.8769,1.278,1.5683,0.3183,0.7678,0.9979,0.5453,0.9458,0.999,0.9066,3.3942,4.5066,-1.5639,0.8168,1.0,-1.0,3.3942,0.9675,0.9573,1.0,-1.0,3.3942,4.5066,-1.5639,0.8168,1.0,-1.0,3.3942,0.9675,0.9573,1.0,-1.0,decoder_56,head_112
21,20160307_144202_1281_361,11.05,0.9687,58,1006,1257,0.752,0.7391,0.7356,4.6884,0.9894,0.9781,-25320.1127,0.9999,0.9957,0.4146,0.3815,0.3734,5.0346,0.9709,0.8557,1.0405,0.9995,0.9279,0.9355,1.071,0.46,0.7783,0.9851,0.6458,1.0875,0.9995,0.8859,1.1232,1.405,0.3504,0.7328,0.9925,0.554,1.1153,0.9992,0.9126,2.4423,4.1619,-2.0395,0.7227,1.0,-1.0,2.4423,0.92,1.0754,1.0,-1.0,2.4423,4.1619,-2.0395,0.7227,1.0,-1.0,2.4423,0.92,1.0754,1.0,-1.0,bottleneck_14,head_112
22,20160307_144202_1281_721,5.1,0.9149,34,748,197,0.7495,0.7258,0.7443,5259.9907,0.8794,0.9467,-11965.8113,1.0,0.9899,0.4571,0.4407,0.4199,1.7895,0.9463,0.9601,1.0187,1.0,0.9395,0.8586,1.1462,0.6345,0.4381,0.9717,0.9159,1.0061,1.0,0.9429,1.1086,1.4868,0.5446,0.5986,0.9878,0.8634,1.0122,0.9996,0.9544,2.4144,4.3894,-0.1425,0.5642,1.0,-1.0,2.4144,0.9179,1.0127,1.0,1.0,2.4144,4.3894,-0.1425,0.5642,1.0,-1.0,2.4144,0.9179,1.0127,1.0,1.0,decoder_112,head_112
23,20160307_144202_1921_361,13.04,0.9608,66,7116,357,0.7433,0.7053,0.7187,24559.9151,0.7979,0.9055,0.7879,1.0,0.9204,0.4061,0.4707,0.3424,0.4967,0.968,0.766,1.0089,0.9995,0.9357,0.8423,1.2704,0.4456,0.481,0.9804,0.7722,1.009,0.9995,0.9454,1.1975,1.693,0.3858,0.621,0.9958,0.7203,1.0017,0.9998,0.954,3.2609,4.9622,-0.9533,0.7124,1.0,-1.0,3.2609,0.9631,1.0102,1.0,1.0,3.2609,4.9621,-0.9597,0.7127,1.0,-1.0,3.2609,0.9631,1.0102,1.0,1.0,decoder_112,head_112
27,20160307_145059_1281_721,46.0,0.5859,55,2955,548,0.7634,0.7263,0.7299,33507.1683,0.862,0.9745,3181.4575,0.9986,0.9811,0.4579,0.4303,0.3834,1.5888,0.7684,0.8848,0.525,0.9858,0.9362,0.5492,0.843,0.3967,0.3417,0.7638,0.8909,0.7765,0.9851,0.7432,0.5547,0.9674,0.3607,0.3198,0.9361,0.8402,0.7294,0.9946,0.7467,0.5193,2.9251,-0.5965,0.3169,1.0,-1.0,0.5193,0.627,0.8068,1.0,-1.0,0.5193,2.9251,-0.5965,0.3169,1.0,-1.0,0.5193,0.627,0.8068,1.0,-1.0,none,head_112
28,20160307_145059_1921_1081,14.32,0.9016,51,3366,1765,0.7571,0.7486,0.7107,1.2262,0.9581,0.949,-16317.9636,0.9999,0.9934,0.3948,0.4086,0.3631,0.6971,0.9696,0.9146,0.989,0.9988,0.9244,0.6858,0.9698,0.4114,0.4913,0.961,0.6118,1.0248,0.9995,0.7128,0.7299,1.2588,0.3193,0.437,0.9746,0.5533,1.025,0.999,0.7674,1.5423,3.9814,-2.2838,0.6107,1.0,-1.0,1.5423,0.8238,1.0007,1.0,-1.0,1.5423,3.9814,-2.2838,0.6107,1.0,-1.0,1.5423,0.8238,1.0007,1.0,-1.0,bottleneck_14,head_112
29,20160307_145059_1921_721,8.0,0.8777,15,3197,859,0.7772,0.7278,0.7163,5.2943,0.8517,0.9724,0.9563,0.9998,0.9704,0.43,0.4176,0.4212,8712.9772,0.8403,0.8162,-28421.6702,0.9989,0.8808,0.7965,1.015,0.4456,0.6162,0.7943,0.4967,0.966,0.9994,0.7851,0.7893,1.3594,0.3297,0.4464,0.902,0.4475,0.9652,0.9986,0.8058,2.4075,4.2856,-2.5943,0.727,1.0,-1.0,2.4075,0.9174,0.9968,1.0,-1.0,2.4075,4.2866,-2.5943,0.7269,1.0,-1.0,2.4075,0.9174,0.9968,1.0,-1.0,decoder_28,head_112
30,20160307_145059_641_721,19.85,0.9268,44,10977,1609,0.7018,0.7321,0.6931,0.2246,0.893,0.961,0.9365,1.0,0.8841,0.4624,0.4434,0.4207,1.8342,0.9137,0.8412,1.7303,0.992,0.895,0.8781,1.2111,0.524,0.5154,0.9342,0.5921,0.9667,0.9899,0.6839,0.8833,1.5421,0.3663,0.4397,0.9723,0.5435,0.894,0.9983,0.7663,1.8527,4.8954,-2.6873,0.5987,1.0,-1.0,1.8527,0.8644,0.9336,1.0,-1.0,1.8527,4.8954,-2.6873,0.5987,1.0,-1.0,1.8527,0.8644,0.9336,1.0,-1.0,decoder_28,head_112
31,20160310_114505_1281_1,19.42,0.9923,43,416,1648,0.7198,0.7258,0.6892,0.8359,0.9755,0.9419,1.173,0.9995,0.9322,0.4267,0.4216,0.3606,1.0835,0.9796,0.775,0.7819,0.9978,0.9194,0.9823,1.1226,0.4363,0.7955,0.9888,0.5179,0.9743,0.9987,0.7537,1.2658,1.3873,0.3505,0.8828,0.9929,0.4934,0.9896,0.9989,0.8208,3.7633,4.378,-2.4783,0.9104,1.0,-1.0,3.7633,0.9773,0.9919,1.0,-1.0,3.7633,4.378,-2.4783,0.9104,1.0,-1.0,3.7633,0.9773,0.9919,1.0,-1.0,bottleneck_14,head_112
33,20160310_114505_641_1081,17.12,0.9916,64,1988,740,0.7032,0.7122,0.6547,0.8442,0.9482,0.945,-11056.9,0.9998,0.9852,0.4131,0.4352,0.3555,0.7227,0.9756,0.7306,1.1719,0.9986,0.8702,1.1694,1.1806,0.4785,0.9841,0.988,0.6082,1.0046,0.9991,0.8257,1.5558,1.5244,0.3795,1.0274,0.996,0.6396,0.9683,0.9988,0.8713,4.2771,4.5816,-1.9251,0.9532,1.0,-1.0,4.2771,0.9863,0.9838,1.0,-1.0,4.2771,4.5816,-1.9251,0.9532,1.0,-1.0,4.2771,0.9863,0.9838,1.0,-1.0,bottleneck_14,head_112
35,20160310_114505_641_721,9.06,0.991,81,3615,1640,0.6931,0.7017,0.7017,-194.0952,0.9462,0.8832,0.9547,1.0,0.9075,0.428,0.4657,0.3797,0.5615,0.9865,0.6928,0.9939,0.9999,0.911,1.1089,1.3104,0.4671,0.7611,0.9951,0.5012,1.0181,0.9999,0.9278,1.3772,1.7335,0.3489,0.7427,0.9976,0.502,1.0035,0.9998,0.9619,3.6003,5.1924,-2.4591,0.7919,1.0,-1.0,3.6003,0.9734,1.0062,1.0,1.0,3.6003,5.1924,-2.4591,0.7919,1.0,-1.0,3.6003,0.9734,1.0062,1.0,1.0,decoder_28,head_112
38,20160316_142539_1921_361,12.08,0.889,151,556,536,0.6957,0.6782,0.6995,-3770.7686,0.9848,0.8304,0.9498,1.0,0.9027,0.4127,0.3872,0.3324,1.4657,0.9835,0.8498,1.0343,0.9995,0.8683,0.6688,0.681,0.4375,0.9501,0.9898,0.801,1.011,0.9993,0.8284,0.915,0.8604,0.3672,1.1106,0.9982,0.7489,0.9914,0.9999,0.7835,2.1746,1.9061,-0.6946,1.1033,1.0,-1.0,2.1746,0.8979,0.9971,1.0,-1.0,2.1746,1.9046,-0.6941,1.1039,1.0,-1.0,2.1746,0.8979,0.9971,1.0,-1.0,decoder_28,head_112
47,20160316_143527_1281_721,7.62,0.937,48,2507,771,0.6643,0.705,0.667,-0.0703,0.9384,0.964,0.483,1.0,0.9928,0.3756,0.4016,0.3707,0.1583,0.9368,0.8812,-44894.0694,0.9998,0.874,0.8103,0.839,0.4738,0.9216,0.975,0.6677,-33518.2548,0.9881,0.8288,0.9722,0.9703,0.3739,1.0032,0.995,0.6101,-22627.8305,0.9979,0.9677,2.2114,2.4107,-1.5387,0.9495,1.0,-1.0,2.2114,0.9013,-150454.5212,1.0,1.0,2.2114,2.4106,-1.5387,0.9496,1.0,-1.0,2.2114,0.9013,-150568.4853,1.0,1.0,decoder_56,head_112
48,20160316_143527_1921_361,56.08,0.7958,64,7716,1982,0.7287,0.7047,0.7209,7768.0349,0.8491,0.9714,2.2172,0.9816,0.9387,0.3543,0.4213,0.3311,0.2575,0.6997,0.8709,1.0549,0.9651,0.8893,0.6459,1.0466,0.3729,0.4052,0.9206,0.6109,0.6167,0.9865,0.7482,0.6543,1.2192,0.3111,0.3779,0.974,0.5267,0.5417,0.987,0.761,1.3026,3.5321,-2.4209,0.6255,1.0,-1.0,1.3026,0.7863,0.7082,1.0,-1.0,1.3026,3.5327,-2.4209,0.6254,1.0,-1.0,1.3026,0.7863,0.7082,1.0,-1.0,head_112,head_112
50,20160316_143527_641_361,11.4,0.5047,7,6411,623,0.7147,0.6889,0.7025,12182.1761,0.6808,0.9829,1.0409,0.9999,0.9162,0.2998,0.4013,0.3039,-0.0425,0.7813,0.7834,-42481.0946,0.9985,0.9205,0.4522,0.8874,0.3182,0.2354,0.9076,0.6956,0.9386,0.9953,0.8356,0.4414,1.1091,0.283,0.1917,0.8606,0.6953,0.9458,0.9986,0.8873,0.1536,2.8465,-1.9324,0.4365,1.0,-1.0,0.1536,0.5383,1.0203,1.0,-1.0,0.1536,2.8462,-1.9324,0.4365,1.0,-1.0,0.1536,0.5383,1.0203,1.0,-1.0,none,head_112
51,20160316_143527_641_361,10.63,0.9043,40,1753,1574,0.6644,0.7176,0.6978,-1.682,0.9752,0.9542,1.0409,0.9999,0.9162,0.3287,0.3805,0.3266,0.0391,0.8962,0.817,-42481.0946,0.9985,0.9205,0.7654,0.9689,0.4131,0.6338,0.9585,0.6117,0.9386,0.9953,0.8356,0.7783,1.1445,0.3237,0.5538,0.9809,0.5128,0.9458,0.9986,0.8873,1.4285,3.1384,-2.4069,0.6916,1.0,-1.0,1.4285,0.8067,1.0203,1.0,-1.0,1.4285,3.1384,-2.4069,0.6916,1.0,-1.0,1.4285,0.8067,1.0203,1.0,-1.0,decoder_56,head_112
52,20160316_143547_1281_1081,7.0,0.8772,24,2948,935,0.7351,0.7084,0.7443,-9269.6548,0.7568,0.9926,0.9828,1.0,0.9866,0.4961,0.5056,0.4693,0.7377,0.7144,0.895,-2398.3121,0.9999,0.8831,0.7693,1.2533,0.5039,0.3542,0.762,0.555,0.9948,0.9998,0.6392,0.6164,1.6078,0.3406,0.2177,0.8721,0.4565,0.9816,0.9996,0.7157,1.713,4.8533,-2.8668,0.5932,1.0,-1.0,1.713,0.8472,0.993,1.0,-1.0,1.713,4.8534,-2.8668,0.5932,1.0,-1.0,1.713,0.8472,0.993,1.0,-1.0,head_112,head_112
54,20160318_181632_1921_1,9.0,0.9651,31,3860,783,0.7631,0.7541,0.7619,1264.8106,0.7642,0.9981,0.7115,0.9999,0.9995,0.3665,0.4165,0.3776,-0.2846,0.7581,0.8253,-18251.1508,0.9992,0.7451,0.8188,1.0439,0.4005,0.6501,0.9804,0.5636,0.7008,0.9683,0.7769,1.084,1.3868,0.3224,0.7155,0.9922,0.5369,-27.426,0.9862,0.8585,2.9174,3.8753,-2.1189,0.8402,1.0,-1.0,2.9174,0.9487,15.4972,1.0,1.0,2.9243,3.8764,-2.1189,0.8412,1.0,-1.0,2.9243,0.949,1.0626,1.0,1.0,decoder_56,head_112
55,20160318_181632_1_361,7.0,0.8244,23,4087,723,0.7967,0.7293,0.7607,36056.6378,0.6261,0.9932,0.9501,1.0,0.9663,0.4589,0.5445,0.4314,0.2433,0.7594,0.8303,1.0084,0.9999,0.7354,0.7037,1.2267,0.4668,0.3117,0.76,0.5503,1.0033,1.0,0.5597,0.5496,1.5458,0.3261,0.1832,0.8518,0.4251,1.0059,0.9998,0.6595,1.2869,4.5335,-2.6812,0.55,1.0,-1.0,1.2869,0.7836,1.0047,1.0,-1.0,1.2869,4.5333,-2.6812,0.55,1.0,-1.0,1.2869,0.7836,1.0047,1.0,-1.0,head_112,head_112
69,20160328_151244_1921_721,28.0,0.9402,33,4729,770,0.7652,0.7418,0.7626,2576.3512,0.9018,0.9906,-30977.6068,0.9999,0.9929,0.271,0.351,0.2899,-0.3096,0.7637,0.8441,4.3785,0.9949,0.9155,0.7705,0.8198,0.4055,0.8808,0.9677,0.6593,1.1171,0.998,0.9583,0.9575,1.0439,0.3235,0.8801,0.9966,0.5883,0.9853,0.9998,0.9552,2.357,2.496,-1.8992,0.9684,1.0,-1.0,2.357,0.9135,0.9857,1.0,1.0,2.3085,2.4934,-1.8992,0.9579,1.0,-1.0,2.3085,0.9096,0.9857,1.0,1.0,decoder_56,head_112
96,20160330_165956_1921_721,7.0,0.9867,61,5723,1871,0.7311,0.7138,0.7306,529.4681,0.9268,0.9857,0.8924,1.0,0.9945,0.4779,0.4977,0.4332,0.6931,0.9533,0.8126,0.9924,1.0,0.8766,1.0311,1.2593,0.5946,0.6567,0.9865,0.5701,1.0411,0.9997,0.651,1.0857,1.3012,0.3841,0.765,0.9967,0.471,1.0544,0.9993,0.666,3.0539,3.7974,-3.1836,0.8935,1.0,-1.0,3.0539,0.955,1.0341,1.0,-1.0,3.0539,3.7974,-3.1836,0.8935,1.0,-1.0,3.0539,0.955,1.0341,1.0,-1.0,decoder_28,head_112
97,20160330_165956_1_721,7.07,0.9413,52,792,1956,0.6829,0.7155,0.7271,-44155.0016,0.9244,0.9955,-22223.711,1.0,0.9855,0.3868,0.4418,0.3815,0.0878,0.9385,0.9514,1.0012,1.0,0.8597,0.7081,1.0777,0.5043,0.3555,0.9745,0.6087,1.016,0.9998,0.717,0.7787,1.1139,0.3509,0.5607,0.9922,0.4952,1.0359,0.9996,0.7399,1.9195,3.1565,-2.7984,0.7923,1.0,-1.0,1.9195,0.8721,1.0372,1.0,-1.0,1.9195,3.1655,-2.7984,0.7911,1.0,-1.0,1.9195,0.8721,1.0372,1.0,-1.0,decoder_112,head_112
104,20160407_163130_1_721,8.0,0.9569,26,2413,506,0.7814,0.7492,0.742,5.4977,0.9236,0.9902,-5353.1528,1.0,0.9489,0.4883,0.4485,0.3955,1.7508,0.9401,0.6629,1.0142,0.9998,0.724,0.9426,1.0381,0.5427,0.8072,0.9538,0.4538,1.0009,1.0,0.5613,0.9664,1.1895,0.3845,0.7229,0.9783,0.4434,0.9954,0.9998,0.6619,3.0353,3.3202,-2.6863,0.9526,1.0,-1.0,3.0353,0.9541,1.003,1.0,-1.0,3.0353,3.3202,-2.6863,0.9526,1.0,-1.0,3.0353,0.9541,1.003,1.0,-1.0,decoder_28,head_112
108,20160407_165001_1281_1081,22.09,0.9306,78,3513,1697,0.6624,0.7085,0.7063,-19.7766,0.9553,0.9343,-6722.331,0.9999,0.9898,0.3925,0.4154,0.3485,0.6579,0.921,0.8157,0.8439,0.9918,0.8813,0.8139,0.9679,0.4221,0.7179,0.9784,0.6669,1.1406,0.9971,0.8754,0.9384,1.2213,0.3304,0.6824,0.9906,0.5761,1.0887,0.9991,0.8862,2.0577,3.4584,-2.1554,0.7505,1.0,-1.0,2.0577,0.8867,1.0364,1.0,-1.0,2.0577,3.4584,-2.1554,0.7505,1.0,-1.0,2.0577,0.8867,1.0364,1.0,-1.0,decoder_28,head_112
109,20160407_165001_1921_721,17.49,0.9814,37,6173,1296,0.6794,0.7127,0.6842,-0.1705,0.8822,0.956,-17326.4146,1.0,0.9961,0.4074,0.4501,0.4081,-0.0177,0.9038,0.8102,-1.9074,0.9943,0.9505,0.8857,1.0369,0.4804,0.7283,0.9773,0.5729,0.995,0.9985,0.9047,1.0643,1.238,0.3516,0.804,0.9934,0.5175,1.0053,0.9994,0.8902,2.744,3.5776,-2.5946,0.8649,1.0,-1.0,2.744,0.9396,1.0177,1.0,-1.0,2.744,3.5796,-2.5946,0.8647,1.0,-1.0,2.744,0.9396,1.0177,1.0,-1.0,decoder_56,head_112
110,20160407_165001_641_1081,8.25,0.8362,80,1910,1789,0.7468,0.7201,0.6991,2.2687,0.9484,0.9192,0.6574,1.0,0.9839,0.3664,0.4533,0.3662,0.0022,0.9001,0.9118,-2053.5886,0.9998,0.9247,0.6508,1.0105,0.3943,0.4163,0.954,0.6204,1.0232,0.9998,0.8001,0.7288,1.1372,0.3116,0.5053,0.9858,0.5065,1.0103,0.9993,0.8234,1.5262,3.1227,-2.4425,0.7131,1.0,-1.0,1.5262,0.8215,1.0122,1.0,-1.0,1.5262,3.1227,-2.4425,0.7131,1.0,-1.0,1.5262,0.8215,1.0122,1.0,-1.0,bottleneck_14,head_112
111,IMG_2931_1297_485,11.0,0.9281,28,852,903,0.7207,0.7586,0.713,0.17,0.7999,0.984,1.0252,1.0,0.9126,0.3773,0.47,0.4206,-0.8784,0.6017,0.8457,1.0379,0.9996,0.8111,0.5485,1.0482,0.4501,0.1645,0.6395,0.6548,1.0275,0.9986,0.5878,0.8711,1.6164,0.3375,0.4173,0.9749,0.4326,1.0612,0.9993,0.8153,2.1799,5.2626,-2.7436,0.615,1.0,-1.0,2.1799,0.8984,1.0221,1.0,-1.0,2.1661,5.2547,-2.7487,0.6141,1.0,-1.0,2.1661,0.8972,1.0221,1.0,-1.0,head_112,head_112
112,IMG_2931_1945_485,6.0,0.9429,19,5475,903,0.7792,0.7215,0.7539,25241.971,0.6784,0.9927,-43818.4142,1.0,0.9852,0.4091,0.5086,0.436,-0.3696,0.7028,0.9066,-5586.2367,1.0,0.879,0.6437,1.2079,0.5004,0.2025,0.4789,0.7618,1.0105,0.9999,0.7089,0.8795,1.5672,0.3463,0.4367,0.9614,0.3776,1.0149,0.9998,0.6825,2.478,4.8965,-3.317,0.7055,1.0,-1.0,2.478,0.9226,1.0035,1.0,-1.0,2.3708,4.9038,-3.3204,0.692,1.0,-1.0,2.3708,0.9146,1.0035,1.0,-1.0,head_112,head_112
113,IMG_2941_1297_969,11.0,0.6044,74,4951,1283,0.7288,0.7293,0.7087,0.9744,0.9181,0.9341,-9717.2856,1.0,0.9713,0.4368,0.4779,0.4347,0.0484,0.9121,0.8319,1.1356,0.9988,0.8495,0.753,1.2635,0.5309,0.3031,0.92,0.7106,1.1306,0.9984,0.7271,0.6862,1.5961,0.3783,0.2528,0.9347,0.6811,1.1457,0.9991,0.8278,0.8291,5.0718,-2.5669,0.4446,1.0,-1.0,0.8291,0.6962,1.1402,1.0,-1.0,0.8291,5.0718,-2.5669,0.4446,1.0,-1.0,0.8291,0.6962,1.1402,1.0,-1.0,none,head_112
116,IMG_2942_1945_485,60.03,0.9002,64,2148,1876,0.7372,0.7032,0.7364,757.0982,0.9645,0.9945,-5.8693,0.9977,0.9827,0.423,0.4903,0.38,0.3904,0.8954,0.8534,1.4913,0.9961,0.803,0.9646,1.1582,0.5803,0.6649,0.9671,0.7692,1.0351,0.9946,0.7444,0.9257,1.1678,0.397,0.6859,0.9935,0.6698,1.0009,0.9978,0.7528,2.2456,3.3913,-2.2651,0.7975,1.0,-1.0,2.2456,0.9043,0.998,1.0,-1.0,2.2456,3.3913,-2.2651,0.7975,1.0,-1.0,2.2456,0.9043,0.998,1.0,-1.0,decoder_56,head_112
118,IMG_2942_649_485,130.31,0.9529,79,2131,1983,0.7343,0.7222,0.6945,1.437,0.8786,0.9323,1.0099,0.996,0.9523,0.3373,0.4484,0.3477,-0.1024,0.9096,0.8997,1.6068,0.9694,0.8468,0.7698,1.1028,0.467,0.4763,0.9548,0.6896,1.0554,0.9945,0.7687,0.874,1.2438,0.336,0.5927,0.993,0.5001,0.8369,0.9948,0.8218,2.1986,3.7678,-2.686,0.7569,1.0,-1.0,2.1986,0.9001,0.8815,1.0,-1.0,2.1986,3.7678,-2.686,0.7569,1.0,-1.0,2.1986,0.9001,0.8815,1.0,-1.0,decoder_112,head_112
