case_name,dice,recall,precision,cldice,boundary_iou,hd95,bf1,thin_dice,bridge_events,has_bridge,break_events,has_break,spurious_islands,runtime_ms
20160222_080850_1281_361,0.8918405110134365,0.8578952501702634,0.9285827395086151,0.9715416335361231,0.3576072821843232,9.080009036010715,0.5353182174733815,0.5232428412039359,0,0,0,0,0,428.6472797393799
20160222_080850_1281_721,0.701192250371272,0.9533941236020599,0.5545079552134516,0.8883610451306413,0.1910457963083013,11.0,0.31245616128071424,0.44142857142699493,1,1,0,0,0,144.15311813354492
20160222_080850_1921_1,0.21320817968416625,0.29636533084532746,0.16649214659598696,0.21721384205856253,0.0760206475829375,344.14639822612725,0.16486193281420888,0.07087024491885946,0,0,0,0,6,152.008056640625
20160222_080850_1921_361,0.881476581939311,0.8334127456814572,0.9354234908744331,0.991492652745553,0.30459833794980096,9.219544457292887,0.5045180343855793,0.5064161319878405,0,0,0,0,0,148.79107475280762
20160222_080850_1_361,0.8391186482132775,0.8621570680624661,0.8172794409589386,0.9561708203793533,0.20499363867668177,17.70725534916454,0.3349143761929289,0.3636363636359774,0,0,0,0,0,140.18702507019043
20160222_080850_641_361,0.7785040339119983,0.8727083205586653,0.7026560031592107,0.862074686852795,0.23534643059242027,13.341664064126334,0.38538436033066115,0.3802193913655518,1,1,1,1,0,137.78233528137207
20160222_080850_641_721,0.6322753406311472,0.9651358499616131,0.4701335207302996,0.7490842910998449,0.1747296528170536,60.026032862749574,0.2595134805745398,0.34151184229138914,0,0,0,0,2,139.65535163879395
20160222_115224_1281_1,0.5220316178940315,0.915742270472231,0.3650733910421856,0.7014770573298523,0.2421923314778585,17.01028522807424,0.34613949583780496,0.4020583769188442,2,1,0,0,1,133.88729095458984
20160222_115224_1281_1081,0.8543991694775893,0.9161410018535879,0.8004538823135022,0.9943502824858756,0.4751609176423912,5.0,0.642082275028853,0.5921087013310894,0,0,0,0,0,119.01354789733887
20160222_115224_1281_361,0.4602723327839888,0.8349619978239144,0.3177029539344811,0.6172655063369936,0.17629822562237296,136.6314376461017,0.25736295574247625,0.3472017673042209,1,1,1,1,2,135.1315975189209
20160222_115224_1281_721,0.7664129400564808,0.8730130057787698,0.6830130016949081,0.862052733612878,0.3484828408634577,42.884446759380914,0.5117363917269667,0.5088197854146048,1,1,0,0,0,139.37759399414062
20160222_115224_1921_1081,0.8088094478110156,0.9776234567825801,0.6897114861149173,0.9787234042553191,0.3485321673932009,7.183095603115476,0.5163038456266341,0.5323965651792943,0,0,0,0,0,136.45434379577637
20160222_115224_641_1,0.7136896707258041,0.8069616218273531,0.6397452744358235,0.854667546481388,0.32140361773129306,27.202941017470888,0.4684896137736437,0.5350692986134659,1,1,1,1,0,130.3412914276123
20160222_115224_641_1081,0.024536114092892906,0.04675628287523813,0.016632016631982053,0.07649871276204487,0.027506510416621898,184.51421873139185,0.05595693493324619,0.02230106436894357,0,0,1,1,3,130.13625144958496
20160222_115224_641_361,0.7926045016066552,0.9572815533949602,0.6762688614525005,0.9135446357313876,0.3724398931425369,6.0,0.5751935404358695,0.5796943231425227,1,1,0,0,0,136.37900352478027
20160222_115224_641_721,0.5612478972311343,0.44452519379737276,0.7610949813323887,0.5127388097625293,0.1355966659887465,129.36522092815747,0.24544952867097364,0.31714171015529047,0,0,0,0,1,138.59224319458008
20160222_115837_1281_1,0.7642328210838727,0.9230621273304038,0.6520380434773749,0.8201003369730079,0.338080959519733,206.97584285957683,0.556301713581123,0.4876811594194064,0,0,0,0,4,136.89613342285156
20160222_115837_1281_1081,0.6738672286608616,0.9980491611353959,0.5086498309793027,0.8616352201257861,0.2816091954018084,8.049806198638837,0.42228384682280246,0.5171606864264486,1,1,0,0,0,131.64782524108887
20160222_115837_1281_361,0.7635944700452032,0.9681565877856613,0.6303975651500278,0.9301394100834127,0.3735670937282981,6.4031242374328485,0.5688319380219944,0.5800990916585878,1,1,0,0,0,145.6472873687744
20160222_115837_1281_721,0.7372940035995883,0.9895910780632358,0.5875082763173968,0.9547125478455301,0.3738317757002627,5.0,0.6133233513824227,0.6089108910878529,0,0,0,0,0,123.75497817993164
20160222_164851_1281_1081,0.8833163545169788,0.8963104325685491,0.8706936505470868,0.9000036967210083,0.2685157863668678,8.08065309859222,0.3897271398070514,0.43091787439405355,1,1,0,0,0,125.39148330688477
20160222_164851_641_1,0.8505396720767692,0.8808020477808184,0.8222877170616358,0.9161882893226176,0.22053393922149883,19.620717095315886,0.3930832788518502,0.42972972972890017,0,0,0,0,0,134.51290130615234
20160222_164851_641_1081,0.7275162648292336,0.8985347408210201,0.6111885114129126,0.8324112215578884,0.29066666666625873,37.43141541971614,0.4809941223546101,0.40685984624422405,0,0,0,0,0,126.27410888671875
20160222_164851_641_361,0.816605598156304,0.9278908060769783,0.7291554236368529,0.86415133255742,0.29029312391535905,10.251714139776352,0.4968767392213005,0.479544159543613,1,1,1,1,2,138.69571685791016
20160222_164851_641_721,0.8612408818945737,0.9580598103565298,0.7821944320375299,0.944210199845722,0.30102635875868783,10.0,0.47895158664329096,0.5120961682937459,1,1,0,0,1,143.16678047180176
20160222_165225_1281_361,0.8001284659025799,0.9660074964444022,0.6828688899034419,0.978405315614618,0.30739341608169735,8.06225774829855,0.4555848986019044,0.5320096729024666,0,0,0,0,0,134.7360610961914
20160222_165225_1281_721,0.759054175394316,0.8904494381959941,0.6614501825734928,0.9153851022087208,0.28144989338869164,8.94427190999916,0.46328455108720856,0.4996668887375106,0,0,0,0,0,133.0246925354004
20160222_165225_1921_721,0.6667031523639083,0.9386654338096183,0.5169311720270585,0.8853887913909222,0.20544266404063605,11.0,0.34141765806344204,0.44301400984433636,1,1,0,0,0,120.73063850402832
20160222_165225_1_361,0.7847960376199093,0.933783604819317,0.676809368400195,0.9356966913812524,0.3482115560986974,9.0,0.5494244697155752,0.5435446439470581,0,0,0,0,0,127.95186042785645
20160222_165225_641_361,0.7971175166292699,0.8697229950394705,0.7357003990578781,0.9286978895877249,0.3853447482275749,16.046648326421046,0.6452973329457549,0.6178133835996491,0,0,1,1,0,132.34186172485352
20160222_165402_1281_1,0.9251925192514162,0.9728166570260579,0.8820136339791483,0.9974874371859296,0.501035586517603,5.01980390271855,0.758987975364537,0.6595852301450188,0,0,0,0,0,136.15703582763672
20160222_165402_1281_361,0.8714610143826033,0.9834833124490449,0.7823486770561957,0.9089459446043879,0.39706130721094907,13.0,0.6107709491410929,0.525624178711234,1,1,0,0,0,134.48619842529297
20160222_165402_641_1081,0.9352764043269507,0.950578100203317,0.9204595346107709,0.9987163029525032,0.33157792081074394,5.0,0.5178407327774418,0.5619881389422141,0,0,0,0,0,154.56676483154297
20160222_165402_641_721,0.8716222807526721,0.9867476532291697,0.7805538569050575,0.9858356940509915,0.22852544759559743,19.298770383718036,0.3924006237799703,0.47460349327349005,0,0,0,0,0,148.50664138793945
20160222_165926_1281_361,0.4721169463987148,0.9969512195045965,0.30929297706240416,0.7831932773109244,0.1712365115864652,44.685859680962494,0.1621997871607609,0.41628417481457536,1,1,0,0,1,149.33419227600098
20160222_165926_1281_721,0.7063467492254595,0.9720920323796931,0.5547045951853212,0.8770562244727532,0.3439036628195244,63.142534664593484,0.4632156093361811,0.534580359339731,0,0,0,0,0,126.739501953125
20160222_165926_1921_721,0.7132571607444723,0.9328556806531569,0.5773470163428641,0.9150420507325392,0.3482563166487191,6.677695962992676,0.47828172743583247,0.5747619047612205,1,1,0,0,0,131.0744285583496
20160222_165926_1_1081,0.5760400090916662,0.9497751124366585,0.4133768352351929,0.7379493060223813,0.2343628341545955,19.849433241279208,0.37304733857324696,0.46136034732138537,0,0,0,0,0,133.4233283996582
20160222_165926_1_721,0.6067804428037283,0.9498194945814087,0.4457810911547852,0.8283884018880647,0.2334844114816186,15.370138443179151,0.3547928614225918,0.48072492704579833,1,1,0,0,0,134.84716415405273
20160222_165926_641_1,0.6987476808897277,0.9653957065012323,0.5475195347982055,0.8896996018820122,0.27445482866000864,468.503145098163,0.40430316363195035,0.5198204936415112,0,0,0,0,2,131.86311721801758
20160222_165926_641_361,0.6516280059580212,0.9886987407136303,0.48595461037853366,0.9164785553047404,0.2049027444708168,90.99780166673965,0.2691052212647308,0.5084185207448761,1,1,0,0,1,133.8346004486084
20160222_165926_641_721,0.7329503210539148,0.9594761989011512,0.5929571303580566,0.9209294544237826,0.377688287207285,5.830951894845301,0.5597231621414633,0.5987038370531851,0,0,0,0,0,138.97085189819336
20160302_155857_1281_1,0.6764611432236058,0.7655824095933753,0.6059254997833944,0.8519077842667202,0.22427081759071443,26.059533833322025,0.3463594464725501,0.3563958165720909,0,0,1,1,0,136.1703872680664
20160302_155857_1281_361,0.7410153434246004,0.9083564756363187,0.6257391304342385,0.8886831182985141,0.2442891415455885,24.0,0.35558274036213544,0.36655607166507426,0,0,0,0,1,143.31769943237305
20160302_155857_1281_721,0.34781366104551614,0.9999999999917831,0.21051721155473013,0.3650793650793651,0.027981171548043984,198.75945877547863,0.04856504506067323,0.1263399693718868,0,0,0,0,0,134.24348831176758
20160302_155857_1_721,0.8787870920841978,0.9127433532864624,0.8472667200636527,0.9709344614672046,0.26165484633544994,12.051957427492866,0.4343838248371886,0.4933119315135189,0,0,0,0,0,137.99810409545898
20160302_155857_641_721,0.7034050179209218,0.955236853541108,0.5566529909332134,0.8119418600306393,0.23999656534411815,45.55764686119848,0.4276354020377221,0.3155618522106364,1,1,0,0,0,145.67279815673828
20160307_144202_1281_361,0.5992920914994985,0.8988906497608575,0.4494809414371586,0.744680071786983,0.12887732639570854,25.772817691147246,0.19353723020830188,0.34473614425851257,1,1,0,0,0,142.98582077026367
20160307_144202_1281_721,0.5275260154409805,0.998411689958709,0.35846259124046703,0.6128048780487805,0.12272174969598477,35.882176780456014,0.2207663261818193,0.2682609825834829,1,1,0,0,0,140.48433303833008
20160307_144202_1921_361,0.6319388464209502,0.96053743450992,0.47085870510729844,0.7815718359874216,0.11858931215498815,23.79072670694535,0.20180727208564297,0.33572190882739456,1,1,0,0,0,134.81521606445312
20160307_144202_1_361,0.7902823018456053,0.9404961881373947,0.6814436850478974,0.8411299155566546,0.2413400552933474,18.0,0.39089731074341594,0.40827830568496676,1,1,0,0,0,130.2194595336914
20160307_144202_641_361,0.7008275405492549,0.9614895549491721,0.5513541666663795,0.8573967102840322,0.17565473994822894,36.750363789147606,0.2836834434384777,0.3882457702579709,1,1,0,0,1,146.26407623291016
20160307_145059_1281_361,0.8431186191247376,0.9700860730908917,0.7455403133976329,0.8447905270609434,0.3388332978493306,18.35755975068582,0.5630059755757455,0.4619175147290177,1,1,0,0,1,133.47983360290527
20160307_145059_1281_721,0.7456438808120704,0.9747944466896148,0.6037231822350749,0.9039801053661297,0.3198286632158488,8.0,0.42338134946168693,0.4972660682961959,1,1,0,0,0,138.0472183227539
20160307_145059_1921_1081,0.750939718779931,0.9946524064152782,0.6031533042596409,0.929570643979,0.2578721043136942,11.704699910719626,0.3524558536963394,0.44430635389087414,1,1,0,0,0,135.6658935546875
20160307_145059_1921_361,0.8622145820094689,0.8874528809901627,0.8383720930226465,0.9341581153810598,0.4123642065176253,21.650357275652567,0.6463871630025682,0.5526649746184127,0,0,0,0,0,135.32185554504395
20160307_145059_1921_721,0.7958069062713214,0.9296151471477061,0.6956722624353986,0.8915416135544261,0.26394403478868605,8.966563145999494,0.37122859917141277,0.5017989925629605,1,1,0,0,0,137.27569580078125
20160307_145059_1_361,0.9049301344577353,0.9742279745674679,0.8448360736429606,0.9581944936783646,0.48960125097656043,5.0,0.6813169391287843,0.618274978649406,0,0,0,0,0,143.16391944885254
20160307_145059_1_721,0.8108700116361073,0.9554766897871343,0.7042806183106964,0.8954802259887005,0.29161218008538836,20.770027262965503,0.4131815855726991,0.43270868824439374,0,0,0,0,0,158.95318984985352
20160307_145059_641_361,0.7022094140244941,0.9651075065994623,0.5518766177733478,0.8008107311320755,0.17804511278168716,16.615978134344846,0.31154663206594624,0.3895258315634968,0,0,0,0,0,144.11020278930664
20160307_145059_641_721,0.8682274776552763,0.9734835047880689,0.7835117773013679,0.9822006472491909,0.3257019438441407,5.385164807134504,0.5216657520348149,0.5739637134146816,1,1,0,0,0,137.58540153503418
20160307_162438_1281_361,0.8878779769856999,0.8020304568508532,0.9943062631075987,0.9084249084249084,0.12222222222131689,17.17914186763544,0.16657718642078642,0.20224719100555485,0,0,0,0,0,148.7128734588623
20160307_162438_1281_721,0.8721449290464502,0.7962827872749544,0.9639840270308079,0.9954885578377789,0.23138613861363228,22.604726433339597,0.4049247082237332,0.4398841139535493,0,0,0,0,0,125.00715255737305
20160307_162438_1921_1081,0.7868300512857586,0.9563189950504792,0.6683737944791032,0.8226556787838696,0.23588295687854738,26.478998739593475,0.3715799780964356,0.348577872446625,0,0,1,1,0,148.453950881958
20160307_162438_1921_721,0.8864383130033564,0.8765745315347503,0.896526608093551,0.9846543098140416,0.18526614930573257,13.0,0.28214878744124056,0.42948134667801735,0,0,0,0,0,142.69709587097168
20160307_162438_1_361,0.8537804112168782,0.8162689918026377,0.8949055523752448,0.9904032993615418,0.07921635434405518,22.0,0.12621934782673577,0.29033573467406504,0,0,0,0,0,144.01960372924805
20160307_162438_641_361,0.8774261314333294,0.8732784873410875,0.8816133620883395,0.9782118707738542,0.19163341796615688,24.45983247636056,0.3135663172371615,0.3634124890055173,0,0,0,0,0,133.68821144104004
20160307_162438_641_721,0.749632121084192,0.890312916110369,0.6473435798128435,0.732394366197183,0.06626506024075376,113.43985188344286,0.1069795363824601,0.19593345656140498,0,0,0,0,1,136.33060455322266
20160310_114505_1281_1,0.42499999999950805,0.9999999999945535,0.26984126984087325,0.7193548387096774,0.12718168812571218,14.0,0.1262550124972964,0.3442449841600525,1,1,0,0,0,147.44234085083008
20160310_114505_641_1,0.5531275607753666,0.9504811077189615,0.3900606761047962,0.7509229098805646,0.1486064079185353,20.808652046684813,0.23466443798287195,0.3231186158012058,1,1,1,1,0,142.91763305664062
20160310_114505_641_1081,0.5931230060258113,0.9952414941684624,0.42243991112863816,0.7216709725445548,0.14857310973793972,33.27006959110366,0.24210301599307457,0.3135988518116091,1,1,0,0,1,147.09043502807617
20160310_114505_641_361,0.515802469135484,0.9844486333624306,0.3494479759113838,0.6791126875089686,0.14128281327372302,32.00247367790462,0.2008693651806638,0.29549549549522924,1,1,0,0,2,138.28277587890625
20160310_114505_641_721,0.5926633028769994,0.9974753270576142,0.421573382480918,0.7931021384890037,0.15075533405988045,23.466834107731035,0.2441612792666338,0.3084047233152252,1,1,0,0,0,136.17920875549316
20160316_142539_1281_361,0.8279879188833396,0.7802927622651392,0.8818933823515902,0.8702290076335879,0.2267080745336586,28.0,0.3582106862513347,0.4393442622932814,0,0,0,0,0,140.9449577331543
20160316_142539_1281_721,0.7256078588252987,0.892314420027449,0.6113857677898041,0.7716996767077883,0.2438030955426,247.29449406158292,0.42281138254316863,0.3069096071932005,1,1,0,0,8,124.92799758911133
20160316_142539_1921_361,0.6675477050023635,0.9043668122262843,0.529018085214811,0.6942671274385505,0.20801859384061755,43.66119482035569,0.346032123903878,0.3179765130982433,2,1,0,0,1,139.72902297973633
20160316_142539_1_721,0.680151008256137,0.8613184079595294,0.5619516153570209,0.7294096389500312,0.19488157685567087,22.142709590178235,0.3351738737859495,0.2980311790966127,2,1,0,0,1,133.6226463317871
20160316_142539_641_721,0.5559832635981713,0.780178487552231,0.43187727509081647,0.5774117782843294,0.19109573588013,50.107375563089036,0.33221854888855706,0.21860865819501474,2,1,2,1,0,130.77712059020996
20160316_143445_1281_1,0.8735518040381087,0.9231145935351034,0.8290399597883708,0.9622201631945484,0.21527100459772153,11.0,0.34517659336315315,0.44986830553037777,0,0,0,0,0,139.05692100524902
20160316_143445_1281_1081,0.7593463728636304,0.8077429549623183,0.7164213968682167,0.8713787664978833,0.25118219749582427,16.88645406332253,0.4194947984969974,0.40620272314521105,1,1,0,0,0,133.44407081604004
20160316_143445_1281_361,0.8977412731002808,0.9703010249366715,0.8352785883001005,0.9695832677713359,0.31579664713054956,341.8633944742013,0.5029893888364936,0.5437899464492247,1,1,0,0,1,147.89867401123047
20160316_143445_1281_721,0.8284263959388527,0.8207420652655226,0.8362559781366224,0.9289597006009495,0.3122631390773598,15.556349186104045,0.48013581289844043,0.523591387997568,0,0,1,1,0,127.91919708251953
20160316_143445_1921_1081,0.6825723165189181,0.8177339901468463,0.5857541440993059,0.7044396968011939,0.13642497853007432,25.969207977195474,0.1634612097927726,0.30400770249090864,1,1,0,0,0,130.33294677734375
20160316_143445_1_1081,0.8715736040604712,0.8730804434039732,0.8700719570275969,0.9636404668531694,0.3315399156604166,11.0,0.5040477280798871,0.5204105991871081,0,0,0,0,0,130.8913230895996
20160316_143445_1_721,0.5466606362124629,0.8570077995725431,0.4013281682341988,0.6193048854476643,0.1624438087450706,594.7730574080501,0.21805576476770525,0.17958001448199917,0,0,0,0,1,144.08493041992188
20160316_143445_641_361,0.8704692594863803,0.9449061249605571,0.8069038023472866,0.9904580152671756,0.3545376396900964,5.830951894845301,0.5335257221711949,0.5615746971726757,0,0,0,0,0,132.87043571472168
20160316_143445_641_721,0.8591253832494975,0.9010493061030113,0.8209292763149455,0.9864679663153988,0.2588474788596009,12.0,0.39088416279574356,0.4888888888877689,0,0,0,0,0,132.48395919799805
20160316_143527_1281_1081,0.7858050309135318,0.784409874872519,0.7872051586621523,0.8285437629884653,0.2950599606226105,199.11810912878676,0.4655054692000934,0.47310325555334204,0,0,0,0,1,134.29713249206543
20160316_143527_1281_361,0.6731008717299609,0.6863492063470275,0.6603543066565047,0.5543801114863491,0.10298013244999013,257.0542259813159,0.17538851235590927,0.2490808823517965,1,1,0,0,1,134.54723358154297
20160316_143527_1281_721,0.75378139599409,0.7712622462015375,0.7370753991583803,0.8126086821856349,0.27531897926621046,25.992301994298856,0.4393370252121318,0.43147953829980307,1,1,0,0,1,133.2542896270752
20160316_143527_1921_361,0.714179933357685,0.8867946213068764,0.5978151390713583,0.8424429322286181,0.3165905631656647,27.62967140243417,0.5075208552228762,0.46624511809515873,1,1,0,0,2,131.32929801940918
20160316_143527_1_1,0.6546133208907882,0.6300662400352194,0.6811506250750319,0.831820323887527,0.30039483512933474,19.96826914098391,0.4650869221856402,0.5370452202083709,0,0,0,0,0,145.3547477722168
20160316_143527_1_361,0.7143853774233091,0.9624060150339759,0.5680053250486621,0.9300039323633504,0.30581892545025874,423.0,0.383701907761409,0.5343793262562658,1,1,0,0,1,139.4033432006836
20160316_143527_641_1,0.8311229000879851,0.8740837982705676,0.7921871901637991,0.9293312947614065,0.37334488305856534,9.899494936611665,0.5768803177035203,0.5003599712014033,0,0,0,0,0,137.03250885009766
20160316_143527_641_361,0.7839600219389409,0.8215608634558554,0.7496503496499127,0.7896165188604851,0.3216323822161104,41.74205886047638,0.5104988219218483,0.490328385064786,2,1,0,0,0,128.85403633117676
20160316_143527_641_721,0.7110578842309692,0.6856043110074125,0.7384742951894885,0.7485407607631135,0.23224246931901776,38.53820414309493,0.4203196234389661,0.4543620776589653,0,0,0,0,0,133.47363471984863
20160316_143547_1281_1081,0.8765982753480871,0.9018048332795907,0.8527625108450889,0.8837085031060049,0.3004839419256468,9.30257757367566,0.37125128658560924,0.4641480339208624,1,1,0,0,0,140.06948471069336
20160316_143547_1281_361,0.2991193440627101,0.9704433497441336,0.1768084724462811,0.3166723960123754,0.1690402476769719,681.0956609616073,0.3496416945303558,0.0478646585515827,0,0,0,0,1,131.0417652130127
20160316_143547_1281_721,0.8985231062408726,0.9256648224161494,0.8729277118569078,0.9891668308055939,0.3583851922767206,9.0,0.5487851022924858,0.5375838136683477,0,0,0,0,0,134.75608825683594
20160316_143547_1921_1081,0.8579708891145927,0.8714467729885016,0.8449054353378578,0.9170488214666658,0.28757768216875806,27.59975585357247,0.45248107568544677,0.4659970705163569,0,0,1,1,1,143.6312198638916
20160316_143547_1_1,0.782558512343449,0.7308659719722536,0.8421197902285108,0.7978349436021273,0.2413563829785228,62.631445356547694,0.38978607483395805,0.46070753443091994,0,0,0,0,0,140.78211784362793
20160316_143547_641_1,0.841083974570622,0.938059701485537,0.762280169795256,0.954241645244216,0.26031164069422263,20.24226448462566,0.46577317542220936,0.5313131313077645,0,0,0,0,0,133.21352005004883
20160316_143547_641_361,0.9022648024642329,0.95390121689266,0.855931659065543,0.966159420716105,0.4686921803481656,5.656854249492381,0.6727555508603116,0.6241538044941455,0,0,0,0,0,130.60808181762695
20160316_143547_641_721,0.6443361753919347,0.49072356214758145,0.9379432623947173,0.48486769133259394,0.2435483870948101,33.44584839085519,0.4526218015655717,0.3005565862652958,0,0,0,0,0,137.70818710327148
20160318_181632_1281_1081,0.8748068752411948,0.9006810160556242,0.8503778101089546,0.9753100212266785,0.2061340941510025,14.380451486424105,0.2936836003277574,0.4740528949242687,0,0,0,0,0,138.51213455200195
20160318_181632_1281_361,0.8504616963063084,0.7935591958300199,0.9161549797369163,0.9458754279034818,0.2443664822559409,63.34151397996318,0.3842198882934476,0.4720452086083058,1,1,0,0,0,130.92851638793945
20160318_181632_1281_721,0.9015021997308119,0.9073139396159918,0.8957644394106927,0.9424945695667085,0.2479680213187902,21.71270447684202,0.40065165140947867,0.45385611244598884,0,0,0,0,0,135.72216033935547
20160318_181632_1921_1,0.7839175674302616,0.7579605391663256,0.81171548116985,0.7061460547044334,0.24861337683442541,298.0030875988428,0.43887306405274784,0.36825396825229817,1,1,0,0,0,134.23395156860352
20160318_181632_1921_361,0.8764505119452113,0.8420174078928333,0.9138198757760033,0.9363104126267711,0.1448770491801794,48.299999999999955,0.2341176162489431,0.4063629790303573,0,0,1,1,0,133.52251052856445
20160318_181632_1_1,0.9425661914458809,0.9382739153485735,0.9468979193550483,0.9875854871915176,0.3414873866983275,10.138627319029908,0.544238140715173,0.4943654165887782,0,0,0,0,0,134.9484920501709
20160318_181632_1_361,0.9354543373759034,0.9391084558801951,0.9318285453695125,0.9295386733991279,0.3372781065066583,9.336039287645105,0.5157965150765725,0.5613305613247263,1,1,0,0,0,135.44082641601562
20160318_181632_641_1,0.8816628935976916,0.8241631396659325,0.9477876106152753,0.8862973760932944,0.2918800292590207,100.69999999999999,0.48867486264257803,0.42155309032612437,0,0,0,0,0,139.50800895690918
20160318_181632_641_361,0.9060782368553897,0.8563030533381842,0.9619972102818294,0.9828220858895705,0.17223134464498063,14.619357289499513,0.3059893250174342,0.40253431890094504,0,0,0,0,0,143.31746101379395
20160318_181632_641_721,0.2569545302198,0.9829059828975821,0.14779591312151677,0.24609375000000003,0.09417356099261719,274.6529370392998,0.15675140490516795,0.1272798845294223,0,0,0,0,1,135.67852973937988
20160321_183947_1281_361,0.8186991869902059,0.9221611721569498,0.7361111111084206,0.8763250883392226,0.22747093023090503,24.957362777421007,0.37441210033946176,0.33194328606895795,0,0,0,0,0,145.6165313720703
20160321_183947_1281_721,0.9336517462959459,0.9451000349880896,0.9224774914619924,0.99198242441016,0.27663724081269075,8.790395920668704,0.4380518555209485,0.4775097276257159,0,0,0,0,0,144.52600479125977
20160321_183947_1921_721,0.9167907090862981,0.9323308270673589,0.9017601441577688,0.9835018261799544,0.2404028317875756,14.016050981428192,0.4201357601145407,0.4752934752928265,0,0,0,0,0,123.37517738342285
20160321_183947_1_721,0.8967182526615284,0.9420730428946829,0.8555299583038183,0.9839116909528035,0.133169611027384,31.0,0.24721922806064534,0.3773168230930063,0,0,1,1,0,122.20573425292969
20160321_183947_641_721,0.9181049591294649,0.9846028929717666,0.8600210139214973,0.9841354032502613,0.21782460136653584,13.0,0.3938645316514405,0.44336600989959873,0,0,0,0,0,139.99652862548828
20160321_185557_1281_721,0.8847639315833364,0.8699190142206107,0.9001242933319032,0.924146505687587,0.25268408149441823,16.555517457050584,0.3963889355020067,0.48426966292066814,0,0,0,0,0,125.45418739318848
20160321_185557_1921_1,0.8650948092497329,0.9106326219503519,0.8238944918534402,0.9793510324483776,0.2664903546977808,10.295630140987,0.4015675003590505,0.4705361098793298,0,0,0,0,0,142.60268211364746
20160321_185557_1921_1081,0.807970493844514,0.8136214547551479,0.8023974883447793,0.9509826273311751,0.13431700638860006,13.894241203836518,0.19249377348034896,0.35494716618550687,0,0,0,0,0,134.39559936523438
20160321_185557_1921_361,0.7661653818607497,0.9618191433094004,0.6366563987674064,0.9513731442621459,0.1581813876389318,15.0,0.24983905981242177,0.39254237288091237,1,1,0,0,0,151.2739658355713
20160321_185557_1921_721,0.8880913013669218,0.8347358047150197,0.9487334137510991,0.9656084858794293,0.27094317516083677,17.0,0.4569852691939073,0.4503684438655172,0,0,0,0,1,138.63253593444824
20160321_185557_1_361,0.4658012013166716,0.9646869983871214,0.30702426564417107,0.5051345515824951,0.051666666666451394,571.7455635393742,0.05282213130326309,0.12404092071571599,0,0,0,0,3,132.51399993896484
20160321_185557_1_721,0.8461023338870394,0.9327901126539796,0.7741569463982325,0.9694661444244876,0.265004226542464,13.416407864998739,0.40497915263925804,0.4122279792741842,0,0,0,0,0,141.4816379547119
20160321_185557_641_721,0.9091162920561895,0.9108541588955097,0.907385044124056,0.9701292911279537,0.35339426928175677,11.0,0.5995945555436938,0.5821800653077559,0,0,0,0,0,127.63214111328125
20160324_170347_1281_1,0.8755121805849098,0.8603221083442748,0.891248293643423,0.9588688946015425,0.4352350197337007,7.582206784205562,0.6476280215155819,0.6231714452878199,1,1,0,0,0,153.1383991241455
20160324_170347_1281_1081,0.8216374268999841,0.7805555555544714,0.8672839506159455,0.9430539969204269,0.38526587358408304,9.433981132056603,0.5790017921450239,0.586973580955828,0,0,0,0,0,150.14076232910156
20160324_170347_1281_361,0.8082318840575025,0.909102764735382,0.7275099144221169,0.8872912484463087,0.38267594740853417,15.556349186104045,0.5998532664662435,0.47816630416516953,1,1,0,0,0,136.6751194000244
20160324_170347_1281_721,0.7368962501925123,0.7001270648023652,0.7777415852325974,0.8356144647745282,0.35347351610296024,53.612936879945345,0.5634860970988615,0.5489651340456327,0,0,0,0,0,134.19866561889648
20160324_170347_641_1,0.7236475181250368,0.9281115879795132,0.5930073126129045,0.9455631662975742,0.3579090754293242,5.0990195135927845,0.5257119490835358,0.5995035167550693,0,0,0,0,0,134.6914768218994
20160324_170347_641_361,0.7500754906887266,0.9083373963897895,0.638779358819409,0.9333092925240596,0.389898208993184,5.0990195135927845,0.5438593542208677,0.5958382676356017,1,1,1,1,0,131.6988468170166
20160324_170347_641_721,0.7991452991439857,0.8635879218441791,0.7436524931148863,0.9461966604823748,0.4114257078416151,5.2993212190719685,0.619221850662957,0.5987402741734023,0,0,0,0,0,143.55754852294922
20160326_141808_1281_1,0.0641054785177721,0.06266666666652741,0.06561191251729732,0.06512210394489669,0.029600138480128785,300.32899060768557,0.05527965802948681,0.05921184236835525,0,0,0,0,3,157.8202247619629
20160326_141808_641_1,0.9272567922834039,0.9760147601385978,0.8831385642664179,0.9695987028779895,0.34374999999328615,6.0,0.3929344089860702,0.5321637426744982,0,0,0,0,0,154.84857559204102
20160326_141808_641_361,0.7368726990889668,0.8244092781261386,0.6661411805914642,0.9256905182740067,0.12031700288167102,25.51518475184064,0.20690090334848274,0.3827272727266928,0,0,0,0,0,162.75930404663086
20160326_141808_641_721,0.38194065173822866,0.3017402560041684,0.5202082816748818,0.6445672191528545,0.11124801971464311,64.0,0.1949400028466871,0.33899127061023526,1,1,1,1,1,148.96345138549805
20160326_142521_1281_1,0.4310505474024976,0.2780198317305604,0.9588082901529564,0.4945770065075922,0.1073758153534687,165.56550622380018,0.21029291583413312,0.19457313037594592,0,0,0,0,0,160.47930717468262
20160326_142521_1281_1081,0.3442462262294761,0.2671941570290104,0.48374655647116394,0.3698574613254071,0.034482758620554534,163.72636535561765,0.04519079969517842,0.13876651982302443,0,0,0,0,0,134.5996856689453
20160326_142521_1281_361,0.7377049180323253,0.6368153829527526,0.8765799256492541,0.8745007357578305,0.20010063736967443,27.5426711699441,0.3455046680590287,0.37015985790277034,0,0,0,0,0,137.6810073852539
20160326_142521_1281_721,0.6586554812375816,0.5229052290518199,0.8896034297949937,0.6797134796289219,0.07163160886853964,152.81912831668615,0.10693782840212689,0.2795104619017785,0,0,0,0,0,155.5778980255127
20160326_142521_641_1,0.0,0.0,0.0,0.0,0.0,382.8347926110913,0.0,0.0,0,0,0,0,3,147.16482162475586
20160326_142521_641_1081,0.0,0.0,0.0,0.0,0.0,372.83793466284027,0.0,0.0,0,0,0,0,3,141.3559913635254
20160326_142745_1281_1081,0.7445068983127945,0.6464063886409795,0.8777108433708503,0.9005187771216027,0.20223602484421804,19.727798531914438,0.25824825015480785,0.35394736841872404,0,0,0,0,0,147.83811569213867
20160326_142745_1281_361,0.15444923559376364,0.08372290692725565,0.994949494939445,0.2491487243962492,0.06491344873480388,220.53258223642797,0.11621221720141717,0.05636540330363105,0,0,1,1,1,159.7762107849121
20160326_142745_1281_721,0.6399463712378224,0.4966049720728854,0.8996131336168042,0.7982788407850392,0.0899830220712309,26.544108197731525,0.1416215314642831,0.23375945734350703,0,0,1,1,0,130.6591033935547
20160326_142745_1921_1081,0.6079202224560284,0.5057434588377381,0.7618360970902143,0.6181371419795746,0.21199845678971452,206.17941187737412,0.3537900596821288,0.3808878346310373,0,0,1,1,0,144.2720890045166
20160326_142745_1_1,0.5138541377071106,0.35415469119221166,0.9358649789013741,0.6625672816859921,0.12101593625485954,187.8004259846074,0.2007278777887796,0.20301244269743612,0,0,0,0,0,189.98050689697266
20160326_142745_641_361,0.8116186180472214,0.7225797087422117,0.9256848890535975,0.9456640188185815,0.2385962217783454,11.670463013896399,0.36833245572039347,0.4272930648761609,0,0,0,0,0,149.1858959197998
20160328_151020_1281_361,0.592754694661957,0.8821406566315622,0.44633472877863795,0.7671497648936774,0.12258463441016958,39.6232255123179,0.21956789832086263,0.26575143702200693,1,1,0,0,0,165.1597023010254
20160328_151020_1921_361,0.513959390862796,0.897280966766468,0.3601164012608681,0.5789185818830196,0.1534509202452811,39.05124837953327,0.25778031349619684,0.22874617736992295,0,0,0,0,0,143.8446044921875
20160328_151020_1_1,0.6902376743270747,0.9543726235734964,0.5406153846151767,0.8753163502759626,0.1738908720039687,21.93171219946131,0.274998877987856,0.3338721845024604,0,0,0,0,0,154.7083854675293
20160328_151020_1_361,0.4008277130591655,0.9505634314760067,0.25395746333858993,0.3028636143018929,0.18596715717597362,448.1711887035939,0.32148635159304234,0.1578492766139518,0,0,0,0,3,149.77478981018066
20160328_151020_641_361,0.5906704361871008,0.861053871061435,0.4495159059470958,0.6494057724957555,0.10800174901606033,58.30254219031827,0.19900847036784025,0.2740112994347702,2,1,0,0,0,161.83066368103027
20160328_151020_641_721,0.6503623993949706,0.6025873434405055,0.7063653047419044,0.7225078436025205,0.13327032136093261,74.59142606037601,0.20550658120033508,0.32693911592948716,0,0,1,1,0,146.34060859680176
20160328_151057_1281_1,0.8184512050564812,0.8586528497391531,0.7818456312497041,0.945711342164678,0.37555147058754496,5.830951894845301,0.5956144318074253,0.5791525864294798,1,1,0,0,0,146.65675163269043
20160328_151057_1281_1081,0.5401906131985792,0.9015606242469941,0.38562259306754093,0.6920183412436651,0.2421612865900241,220.9801877642118,0.4020161331143953,0.33495209345014443,1,1,0,0,2,143.2516574859619
20160328_151057_1281_361,0.8280244658028214,0.8898753628122078,0.7742127153880359,0.9168499805902904,0.3505120581427973,8.0,0.560665617244266,0.5637823371976722,1,1,0,0,0,154.02698516845703
20160328_151057_1281_721,0.813157976945171,0.7808843823118852,0.8482142857137329,0.9250268011581309,0.3187104277036318,14.223185469524331,0.49214672533747633,0.48700410396661303,0,0,1,1,0,135.0688934326172
20160328_151057_1921_721,0.8109438332364355,0.7425768822899058,0.8931760204072138,0.9558232931726908,0.2887222678715194,6.324555320336759,0.49553226522401617,0.46769752171051115,0,0,1,1,0,142.29512214660645
20160328_151057_641_1081,0.738366480014734,0.8458305684564348,0.6551310604751497,0.9143777688280306,0.2974388824209874,7.518672793262243,0.4125257365389965,0.5080064051230825,1,1,0,0,0,141.1116123199463
20160328_151057_641_721,0.7869404240989675,0.8344039971434076,0.7445859872599608,0.9050694008378711,0.27378309137442564,8.018677324489563,0.41438520630739506,0.48244126907124624,1,1,0,0,0,156.53300285339355
20160328_151244_1281_1081,0.8186978297160329,0.9610365656840683,0.7130833447376785,0.7159581364167743,0.15058641292304648,216.0,0.28870785244609193,0.20503076366249995,0,0,0,0,3,146.64816856384277
20160328_151244_1281_361,0.8806317539482792,0.8839382561531565,0.877349896479968,0.8990965379555261,0.18717622910743115,234.13671220037236,0.31120896729619213,0.3985724482506801,0,0,0,0,1,149.34659004211426
20160328_151244_1281_721,0.8415505380136663,0.8428886925793192,0.8402166255721997,0.8858751398809505,0.17227456258403256,36.0,0.29034198534654093,0.3887331290341079,0,0,0,0,0,144.28949356079102
20160328_151244_1921_1081,0.7316006392457468,0.6893326993173414,0.7793906810021874,0.8282730653667557,0.1699319447305219,44.495770743630786,0.2976462161286346,0.4110722239885108,0,0,0,0,0,153.25427055358887
20160328_151244_1921_361,0.8739587827297525,0.8207117925701756,0.9345943643974254,0.9076923076923077,0.17174796747948085,88.46976298848739,0.2918387395199299,0.42348555451924796,0,0,0,0,0,150.27570724487305
20160328_151244_1921_721,0.8897974477087909,0.9299288231633543,0.852986541021181,0.8992701055818335,0.1675085749921001,36.29577846751565,0.2809427392584783,0.4363536442945412,1,1,0,0,0,147.95398712158203
20160328_151244_1_1,0.8381427560783338,0.788303274382494,0.8947096466469674,0.9727140909386024,0.15255060728732586,29.538100087412282,0.2364603210921154,0.4567656765670538,0,0,0,0,0,143.74923706054688
20160328_151244_1_1081,0.835738928394821,0.8056196552181273,0.8681977764762022,0.9161915383006899,0.2585489833635431,15.063131249987498,0.4485077137483666,0.4719677537542251,0,0,0,0,0,150.59471130371094
20160328_151244_1_721,0.8887661604114752,0.8960315853407086,0.8816176104383278,0.9661889841229581,0.23422595103984112,16.0,0.3711279665260384,0.44841537424064665,0,0,0,0,0,154.53171730041504
20160328_151244_641_1,0.8936270913692659,0.8638422473345546,0.9255392156858208,0.9406194483081541,0.24310853422821369,9.219544457292887,0.36303763920544846,0.4677822658194503,0,0,0,0,0,148.17404747009277
20160328_151244_641_361,0.8973264568140088,0.8932491443403202,0.9014411624577766,0.9305093399531682,0.20773021250352983,16.278820596099706,0.29986113932095154,0.4507107900245847,0,0,0,0,0,148.44250679016113
20160328_151244_641_721,0.8878192908882112,0.8874809451217821,0.8881578947366728,0.9284946136717016,0.15916784637153986,21.02379604162864,0.2809793496705548,0.38732854343534673,0,0,0,0,0,132.77745246887207
20160328_151752_1281_361,0.7529347196387619,0.7071997250697593,0.8049941322201036,0.8726355717075741,0.14850018516214233,32.16104316494977,0.2755727450526079,0.33578311285262813,0,0,0,0,0,151.77392959594727
20160328_151752_1281_721,0.7975667975661834,0.7269792251533872,0.8833361760175963,0.8896350822239625,0.20764667106084894,14.532616843220014,0.32459613431258183,0.37647058823365376,0,0,0,0,1,142.0292854309082
20160328_151752_1921_721,0.762722601534276,0.6592844974443663,0.9046585406573692,0.9334734727606036,0.16714562587705195,13.48319333940603,0.304118250944858,0.4020573108002909,1,1,0,0,0,130.44190406799316
20160328_151752_1_361,0.758043325490923,0.8876565295163594,0.6614588887700429,0.8336916041704774,0.1072052626168083,16.0,0.2191775828553877,0.35318468341297093,0,0,0,0,1,137.00032234191895
20160328_151752_1_721,0.4742177170549268,0.9999999999907064,0.31080300404300754,0.4229390681003585,0.010748243075606663,19.07856920824817,0.014719831558019774,0.2631253860399533,1,1,0,0,0,137.6028060913086
20160328_151752_641_361,0.796946491354622,0.7905876731959911,0.8034084288207402,0.8752392888412621,0.14736842105251224,14.0,0.26781064090910656,0.3619069188083321,1,1,0,0,0,138.99540901184082
20160328_152022_1281_721,0.906727610341236,0.9419018728564554,0.8740858602855255,0.9863842662632374,0.17152286657220978,10.0,0.30157133863244995,0.4314275692734345,0,0,0,0,0,117.94042587280273
20160328_152022_1921_1,0.816093758174637,0.8866530241008563,0.7559368033335698,0.7485658033198683,0.14563953488329756,102.44688250154977,0.2504045492203522,0.16528925619785925,0,0,0,0,1,137.39848136901855
20160328_152022_1921_361,0.7693540006925942,0.8629498324506517,0.6940744502165173,0.7771857764930976,0.1410523072181334,55.058114474415,0.23696817826027475,0.24480329840212608,0,0,0,0,1,135.4360580444336
20160328_152022_1921_721,0.864630811303161,0.9271749755611659,0.8099914602896584,1.0,0.1945491943774519,9.486832980505138,0.32925663856036513,0.3914414414405598,0,0,0,0,0,140.0001049041748
20160328_152022_1_1081,0.7193639394712904,0.8742052113191944,0.6111207948399763,0.8184826352660606,0.19013995713000864,16.741490708508394,0.30912296083764723,0.3591225535263902,0,0,0,0,1,138.4270191192627
20160328_152022_1_361,0.6829413515917193,0.9095955590764886,0.5467111534782013,0.6774193548387097,0.18012422360186292,15.231546211727817,0.30446279389780356,0.337602627256691,1,1,0,0,0,154.24060821533203
20160328_152022_1_721,0.7584756898812361,0.7785271108702745,0.7394312067630804,0.8303985389849481,0.19864231453014605,61.0,0.30475050186367186,0.3294057377040743,0,0,0,0,1,157.9427719116211
20160328_152022_641_361,0.8410113501115154,0.8455521830487709,0.8365190275447038,0.8779864163004395,0.1656282450673254,11.40175425099138,0.2678921512387353,0.3465918468388404,0,0,0,0,0,153.34177017211914
20160328_152022_641_721,0.8034202898548397,0.8785976924046668,0.7400939869695929,0.8921036359339438,0.16226338698232384,39.804508752554526,0.32240677720839145,0.34695795160870685,1,1,0,0,0,140.26117324829102
20160328_152305_1281_361,0.8883719543106713,0.9236589147281093,0.8556819487528118,0.8915960775585552,0.1539548022596152,17.039401475244805,0.26130469496912356,0.35329213722490244,0,0,0,0,0,146.84677124023438
20160328_152305_1281_721,0.7892818315531146,0.9281792885606315,0.6865439172271867,0.8055393017359079,0.1281853281851302,69.58977724151865,0.21501450158951277,0.23445963373712347,0,0,0,0,1,148.146390914917
20160328_152305_1921_361,0.8282343955529282,0.8720067905642994,0.788646464646146,0.7408991050233696,0.1154675289677776,79.25852642732593,0.1909137885425265,0.25452245414262553,0,0,0,0,0,143.74089241027832
20160328_152305_1921_721,0.9224432898235577,0.9226771453917336,0.9222095527676915,0.9907407407407407,0.151581243183966,43.06562346852937,0.26151609344852317,0.4542713567823978,0,0,0,0,0,146.683931350708
20160328_152305_1_361,0.7823712948515167,0.8613474900453889,0.7166612536533181,0.8032737193088816,0.21901161220612203,10.770329614269007,0.38520245755435056,0.45544768068990776,0,0,0,0,0,147.0010280609131
20160328_152305_641_361,0.7585507980742123,0.8822935084609899,0.665248857287541,0.8086627226762909,0.21578165112793435,35.04975459164196,0.3400809262041731,0.30962736569847227,0,0,0,0,0,157.77158737182617
20160328_152305_641_721,0.7950647865851765,0.8567761806977121,0.7416459296121838,0.8298097540754208,0.1672189879084933,72.84325589324045,0.25641391662954527,0.2621379897782558,0,0,0,0,1,156.97598457336426
20160328_152511_1281_361,0.7062122045075832,0.8232504486018671,0.6183095879855426,0.8322377793153974,0.1423819879747443,44.403827935348325,0.2682194464535395,0.3751228414988416,0,0,0,0,0,149.33371543884277
20160328_152511_1281_721,0.7836749306356541,0.824016563145447,0.7470989761079401,0.973561430793157,0.1737244897954752,13.0,0.38292036330534374,0.4030959752309502,0,0,0,0,0,137.4685764312744
20160328_152511_1921_361,0.7017770319690625,0.754463872697979,0.6559684684679408,0.7866591294516676,0.0685263023817749,21.143711544905088,0.15735566576122928,0.291509707330786,0,0,0,0,0,140.16008377075195
20160328_152511_1921_721,0.3746556473825642,0.2518518518515302,0.7311827956962137,0.2712384223762498,0.029325513196409275,105.33565375372523,0.04272653627692566,0.18873517786468016,0,0,1,1,0,131.93607330322266
20160328_152511_1_361,0.6678768684096141,0.8063042059117724,0.5700158227844343,0.8380245012008698,0.11997767857133292,12.041594578792296,0.1952286866657165,0.36331600739990894,0,0,0,0,0,138.68474960327148
20160328_152511_641_361,0.7843370477022711,0.9675650629384759,0.6594557608291702,0.9418207195146266,0.1968220830431491,24.166091947189145,0.35336987648594687,0.3699953117671167,0,0,0,0,0,146.5754508972168
20160328_152511_641_721,0.7705606322529747,0.8773903262042893,0.6869220607631575,0.6725348981950743,0.1214521452137198,88.04999999999998,0.19098094204123156,0.36063110443004787,0,0,0,0,0,140.3355598449707
20160328_152747_1281_361,0.7995044393967378,0.8168087081252072,0.7829181494655589,0.9044703579242188,0.24143767423313275,17.80476260072645,0.3894117433593174,0.4299406663617375,0,0,1,1,0,141.19791984558105
20160328_152747_1281_721,0.7243986254278937,0.8817624093648536,0.614696734056708,0.8348348348348348,0.12207943925162337,18.36164223471048,0.2099040969648383,0.32975363234156824,0,0,0,0,0,139.2049789428711
20160328_152747_1921_361,0.7830886813051126,0.7281033218652484,0.8470572797055003,0.9047991033522399,0.17887491502364133,16.024903099319424,0.30112118968838125,0.3454185893204591,0,0,0,0,0,139.94312286376953
20160328_152747_1_361,0.7690126751164238,0.8629175633939712,0.6935398962166702,0.8977612387586354,0.22250639386166493,11.0,0.4176416717269949,0.4352623547359604,0,0,0,0,0,147.86624908447266
20160328_152747_641_361,0.7676480541452563,0.8547098718908404,0.6966830466826187,0.9536717878251887,0.19937771227364334,10.295630140987,0.36070958021510896,0.44792482380535636,0,0,0,0,0,145.42293548583984
20160328_153548_1281_1081,0.7556131260761848,0.6927949326944356,0.8309591642846064,0.6347897774113768,0.12264150943251602,332.0222816519374,0.24613957350108412,0.18716577539606508,0,0,0,0,2,142.5034999847412
20160328_153548_1281_361,0.8742268041231298,0.8093596059103333,0.9503976861880689,0.9236111111111112,0.12471946136542252,33.109646661886735,0.2387405235543267,0.4854721549607417,0,0,1,1,0,156.46862983703613
20160328_153548_1281_721,0.8186609479498367,0.7926726261699188,0.8464111236374121,0.8544960931038174,0.18834831112476705,22.39073206055173,0.32490686435725397,0.42031954117122045,0,0,0,0,1,134.29617881774902
20160328_153548_1921_361,0.9046937391694022,0.8881656804727158,0.9218486104706572,0.9589905362776024,0.21090146750479896,12.083045973594572,0.34868723397137463,0.4353840553315057,0,0,0,0,0,151.62301063537598
20160328_153548_1921_721,0.899855765151475,0.8913104375590277,0.9085665334089613,0.9650752749743515,0.26092943201346996,7.0,0.4165028224665287,0.4565261657494267,1,1,0,0,0,145.8423137664795
20160328_153548_1_1,0.7832033779756021,0.7258715067700346,0.8503684536193675,0.9075691586885689,0.23358164226369243,45.93894029474638,0.39508247750917524,0.4144118884054193,0,0,0,0,0,143.965482711792
20160328_153548_1_1081,0.7390971690893977,0.7268972142168661,0.7517136329015027,0.8230763461245012,0.10828501963711222,29.02408791142439,0.18525917156656047,0.2566819547681032,0,0,0,0,0,145.660400390625
20160328_153548_641_1,0.7775179856108115,0.8340729307334863,0.7281455280432405,0.8441076119448052,0.17113133940137548,548.5179618532846,0.2867388896849054,0.37690776376782714,0,0,0,0,1,150.45738220214844
20160328_153548_641_1081,0.7149470899468929,0.7428702325044423,0.6890470625726712,0.8293714636924022,0.14470404984412405,18.013878188659973,0.26734626076188855,0.3273890288812489,0,0,0,0,0,139.22500610351562
20160328_153548_641_361,0.6595462695870744,0.7222127368947888,0.6068866571009944,0.762907896921289,0.17187719052268066,16.492422502470642,0.29170874519510426,0.3540760355582484,1,1,1,1,0,142.88640022277832
20160328_153548_641_721,0.7786874508773975,0.7433412529693989,0.8175629211932213,0.9424120336538773,0.17432010699939873,14.560219778561036,0.2917155573158062,0.3727454909813893,0,0,0,0,0,139.8458480834961
20160328_153604_1281_1,0.6879892037782132,0.8836886808790367,0.5632526792613376,0.7057751493033996,0.21720430107493519,32.922515537184495,0.38191431433054984,0.3429816370987504,0,0,0,0,1,152.94718742370605
20160328_153604_1281_361,0.7831587270209294,0.8194657841857821,0.7499323995453193,0.8401743018947988,0.15819567979655272,14.935096791196997,0.2689741765103523,0.33968556455414517,0,0,0,0,1,142.81892776489258
20160328_153604_1281_721,0.7413598866152773,0.8700102354137922,0.6458557588801077,0.9089192039650096,0.18119402985056596,22.47220505424423,0.31647455814669306,0.31677086760961193,0,0,0,0,0,153.68127822875977
20160328_153604_1921_361,0.745172108082818,0.7951628825264929,0.7010952346408202,0.8752690709029598,0.1644116823736452,12.206555615733702,0.2629576333856399,0.3707977922724902,0,0,0,0,0,137.3448371887207
20160328_153604_1921_721,0.8012777962160632,0.8633884666956965,0.7475036767545882,0.9671453631849671,0.17550428795727077,12.031195934094221,0.2930389254407799,0.39346323067191474,0,0,0,0,0,142.1527862548828
20160328_153604_1_1,0.821276426324473,0.8724412113002262,0.7757803685590253,0.9140722291407223,0.20206594028554964,13.421990292309983,0.3318844127417517,0.3908045977004688,0,0,0,0,0,151.74341201782227
20160328_153604_1_361,0.7609015910427368,0.841068229929294,0.694687289844859,0.812576307135664,0.14813658130319785,27.65863337187866,0.24300649331862464,0.34135166093885533,0,0,0,0,0,150.35343170166016
20160328_153604_641_1,0.7841047640547374,0.9177589851998754,0.6844304296407691,0.9346676100946798,0.17343546755286396,137.03041684732216,0.29960448099259884,0.33081570996928883,0,0,0,0,1,147.00627326965332
20160328_153604_641_1081,0.8530716141389107,0.8362401605181683,0.8705945366894104,0.9590697478460534,0.12312030075173505,12.465705202426179,0.21572238533396063,0.3425644916533715,0,0,0,0,0,145.29967308044434
20160328_153604_641_361,0.753346923034336,0.8418913926851115,0.6816550348949743,0.8788603924439062,0.18533106960938178,12.018717560456526,0.2950259913179591,0.4039250382044527,1,1,0,0,0,147.2792625427246
20160328_153604_641_721,0.782930042738911,0.8275253039869387,0.7428954750574808,0.8664282842815735,0.16636767066361402,22.0,0.2908610392788774,0.40457750549022703,0,0,1,1,0,155.4257869720459
20160328_153620_1281_1081,0.8608837970524443,0.8059244126632417,0.923887587818408,0.8915091232461629,0.2830750893904465,9.460407056280872,0.42991873737262964,0.4898477157298243,0,0,0,0,0,138.83161544799805
20160328_153620_1281_361,0.7960180490300047,0.7560975609754428,0.8403889598269226,0.8628765273451964,0.2521953259302829,21.195515934211926,0.3998388582578045,0.5309391228176619,0,0,0,0,0,150.6960391998291
20160328_153620_1281_721,0.8543915128020292,0.9549413964514275,0.7729991139985333,0.9309202071731765,0.26524987751086154,10.516242230440207,0.42828213590698233,0.5164510686160598,2,1,0,0,0,159.84416007995605
20160328_153620_1921_1081,0.9006323839399477,0.8841193455236919,0.9177740033960258,0.9849137931034483,0.35226652102612005,13.20921264621414,0.5514547640404014,0.5811859670891611,0,0,0,0,0,141.50285720825195
20160328_153620_1921_361,0.9122190782839119,0.9344661002828804,0.8910067028810029,0.9174522649320148,0.2953477443606709,32.0624390837628,0.49269719275200236,0.5221303756403451,1,1,0,0,0,134.05156135559082
20160328_153620_1_361,0.9321328568554119,0.9598559913336859,0.9059661995546684,0.9790138544546195,0.2898109149562776,19.09317183692744,0.43626999609669637,0.5488605178373119,1,1,0,0,0,159.52610969543457
20160328_153620_1_721,0.9609712376754167,0.9665628585461948,0.9554439403743431,0.9536512170723574,0.4687848383474427,9.153880729630693,0.70892767882938,0.6343467543086743,0,0,0,0,0,146.69370651245117
20160328_153620_641_361,0.8729416287557679,0.9527272727259403,0.805486579164236,0.9168244483055389,0.30959812719408975,10.019950248448355,0.5003587997249515,0.5464480874303957,0,0,0,0,0,143.22972297668457
20160328_153620_641_721,0.8808077866976332,0.8918628648441874,0.8700234192035684,0.931070915192768,0.2778964810533825,13.892443989449804,0.43838334801948864,0.5449043676845304,1,1,0,0,0,148.68831634521484
20160328_153629_1281_361,0.9690436705356721,0.9935388800714197,0.9457272334905634,0.9919269298762522,0.43614830071866045,4.3803378478474535,0.7041452595933904,0.6324110671895099,0,0,0,0,0,142.03763008117676
20160328_153629_1281_721,0.9055849104265193,0.9058328069063357,0.9053371495913354,0.9611155223727128,0.28197055282870453,11.507785231896237,0.47116057306576303,0.49246965930619613,0,0,0,0,0,149.04499053955078
20160328_153629_1921_361,0.9291632212979022,0.9152585683709984,0.9434968719127614,0.9669512245007127,0.3796641791041234,12.255383994069478,0.5906001208529057,0.5754004230876769,0,0,0,0,0,141.74604415893555
20160328_153629_1_361,0.9236339884129099,0.963073734083221,0.8872974300210381,0.9561175725697821,0.29332651121972564,9.0,0.4386010379291661,0.5431363424843711,1,1,0,0,0,137.98165321350098
20160328_153629_641_361,0.860696046907102,0.8957677165345513,0.8282672005816998,0.8516059145317663,0.22981366459586547,53.94180568597744,0.33386419960416625,0.4473438956187154,0,0,0,0,0,158.09321403503418
20160328_153629_641_721,0.9433443157499842,0.964641728317542,0.9229670000993908,0.981362552630244,0.373507500765003,9.071801070052949,0.594523815649782,0.5993346640045252,1,1,0,0,0,148.90289306640625
20160328_153829_1281_361,0.8846115288219285,0.953769185633256,0.8248050421961264,0.9524431694984787,0.31819671363685303,10.816653826391969,0.4613847936603261,0.5617738986845776,1,1,0,0,0,150.54845809936523
20160328_153829_1281_721,0.8041138483606742,0.8714359771879953,0.7464476021297815,0.9464503592570834,0.30230303030229744,13.0,0.4406989336709384,0.5451482479765999,1,1,0,0,0,136.5053653717041
20160328_153829_1921_1,0.830973412046511,0.9442174812120118,0.7419840672186033,0.9239255856888684,0.29056420757649914,8.94427190999916,0.4165251323409591,0.5441555097833778,1,1,0,0,0,129.90665435791016
20160328_153829_1921_361,0.8410182516800659,0.9505971769789615,0.7540913006013047,0.927548249341819,0.25213529210709895,11.142817827422233,0.36230327930127354,0.4947622884750413,0,0,0,0,0,140.89083671569824
20160328_153829_1_1,0.8310055511898733,0.9539661293133015,0.7361235854137165,0.9265161218359238,0.2888844988803576,12.083045973594572,0.4344386257270724,0.5296372751396862,1,1,0,0,0,133.85653495788574
20160328_153829_1_721,0.8698723173044893,0.8517090038557631,0.8888272033297865,0.8990320842914985,0.3258374326532541,10.295630140987,0.4701722311168039,0.5278184480214941,0,0,0,0,0,146.80862426757812
20160328_153829_641_1,0.8613897063236859,0.8657049734422587,0.8571172463243354,0.9145982312169866,0.24695740365086513,14.0,0.39148172057659836,0.49627865436067836,1,1,0,0,0,153.6412239074707
20160328_153829_641_1081,0.7607133351072926,0.9455748552507104,0.6363130357334561,0.8516199662268527,0.2286803966434345,107.94996528154395,0.3333879228102974,0.41550126368927465,1,1,0,0,1,130.97810745239258
20160328_153829_641_361,0.8685396727379632,0.9739648248151587,0.7837084911959173,0.9685196304269905,0.3035942346281635,16.0,0.46812503227394053,0.5789473684198716,0,0,0,0,0,153.98144721984863
20160328_153829_641_721,0.8286895559934772,0.9833617747398321,0.7160608884724571,0.9482193576578545,0.37086535248790226,7.531857301718061,0.5411869505418011,0.6149494949470103,1,1,0,0,2,138.5178565979004
20160329_103807_1081_1,0.2357388316143102,0.1886688668856509,0.31410256409968773,0.1876396128071482,0.02975106253776715,103.10079234256864,0.060033339594903874,0.17750677506654808,0,0,0,0,0,138.69905471801758
20160329_103807_361_1,0.7775344031234757,0.7042004485075452,0.8679175082380844,0.9615719651975114,0.06462402997047816,27.0,0.11500597523886966,0.27125243348416345,1,1,0,0,0,134.78374481201172
20160329_103807_361_1281,0.7196652719664096,0.6655380894798473,0.7833760318813039,0.7296127799467264,0.11247588424430065,60.20464924001437,0.185469237729753,0.3125422582823592,1,1,0,0,0,162.96863555908203
20160329_103807_361_1921,0.6478899320406926,0.5204069490717158,0.8580958453912503,0.7204236420355773,0.10589504923775402,130.61037713489,0.1851802602228065,0.2992962094081994,1,1,0,0,0,131.69026374816895
20160329_103807_361_641,0.7828940199294375,0.6791731439854042,0.9240046871871378,0.8847241322280346,0.09715828883563668,59.09694748689054,0.17843674266363907,0.2772669401608753,0,0,0,0,0,140.95282554626465
20160329_103807_721_1,0.6622331478844192,0.6037842683902214,0.7332110932840171,0.6335242539025125,0.127096957634227,31.953090617340916,0.20317477900967806,0.2670511534600463,0,0,0,0,0,146.9576358795166
20160329_103807_721_1281,0.6846927374286376,0.7337164750922716,0.641809803097437,0.8041825095057034,0.1704545454537033,95.55782262931235,0.25305384312936957,0.3748473748450864,0,0,0,0,0,137.78185844421387
20160330_165956_1281_721,0.6548061603820208,0.8653846153834006,0.5266529984618771,0.8743139211633048,0.35400037126382583,24.08318915758459,0.605580313945182,0.39238767902649363,1,1,0,0,0,142.57121086120605
20160330_165956_1921_721,0.7189246906596828,0.9009760705275489,0.5980771240457747,0.900583709430627,0.36606794220971683,13.0,0.5846774335057794,0.516521935265009,1,1,0,0,0,151.7493724822998
20160330_165956_1_1081,0.8279838128494772,0.8459447213402288,0.8107697318414822,0.918385718693637,0.4414610283721693,6.839512162874667,0.6192910851009509,0.5246428571419203,0,0,0,0,0,157.24587440490723
20160330_165956_1_721,0.6912910406227801,0.9293061529812431,0.5503378004202565,0.8807919079412292,0.3226671279077033,6.0,0.47957107031205415,0.5509974424546792,2,1,1,1,0,159.20162200927734
20160330_165956_641_721,0.8131915350731479,0.9280372686025156,0.7236401873618931,0.9564728514031763,0.429307073809351,6.082762530298219,0.6753702390950475,0.611759269954243,1,1,0,0,0,144.63114738464355
20160330_170359_1281_721,0.800707750733529,0.7000804950443478,0.9351186076201414,0.9440181875366449,0.10429297067007677,28.0178514522438,0.18967776035598907,0.3283315469804782,0,0,0,0,1,144.44351196289062
20160330_170359_1921_361,0.8604071908163147,0.8581303666896051,0.8626961289967627,0.9317084212399718,0.09798519028741522,22.561028345356956,0.19445021545965277,0.32174863387907815,0,0,0,0,0,148.79655838012695
20160330_170359_1921_721,0.8793206885410312,0.8106360348858496,0.9607220289411784,0.8334671608921435,0.1221892975420565,38.0,0.22255491599582206,0.3540419161663397,0,0,0,0,0,152.96459197998047
20160330_170359_1_721,0.851007016447341,0.8410207461888097,0.8612332902110504,0.9575571783896966,0.11078321901410848,17.099701601830507,0.20944222824318992,0.29553651938650183,0,0,0,0,0,145.16139030456543
20160330_170359_641_721,0.8579485256962629,0.8358635584066455,0.8812322116186568,0.9880239520958084,0.1386995911167011,14.38567068835308,0.23902313430580477,0.3702754644453936,0,0,0,0,0,146.27552032470703
20160330_172309_1281_361,0.8777248809816601,0.9137863571137163,0.8444015909354653,0.9813965208213487,0.49882807114228755,7.031980515339467,0.7680247334040257,0.6583732057403667,0,0,0,0,0,141.88170433044434
20160330_172309_1281_721,0.8726924352406367,0.9055940045115644,0.8420977777774783,0.9671165138202817,0.2574391988553237,12.35304075074103,0.42135842117220745,0.452256440053794,1,1,0,0,0,145.53189277648926
20160330_172309_1921_361,0.9034237025558781,0.969219518680382,0.8459931526717077,0.9627823465519917,0.2598517362460791,24.184705115124995,0.3935706314979659,0.37528990090580794,0,0,0,0,0,155.4086208343506
20160330_172309_1921_721,0.8831546910147193,0.9026237489851757,0.8645077720202774,0.9901585971758992,0.25487983752650917,10.873830624090791,0.41799983932460993,0.4603174603167148,0,0,0,0,0,144.21367645263672
20160330_172309_1_721,0.8848659211809563,0.8416025607925852,0.932818311873572,0.9856309763110881,0.33267716535400327,9.219544457292887,0.5524129711730319,0.5424430641811736,0,0,0,0,0,138.82112503051758
20160330_172309_641_361,0.7685071574626411,0.9947061937480429,0.626124625122872,0.8659003831417624,0.1494760066180393,19.235384061671343,0.257335860361973,0.43904856293142197,0,0,0,0,0,150.26521682739258
20160330_172309_641_721,0.8483289624099173,0.8158507404770045,0.8835002451148948,0.947849315948752,0.28362068965503656,9.899494936611665,0.4238278399582253,0.48813620720839684,0,0,0,0,0,137.68696784973145
20160402_150314_1281_1081,0.8314245529418698,0.9286355475721336,0.7526373226600487,0.9726443768996961,0.3673965936724761,6.6624419782393804,0.501240673373706,0.5499144323984603,0,0,0,0,0,142.8983211517334
20160402_150314_1281_361,0.8567530695763929,0.9717822683397564,0.7660734787589465,0.9631521342575702,0.357431340871653,9.170296661546235,0.509106369412273,0.5775585696656533,0,0,0,0,0,146.78168296813965
20160402_150314_1281_721,0.8514708825291769,0.8648670623620904,0.8384833674910621,0.978025155414197,0.3477062413857573,8.06225774829855,0.5227884486195042,0.5411691735144345,1,1,0,0,0,154.87098693847656
20160402_150314_1921_1,0.8536620461408923,0.8956320450876654,0.8154494639413401,0.9655038558496749,0.3492607924301014,7.092073022724832,0.5294228814901771,0.4972605327782028,0,0,0,0,0,137.79568672180176
20160402_150314_1921_361,0.8734483314511149,0.9637139807863262,0.7986438679221738,0.960057891226925,0.4501792114679205,7.0710678118654755,0.6455160123730725,0.6218487394927245,0,0,0,0,0,129.31323051452637
20160402_150314_1_361,0.8939289883935009,0.8710767583480991,0.9180125537763882,0.9634616377711739,0.2909008248358181,8.602325267042627,0.44011057352648725,0.45820820820763486,0,0,0,0,0,136.4603042602539
20160402_150314_1_721,0.7752670501228557,0.8189215579897808,0.7360312042898721,0.883655691717112,0.3323993358236484,46.070053884325134,0.5008452021144018,0.4220154043638928,0,0,0,0,0,157.37271308898926
20160402_150314_641_361,0.8610507477944132,0.8101022248937941,0.9188378120298475,0.9665738161559888,0.2897779409060566,8.54400374531753,0.49195957505332,0.49430523917807784,0,0,0,0,0,134.62471961975098
20160402_150314_641_721,0.8414126714081945,0.8061982010287889,0.8798439643343279,0.9327366801845896,0.36807658493681344,10.022444029504392,0.5612917893395458,0.540627802690098,0,0,0,0,0,147.67909049987793
20160402_151049_1281_721,0.9421900048789374,0.9560641638608777,0.9287127624489039,0.9714574007879003,0.28947123006594283,6.4031242374328485,0.4664682677380499,0.5313139582473307,0,0,0,0,0,130.8598518371582
20160402_151049_1921_1081,0.9320695102683042,0.927672955974331,0.9365079365074149,0.9401788022533654,0.3184186882294368,17.0145667545211,0.4832560825149965,0.447197274696664,0,0,0,0,0,149.52564239501953
20160402_151049_1921_721,0.9370294318957479,0.9333242432501894,0.9407641561293106,0.937447570046418,0.33352975839668014,30.576479327163963,0.5111723845981331,0.5233826023733381,0,0,0,0,0,142.61555671691895
20160402_151049_1_361,0.9064594877357101,0.9503940846668764,0.8664074074070864,0.9259358533047727,0.3265830922530323,48.71362347120515,0.5375542995434226,0.5272086362629134,1,1,0,0,0,149.7812271118164
20160402_151049_1_721,0.8606993736949737,0.940676515885608,0.793256048871618,0.9705510835913314,0.3347283302593738,6.4031242374328485,0.49703010557555616,0.5547564861169278,0,0,1,1,0,150.0096321105957
20160402_151049_641_361,0.8104059913267434,0.9898892633558504,0.6860193526837304,0.9028951115329853,0.1849103277663271,22.62225075958322,0.3280771690724051,0.40763546797778555,0,0,0,0,0,136.04474067687988
20160402_151049_641_721,0.9412199894991956,0.9580013602795964,0.9250164180502569,0.9838311483713492,0.30330377462112273,7.615773105863909,0.43949360201040616,0.5162684595983715,0,0,0,0,0,133.22854042053223
20160402_151054_1281_1081,0.9384897382731037,0.9309090909085359,0.9461948618510989,1.0,0.3630962485140671,6.324555320336759,0.5924519710764855,0.5024479804146192,0,0,0,0,0,154.54983711242676
20160402_151054_1281_361,0.9236183315996771,0.9903945111475294,0.8652779859120856,0.9954128440366972,0.44769403824270143,50.80354318352215,0.6645258888434434,0.5074780814826845,0,0,0,0,0,151.88980102539062
20160402_151054_1281_721,0.9548474639714399,0.9632759027611605,0.9465652395749,0.9898037008789403,0.37625153697490227,6.647187993486051,0.5674556494879693,0.5655042412810483,0,0,0,0,0,147.66812324523926
20160402_151054_1921_361,0.8682580056085344,0.9341800575391662,0.8110265001518057,0.9608484395440104,0.34097421203404704,8.48528137423857,0.5363163440988135,0.5386775593559628,1,1,0,0,0,139.39452171325684
20160402_151054_1_361,0.8861983162278986,0.8393494465776916,0.9385861511516674,0.950185055516655,0.21098972770247784,23.223887869869216,0.3468997435427608,0.4465298142713132,0,0,0,0,0,139.42408561706543
20160402_151054_1_721,0.02866894197942434,0.014542936288038287,0.9999999997619048,0.0,0.0,61.0,0.0,0.0,0,0,0,0,0,135.98060607910156
20160402_151054_641_361,0.9076217713010543,0.8759309559266836,0.9416917859825341,0.9427782888684454,0.2901325478638962,10.791175509724336,0.4612395116413447,0.4908522980790234,0,0,1,1,0,149.41811561584473
20160402_151054_641_721,0.9420644904983686,0.951790572179926,0.9325351743419852,0.9922600619195046,0.3265027322399911,7.0710678118654755,0.5066595165745424,0.5420168067215504,0,0,0,0,0,159.07573699951172
20160405_171348_1281_361,0.8107440568051536,0.999999999992384,0.6817237798510815,0.850828729281768,0.06046511627850731,120.76319770376348,0.10110127548755914,0.37256908904429303,0,0,0,0,1,142.43054389953613
20160405_171348_1281_721,0.8775650439913125,0.8745132790888922,0.8806381828012763,0.9523809523809523,0.20873219705797436,24.49022602244583,0.3364928942577056,0.3483955468234573,0,0,0,0,0,138.930082321167
20160405_171348_1921_721,0.8312740001566272,0.776676754856786,0.8941275639221989,0.7814761314508226,0.15057414495607446,77.1621668954417,0.27218865721008656,0.373957919809077,0,0,1,1,0,136.34967803955078
20160405_171348_1_721,0.744503935453534,0.6932408215777482,0.8039539592878601,0.737674308458799,0.15097513297260945,84.00714251974216,0.27050462879688686,0.3105263157892791,0,0,1,1,0,146.44551277160645
20160405_171348_641_721,0.8353624435361245,0.816339686098426,0.8552929085300676,0.9187768458003687,0.1710756009130045,25.450817626559026,0.28030492845965554,0.35273939971381346,0,0,0,0,0,148.56600761413574
20160407_163130_1281_721,0.8877411665381553,0.8219984365655851,0.9649141746729111,0.942072734758402,0.39800528514159234,14.317821063276353,0.5949801341263994,0.5190989226238607,0,0,0,0,0,139.82582092285156
20160407_163130_1921_721,0.8844579886806315,0.8122501199419946,0.9707568807333264,0.9859792219124294,0.356136643774999,6.082762530298219,0.5597351643212187,0.42151029748187296,0,0,0,0,0,154.01029586791992
20160407_163130_1_361,0.8055667607890167,0.7880820836590842,0.8238448844850502,0.8345294652784798,0.2037662964741489,308.07669433527803,0.37231839965240976,0.40885860306295696,0,0,0,0,2,157.5148105621338
20160407_163130_1_721,0.8435970266511019,0.7758017006609371,0.9243758691471263,0.9075499225545656,0.28683046220438024,17.217630467209627,0.4579170385663034,0.4405970149244963,1,1,0,0,0,142.96770095825195
20160407_163130_641_721,0.8735550956537093,0.8056421954281432,0.953971666390522,0.9788216205401923,0.29720097357415054,9.433981132056603,0.486149523111067,0.47874535699447224,0,0,1,1,0,130.34367561340332
20160407_163257_1281_1,0.882009483129871,0.9853778128001178,0.7982692580502211,0.9957203994293866,0.230440548106335,8.0,0.363026370724802,0.5029515938598365,1,1,0,0,0,158.80465507507324
20160407_163257_1281_361,0.8984391259101983,0.9480966325029662,0.8537244561629177,0.9518204584022326,0.41451327433579405,14.159569936771794,0.6014232819386152,0.5680529300558159,0,0,0,0,0,149.03688430786133
20160407_163257_1281_721,0.8792051100064732,0.8815826928538548,0.8768403170995515,0.9859154929577464,0.4051663128089081,5.0,0.5802674046384336,0.5618686868669133,0,0,0,0,0,142.1821117401123
20160407_163257_1921_1081,0.8110121220966766,0.9157321899721047,0.7277850589767657,0.9173948731359004,0.34398111722998587,7.0,0.46934930136931263,0.5119314705272039,1,1,0,0,0,139.18542861938477
20160407_163257_1921_721,0.8712194396961646,0.8916945543034809,0.8516635188132331,0.9959404600811907,0.4316714490666577,7.106076496631101,0.5990462185890697,0.5797765683168726,0,0,0,0,0,155.9584140777588
20160407_163257_1_1,0.8858670483724641,0.9312267657984322,0.8447209955834245,0.9661886369735936,0.4487601492204863,7.162090392256083,0.6614426438318098,0.6165131886988973,0,0,0,0,0,150.09641647338867
20160407_163257_641_361,0.8630538088605275,0.8983711402009609,0.8304082763709306,0.9955332696737522,0.4205420225662548,5.0,0.6777037854623712,0.601136538165257,1,1,0,0,0,148.8323211669922
20160407_165001_1281_1081,0.5487347703838263,0.9303495762687226,0.38912272928623265,0.6392155054487327,0.12705272255818367,151.64442709929173,0.18711376147221637,0.279215883387435,1,1,0,0,2,151.9005298614502
20160407_165001_1281_361,0.7926225820959691,0.8518936341653086,0.7410626664792226,0.9107063561778775,0.18503734226090005,15.652475842498529,0.29891721603605564,0.34862385321049333,0,0,0,0,0,175.7357120513916
20160407_165001_1281_721,0.8040749125326156,0.7326082880166274,0.8909920182419818,0.9441233140655105,0.25634792004252743,12.183240789735006,0.4278821128522407,0.44611819234967487,0,0,0,0,0,144.79446411132812
20160407_165001_1921_361,0.6390317052263934,0.7758127438211292,0.54325259515472,0.6399598771236913,0.21140939597256317,23.890839440205152,0.3760930869914246,0.28275504919657496,0,0,0,0,0,154.38151359558105
20160407_165001_1921_721,0.7090512290370382,0.9384311340818814,0.5697803212104764,0.9130045109086016,0.23919092465727823,13.0,0.3557148878995687,0.41327800829826516,1,1,0,0,0,149.21331405639648
20160407_165001_1_1081,0.6269884805260312,0.7628476084521405,0.5322054943341111,0.7742474019443514,0.2699218214233028,61.36111277589936,0.4626566059215345,0.41491458607027776,0,0,0,0,0,137.3457908630371
20160407_165001_1_721,0.8659677801466282,0.8239968440031424,0.9124438342480576,0.9669260376226736,0.3217139344979175,10.178235124466985,0.4999595872278113,0.5175017158536076,0,0,0,0,0,161.25893592834473
20160407_165001_641_1081,0.48110831234196333,0.8921064922891542,0.3293671322636155,0.6449475427940364,0.18005229734744108,146.20240804753035,0.30043427603332334,0.28540963213029075,1,1,0,0,0,149.7199535369873
20160407_165001_641_361,0.8829763674899924,0.8958146103473514,0.870500904496993,0.9984779299847794,0.3085801393724863,13.152946437965905,0.4983444327444416,0.5335258261139982,0,0,0,0,0,140.4101848602295
20160407_165001_641_721,0.5555793531793627,0.9205110007031903,0.39785276073497594,0.37503662467037796,0.08730873087269439,351.992751437028,0.13584859196119567,0.20844633862763098,0,0,0,0,3,171.7061996459961
IMG_2931_1297_485,0.8096514745296887,0.9024850581915619,0.7341351074699741,0.7998671153574044,0.23523622047166917,64.59999999999997,0.3985981880440612,0.46309574019205785,1,1,0,0,1,239.52627182006836
IMG_2931_1297_969,0.9107072476457584,0.9350719424452022,0.8875800256074369,0.9929742388758782,0.44839857651179066,8.94427190999916,0.7250482973049909,0.6265457543268208,0,0,0,0,0,246.0935115814209
IMG_2931_1945_485,0.879164993977616,0.9485446985430552,0.8192428550040113,0.9669117837580129,0.35661147108145763,7.0,0.5559878637606828,0.5615103532260612,1,1,0,0,0,232.18536376953125
IMG_2931_1945_969,0.8710185629146715,0.9090649127810851,0.8360289283355213,0.9712305988204845,0.3999250374805099,7.464724658401368,0.6558548825526773,0.595208693503099,0,0,0,0,0,244.45605278015137
IMG_2931_1_485,0.8985338485150854,0.9084390217793608,0.8888423477664333,0.9835458234314947,0.3775747972780524,9.219544457292887,0.5765969759969404,0.5616224648977994,0,0,0,0,0,232.27190971374512
IMG_2931_649_485,0.904763601382084,0.9571083974061834,0.8578474427397758,0.9747479032410772,0.43135698900302527,6.0,0.6378285077015029,0.6106004901951431,0,0,0,0,1,239.37106132507324
IMG_2931_649_969,0.706720493942753,0.9763779527494989,0.5537774469648167,0.7804878048780487,0.2829411764689239,358.6125384429476,0.4809542967718341,0.33134813210432407,0,0,0,0,1,242.5844669342041
IMG_2941_1297_485,0.8825301204815584,0.9747712780695177,0.8062371015815896,0.9623837539120514,0.3508251676117189,7.0,0.5355508279003955,0.573689109524397,0,0,0,0,0,241.3480281829834
IMG_2941_1297_969,0.786559694971176,0.9685054773063997,0.662163969505601,0.9011551136804962,0.26517150395734634,9.848857801796104,0.34863546154523667,0.5220667384274811,1,1,0,0,0,239.39061164855957
IMG_2941_1945_485,0.8958996749939608,0.965470883746575,0.8356810387060045,0.989590562109646,0.42170734023319556,5.656854249492381,0.6308689746507752,0.6200895077068372,0,0,0,0,0,243.41106414794922
IMG_2941_1_485,0.7535759550961854,0.8394513916885046,0.6836399474364592,0.7871232054247824,0.2455064495659854,13.038404810405298,0.3679870673811023,0.44467695526956663,0,0,0,0,0,241.99604988098145
IMG_2941_1_969,0.8871305138695375,0.9442400774434228,0.8365351629495398,0.9184219138402835,0.3903926234378489,18.33410895415141,0.6099510667552723,0.5657587548627125,1,1,0,0,1,237.9932403564453
IMG_2941_649_969,0.8991561972619917,0.9493941553805738,0.8539678016805428,0.976467114039286,0.45851982929066454,5.0990195135927845,0.7007299328040419,0.6609100877183924,0,0,0,0,0,243.9401149749756
IMG_2942_1297_485,0.5778821140786892,0.9333879893401652,0.41848924829956025,0.791044776119403,0.21607873493285845,63.3801564292627,0.41669627135600235,0.34577680958476503,1,1,0,0,0,221.53663635253906
IMG_2942_1945_485,0.5087319665903073,0.962643678157846,0.34571723426172946,0.7208413001912046,0.21889726672924256,89.11363786301904,0.3708011307955671,0.34424379232466784,1,1,0,0,1,232.2225570678711
IMG_2942_1_485,0.6846004459464254,0.9196135265682713,0.5452566452789352,0.8929958295282409,0.2839566929131063,9.369650129627498,0.45369558589082964,0.49740198393894963,1,1,1,1,1,217.99778938293457
IMG_2942_649_485,0.3418579571712048,0.9606060606019022,0.20792728635662674,0.5141520200867382,0.13234955038029472,104.73137929009745,0.2259618283714812,0.2029365005141654,1,1,0,0,0,210.09492874145508
