image_id,cohort,n_pairs,n_neck_pixels,n_crack_pixels,n_bg_pixels,stem_R_norm,stem_sep_margin,stem_C_neck_crack,stem_E_neck,stem_E_crack,stem_E_bg,stage0_block0_R_norm,stage0_block0_sep_margin,stage0_block0_C_neck_crack,stage0_block0_E_neck,stage0_block0_E_crack,stage0_block0_E_bg,stage0_block1_R_norm,stage0_block1_sep_margin,stage0_block1_C_neck_crack,stage0_block1_E_neck,stage0_block1_E_crack,stage0_block1_E_bg,stage0_post_sage_R_norm,stage0_post_sage_sep_margin,stage0_post_sage_C_neck_crack,stage0_post_sage_E_neck,stage0_post_sage_E_crack,stage0_post_sage_E_bg,delta_R_block0,delta_R_block1,delta_R_SAGE0,emergence_stage_50,emergence_stage_70
20160222_080850_1281_721,Consensus_7of7,1,21,1974,153,1.0884556564543184,0.00899662185754313,0.9910033781424569,3.764232873916626,3.7984046936035156,4.184720516204834,1.1340446522626493,-0.023731398723286556,1.0237313987232866,5.774100303649902,5.6402482986450195,4.641685485839844,1.7634025016437584,-0.0629118902537853,1.0629118902537853,12.571552276611328,11.827463150024414,10.852762222290039,1.767215317105222,-0.06314924292903501,1.063149242929035,12.598336219787598,11.850015640258789,10.874643325805664,0.04558899580833087,0.6293578493811092,0.0038128154614636145,stem,stem
20160222_080850_641_361,Consensus_7of7,3,198,16294,370,1.0252766996473084,0.0011440477037272245,0.9988559522962728,3.802096366882324,3.806450128555298,3.978694200515747,0.8469960868927467,0.016714985889913825,0.9832850141100862,5.442340850830078,5.534854888916016,4.930203437805176,1.2772427370437374,-0.014270744404431657,1.0142707444044317,12.007790565490723,11.83884048461914,11.229446411132812,1.2938447306851126,-0.014854181612686146,1.0148541816126861,12.045533180236816,11.869224548339844,11.269218444824219,-0.17828061275456164,0.4302466501509906,0.016601993641375268,stem,stem
20160222_115224_1281_1,Consensus_7of7,18,558,3473,16704,0.5315109906280452,0.03668098821647936,0.9633190117835206,3.588209390640259,3.724839210510254,3.433199882507324,0.3428564125228121,-0.09485501758360604,1.094855017583606,5.376746654510498,4.910920143127441,5.619785785675049,0.33386224972961226,-0.09100250040415281,1.0910025004041528,11.774036407470703,10.79194164276123,12.266253471374512,0.33294705950671577,-0.0907418903596704,1.0907418903596704,11.785256385803223,10.80480670928955,12.274629592895508,-0.18865457810523306,-0.008994162793199867,-0.0009151902228964892,stem,None
20160222_115224_1281_361,Consensus_7of7,1,18,515,106,1.3592436685219338,-0.02534857030179838,1.0253485703017984,3.770270347595215,3.677061080932617,3.4176013469696045,1.7493890586198029,0.07687353568306643,0.9231264643169336,4.772575378417969,5.170011520385742,5.7003583908081055,2.17565317019449,0.14825627572092637,0.8517437242790736,9.568747520446777,11.234302520751953,12.651008605957031,2.177103172494152,0.14828859438061093,0.8517114056193891,9.583958625793457,11.252588272094727,12.670161247253418,0.3901453900978691,0.42626411157468724,0.0014500022996619677,stem,stem
20160222_115224_1281_721,Consensus_7of7,1,30,1108,564,1.5931898120902732,-0.02733763155394886,1.0273376315539489,3.883319854736328,3.7799830436706543,3.6057777404785156,1.7085424216517873,0.06753466598441016,0.9324653340155898,4.818183422088623,5.167143821716309,5.659648418426514,1.3113997404895499,0.03342800272567892,0.9665719972743211,10.734189987182617,11.10542106628418,12.297557830810547,1.308405188296853,0.033023325391271174,0.9669766746087288,10.75112247467041,11.118284225463867,12.308801651000977,0.11535260956151405,-0.3971426811622374,-0.002994552192696842,stem,stem
20160222_115224_641_1,Consensus_7of7,1,97,2863,484,0.406622791619899,0.03862034638905132,0.9613796536109487,3.561163902282715,3.704221248626709,3.4631311893463135,0.6143624341989115,-0.03878219137841654,1.0387821913784165,5.189148902893066,4.995414733886719,5.497788429260254,0.17151140045381455,-0.0906247890457017,1.0906247890457017,11.909408569335938,10.91980266571045,12.114274024963379,0.17078665235585677,-0.0899294128928001,1.0899294128928,11.921154975891113,10.937546730041504,12.123741149902344,0.20773964257901245,-0.44285103374509693,-0.0007247480979577781,stage0_block0,None
20160222_115224_641_361,Consensus_7of7,1,21,3090,248,0.9921011535488697,0.0010950886281846373,0.9989049113718154,3.8124284744262695,3.8166069984436035,3.287602663040161,0.2691546501519505,-0.08635552274708691,1.086355522747087,5.451564788818359,5.018213272094727,5.611158847808838,0.30304424855534423,-0.09009612696586955,1.0900961269658695,11.865457534790039,10.884779930114746,12.29186725616455,0.2986520481349784,-0.0910798275321334,1.0910798275321334,11.893147468566895,10.900344848632812,12.315908432006836,-0.7229465033969192,0.03388959840339373,-0.0043922004203658105,stem,stem
20160222_115837_1281_1081,Consensus_7of7,6,141,2563,2189,0.7676514949721538,0.03505762571009918,0.9649423742899008,3.612020254135132,3.743248701095581,3.178457260131836,0.9724623791360456,-0.00728042534403972,1.0072804253440397,4.522746562957764,4.490056037902832,5.677178382873535,0.8105976283932763,-0.04758255980208492,1.047582559802085,10.314693450927734,9.846185684204102,12.319796562194824,0.8119776092569437,-0.04699334998598359,1.0469933499859836,10.332758903503418,9.86898136138916,12.335589408874512,0.20481088416389182,-0.1618647507427693,0.0013799808636674182,stem,stem
20160222_164851_1281_1081,Consensus_7of7,1,46,6288,516,3.1259405614555034,-0.019439374811482724,1.0194393748114827,3.228734254837036,3.167165517807007,3.13820481300354,-0.20529246590136815,-0.08589456688471886,1.0858945668847189,5.516690254211426,5.080317497253418,5.442364692687988,-0.698618142676116,-0.07099557179228055,1.0709955717922806,12.168584823608398,11.361936569213867,11.836821556091309,-0.7086462740652266,-0.07072740226332219,1.0707274022633222,12.185503959655762,11.380583763122559,11.851670265197754,-3.3312330273568715,-0.4933256767747478,-0.010028131389110628,stem,stem
20160222_164851_641_361,Consensus_7of7,10,211,2383,3515,1.329935719902577,-0.02459102087653431,1.0245910208765343,3.5135326385498047,3.429203987121582,3.1736128330230713,1.269708100529183,0.02766278183666382,0.9723372181633362,4.926429271697998,5.06658411026001,5.586237907409668,1.218571686420793,0.015288453198411989,0.984711546801588,11.157557487487793,11.33078670501709,12.123337745666504,1.2152372240810727,0.015039667601126183,0.9849603323988738,11.16936206817627,11.339909553527832,12.132279396057129,-0.06022761937339394,-0.051136414108390094,-0.0033344623397202344,stem,stem
20160222_165225_1921_721,Consensus_7of7,1,62,6489,224,0.38777374693711975,0.04842946008257021,0.9515705399174298,3.3370535373687744,3.5068893432617188,3.229482412338257,0.5214956057752668,-0.02973154898665542,1.0297315489866554,5.035415172576904,4.890026092529297,5.193866729736328,-0.02427412454240734,-0.04096229762154513,1.0409622976215451,11.5752534866333,11.11976146697998,11.564458847045898,-0.01961380832967539,-0.040170416315099544,1.0401704163150995,11.58687686920166,11.13940143585205,11.578269004821777,0.13372185883814702,-0.5457697303176741,0.004660316212731948,stage0_block0,None
20160222_165402_1281_361,Consensus_7of7,1,36,8779,267,0.640052382651592,0.06417216484900123,0.9358278351509988,3.198592185974121,3.4179270267486572,2.808574914932251,0.2211134070683172,-0.1566561471761787,1.1566561471761787,5.601568222045898,4.842897415161133,5.8169426918029785,0.2653482399216351,-0.09194217809930838,1.0919421780993084,12.087577819824219,11.069795608520508,12.45518970489502,0.26241825422333065,-0.09196026996920614,1.0919602699692061,12.110471725463867,11.090578079223633,12.473331451416016,-0.41893897558327486,0.04423483285331789,-0.002929985698304438,stem,None
20160222_165926_1281_361,Consensus_7of7,1,44,1312,701,0.252138967367728,0.11759301111549292,0.8824069888845071,3.0380232334136963,3.4428811073303223,2.901526689529419,0.3691781492013572,-0.10163359559819862,1.1016335955981986,5.032258987426758,4.567996025085449,5.303961277008057,0.2900076317195919,-0.08337410932649081,1.0833741093264908,11.540169715881348,10.65206241607666,11.902931213378906,0.28803391257199407,-0.08394276573862314,1.0839427657386231,11.561736106872559,10.666370391845703,11.923966407775879,0.11703918183362921,-0.07917051748176535,-0.0019737191475978078,None,None
20160222_165926_1921_721,Consensus_7of7,6,153,4885,6409,0.7618989355193931,0.02499517208218127,0.9750048279178187,3.2938976287841797,3.3783388137817383,3.0236945152282715,0.5906083364758706,-0.058223993376405714,1.0582239933764057,5.033559799194336,4.756609916687012,5.433101177215576,0.5486600870327067,-0.04633658231605198,1.046336582316052,11.393396377563477,10.888843536376953,12.006743431091309,0.5468955843304824,-0.046444180557195125,1.0464441805571951,11.410715103149414,10.904273986816406,12.021987915039062,-0.1712905990435225,-0.04194824944316389,-0.0017645027022243909,stem,stem
20160222_165926_1_721,Consensus_7of7,1,55,1535,530,0.20398467582390198,0.10768786914022999,0.89231213085977,2.9029388427734375,3.2532763481140137,2.813162326812744,0.4169501655020228,-0.07234321803695587,1.0723432180369559,5.019930362701416,4.681271076202393,5.262112140655518,0.3775871495718582,-0.04952978720147039,1.0495297872014704,11.410316467285156,10.871835708618164,11.73698616027832,0.3741904791135938,-0.05001330251158986,1.0500133025115899,11.430708885192871,10.886250495910645,11.756257057189941,0.21296548967812082,-0.03936301593016461,-0.0033966704582643614,None,None
20160222_165926_641_361,Consensus_7of7,1,44,3097,534,0.16577316398210498,0.12726924387577976,0.8727307561242202,2.8038580417633057,3.212740182876587,2.722607135772705,0.31802563512222637,-0.11003053959562359,1.1100305395956236,5.257962226867676,4.736771583557129,5.501009464263916,0.22433050370611302,-0.07742208101330839,1.0774220810133084,11.836986541748047,10.986395835876465,12.082984924316406,0.22466205701831674,-0.07664992877037413,1.0766499287703741,11.846939086914062,11.003519058227539,12.091328620910645,0.1522524711401214,-0.09369513141611335,0.00033155331220371953,None,None
20160302_155857_641_721,Consensus_7of7,3,227,11505,2003,0.7396359557786331,-0.018124125148086145,1.0181241251480861,3.8613455295562744,3.792606830596924,4.05661678314209,0.11373888340565974,0.07035523436723146,0.9296447656327685,5.346583843231201,5.751210689544678,5.294655799865723,-0.4211784813350972,0.04131244025057468,0.9586875597494253,11.482966423034668,11.977797508239746,11.629613876342773,-0.4005373310765428,0.04141537919180416,0.9585846208081958,11.506745338439941,12.003890037536621,11.64892292022705,-0.6258970723729733,-0.534917364740757,0.020641150258554397,stem,stem
20160307_144202_1281_361,Consensus_7of7,10,488,4173,3248,3.888927445155829,-0.04883236564404725,1.0488323656440472,3.879507064819336,3.698880910873413,3.636357307434082,4.3378611245284,0.044692000960148026,0.955307999039852,5.212165355682373,5.4560041427612305,5.529056549072266,0.7657384755906719,-0.012100099969764688,1.0121000999697647,11.702280044555664,11.562373161315918,12.159598350524902,0.77319054878785,-0.011599034085342241,1.0115990340853422,11.718023300170898,11.583662986755371,12.176055908203125,0.44893367937257134,-3.5721226489377282,0.007452073197178111,stem,stem
20160307_144202_1281_721,Consensus_7of7,10,496,3148,4019,1.8808532486930545,-0.02990860197553391,1.029908601975534,3.8733160495758057,3.760833740234375,3.633136749267578,1.4081622238055702,0.01827579944514446,0.9817242005548555,5.326453685760498,5.425610065460205,5.668543815612793,0.5457476201611456,-0.05162182618513733,1.0516218261851373,11.661685943603516,11.089238166809082,12.349435806274414,0.5492612340566918,-0.051385231479719407,1.0513852314797194,11.673757553100586,11.103215217590332,12.369009017944336,-0.47269102488748427,-0.8624146036444246,0.0035136138955461638,stem,stem
20160307_144202_1921_361,Consensus_7of7,3,245,11832,992,1.2207233243010593,-0.016235658717097312,1.0162356587170973,3.726999521255493,3.667454957962036,3.3976848125457764,0.9583044943843165,-0.0035844894762535606,1.0035844894762536,5.452588081359863,5.433112144470215,5.900211334228516,0.5734118955048888,-0.04288692710049746,1.0428869271004975,11.905646324157715,11.416046142578125,12.56375789642334,0.572854458203015,-0.04263598475909802,1.042635984759098,11.921600341796875,11.43409538269043,12.575404167175293,-0.2624188299167428,-0.3848925988794277,-0.0005574373018738532,stem,stem
20160307_144202_1_361,Consensus_7of7,15,578,15457,13961,0.8993694522855855,0.003753950004733664,0.9962460499952663,3.7152745723724365,3.7292730808258057,3.590165138244629,6.452191971278225,0.027068273013784117,0.9729317269862159,5.309759616851807,5.457483291625977,5.484577655792236,0.900750526537676,-0.004635786976083356,1.0046357869760834,11.5797119140625,11.526277542114258,12.064661979675293,0.8993741441647314,-0.00468839253906328,1.0046883925390633,11.608561515808105,11.554388999938965,12.092744827270508,5.55282251899264,-5.551441444740549,-0.0013763823729445734,stem,stem
20160307_144202_641_361,Consensus_7of7,45,1588,11010,23596,1.724807313670588,-0.018430602662877327,1.0184306026628773,3.8604230880737305,3.790559768676758,3.6941709518432617,34.217135937026946,0.04844168063072152,0.9515583193692785,5.138409614562988,5.399993419647217,5.407868385314941,0.894144983577535,-0.0045330984402987,1.0045330984402987,11.524027824401855,11.472023010253906,11.963306427001953,0.8962662034992689,-0.004386973611310463,1.0043869736113105,11.540425300598145,11.490017890930176,11.975948333740234,32.49232862335636,-33.32299095344941,0.0021212199217338634,stem,stem
20160307_145059_1281_361,Consensus_7of7,3,120,14028,1325,0.22248697408890178,0.044006309826188694,0.9559936901738113,3.3767940998077393,3.532233715057373,3.3323147296905518,0.6341659038133923,-0.04514646562437141,1.0451464656243714,5.236416816711426,5.0102219581604,5.628520965576172,0.5540065419858249,-0.06503081451624526,1.0650308145162453,11.491144180297852,10.789493560791016,12.362724304199219,0.5552042763113896,-0.06455817678676157,1.0645581767867616,11.504998207092285,10.807297706604004,12.375884056091309,0.41167892972449055,-0.08015936182756744,0.0011977343255646922,stage0_block0,None
20160307_145059_1921_1081,Consensus_7of7,1,51,3388,500,-0.17073160627649087,0.1349652251061989,0.8650347748938011,3.0229320526123047,3.494577646255493,3.0917136669158936,0.257387388526684,-0.127754782144327,1.127754782144327,5.437911033630371,4.821890354156494,5.651422023773193,0.17278560565752982,-0.09827726507949541,1.0982772650794954,12.162185668945312,11.073874473571777,12.389508247375488,0.1769771609760581,-0.10004777897214456,1.1000477789721446,12.20697021484375,11.096762657165527,12.445701599121094,0.4281189948031749,-0.08460178286915421,0.004191555318528273,None,None
20160307_145059_1921_721,Consensus_7of7,1,15,3228,218,1.012126180021603,-0.0010395941142078424,1.0010395941142078,3.4835500717163086,3.479931354522705,3.181509494781494,1.6084194921305108,0.08238379157068831,0.9176162084293117,4.390008926391602,4.784143924713135,5.431945323944092,3.3472943664511425,0.19915972998314335,0.8008402700168566,8.836151123046875,11.033598899841309,11.96976089477539,3.289195729904149,0.19919501249739924,0.8008049875026008,8.856257438659668,11.059192657470703,12.02151107788086,0.5962933121089078,1.7388748743206317,-0.05809863654699354,stem,stem
20160307_145059_641_721,Consensus_7of7,1,44,11276,552,0.23429903498849025,0.053476815020207846,0.9465231849797922,3.433429002761841,3.627410411834717,3.3740720748901367,0.8416915125324558,-0.011804546154180029,1.01180454615418,5.041131973266602,4.982316970825195,5.3538384437561035,0.30814760962528337,-0.08917347096457329,1.0891734709645733,11.750123023986816,10.788108825683594,12.17859935760498,0.31211451582883537,-0.0896206374603512,1.0896206374603512,11.784683227539062,10.815399169921875,12.22447681427002,0.6073924775439655,-0.5335439029071725,0.003966906203552001,stage0_block0,stage0_block0
20160310_114505_1281_1,Consensus_7of7,6,265,1836,3840,0.4460560940341031,0.06938790070889889,0.9306120992911011,3.093003988265991,3.323622226715088,2.907301664352417,0.523504613806301,-0.09810210387965501,1.098102103879655,5.062221050262451,4.60997200012207,5.55908727645874,0.39305097549672247,-0.08022005065244664,1.0802200506524466,11.63846206665039,10.774157524108887,12.198172569274902,0.393644190836344,-0.0793673798900223,1.0793673798900223,11.645695686340332,10.7893705368042,12.201619148254395,0.07744851977219785,-0.1304536383095785,0.0005932153396215334,stage0_block0,None
20160310_114505_641_1,Consensus_7of7,6,240,4261,4176,0.43160060213337614,0.06255601333130767,0.9374439866686923,3.1352736949920654,3.3444907665252686,2.976409673690796,0.44603740929410113,-0.10777105872061044,1.1077710587206104,5.283691883087158,4.769659519195557,5.697578430175781,0.20499264414290289,-0.1060228428764185,1.1060228428764185,12.026471138000488,10.873618125915527,12.323734283447266,0.2073280722277094,-0.10518561474082544,1.1051856147408254,12.038469314575195,10.892711639404297,12.338149070739746,0.014436807160724985,-0.24104476515119824,0.0023354280848065234,None,None
20160310_114505_641_1081,Consensus_7of7,3,156,4203,2347,0.9337148968905042,0.007568917183997326,0.9924310828160027,3.464193105697632,3.490612268447876,3.09204363822937,1.0993492752131298,0.011965737086318429,0.9880342629136816,4.978058338165283,5.038344860076904,5.645158767700195,0.7056939487838415,-0.032258450809330874,1.0322584508093309,11.463427543640137,11.10519027709961,12.322417259216309,0.7060755492484468,-0.0318693014682232,1.0318693014682232,11.4735107421875,11.119150161743164,12.32476806640625,0.1656343783226255,-0.39365532642928824,0.00038160046460533614,stem,stem
20160310_114505_641_361,Consensus_7of7,10,394,4244,5875,0.6709923947144943,0.03875763758123696,0.961242362418763,3.3057706356048584,3.4390594959259033,3.033935546875,0.5396194578273129,-0.06566850936399393,1.065668509363994,5.295081615447998,4.968787670135498,5.6775360107421875,0.27216124880894543,-0.06869745347141931,1.0686974534714193,12.023822784423828,11.2509126663208,12.312837600708008,0.27198300134533454,-0.0680780842236699,1.06807808422367,12.031651496887207,11.264766693115234,12.318155288696289,-0.13137293688718144,-0.2674582090183675,-0.00017824746361089217,stem,None
20160310_114505_641_721,Consensus_7of7,6,341,4357,3855,0.651037229192129,0.017361483522375987,0.982638516477624,3.4599552154541016,3.521085500717163,3.3459084033966064,0.8933107618842594,-0.008091026990893813,1.0080910269908938,5.18193244934082,5.140340805053711,5.530179977416992,0.565851199753955,-0.03895016365627724,1.0389501636562772,11.634390830993652,11.198217391967773,12.202880859375,0.5687914301165059,-0.038389435704424324,1.0383894357044243,11.642148971557617,11.211735725402832,12.209891319274902,0.24227353269213037,-0.32745956213030436,0.0029402303625508663,stem,stage0_block0
20160316_142539_1281_721,Consensus_7of7,1,45,9147,163,0.9966133407936512,0.00018191825957236674,0.9998180817404276,3.463489532470703,3.464118719100952,3.278334856033325,0.44288234244828656,-0.03630845373453684,1.0363084537345368,5.738334655761719,5.537283420562744,5.898160934448242,6.08989582667604,-0.06337981802481063,1.0633798180248106,12.74315357208252,11.98363208770752,11.834410667419434,5.673124103682458,-0.06266950046862996,1.06266950046863,12.752117156982422,12.000077247619629,11.83914852142334,-0.5537309983453647,5.647013484227753,-0.4167717229935821,stem,stem
20160316_142539_1921_361,Consensus_7of7,11,632,11450,1479,0.1740983917231087,0.05791781308778654,0.9420821869122135,3.244995594024658,3.4444921016693115,3.202942132949829,0.007649970071681972,-0.06228551203304855,1.0622855120330486,5.527890205383301,5.203769683837891,5.530388832092285,-0.031814609800988505,-0.04959168484046539,1.0495916848404654,12.084846496582031,11.513854026794434,12.067240715026855,-0.03159180059081129,-0.04934453858696042,1.0493445385869604,12.096376419067383,11.52755355834961,12.078956604003906,-0.16644842165142673,-0.03946457987267048,0.00022280921017721333,None,None
20160316_142539_1_721,Consensus_7of7,7,171,12863,1419,1.9598757406282228,-0.05088230325699317,1.0508823032569932,3.7261440753936768,3.5457282066345215,3.3577706813812256,0.58308008391542,-0.03646940717869729,1.0364694071786973,5.47524881362915,5.282594680786133,5.744683742523193,0.496229130097563,-0.03237213660223248,1.0323721366022325,12.01046371459961,11.63385009765625,12.381439208984375,0.49509440026938706,-0.03238588082649718,1.0323858808264972,12.034072875976562,11.656563758850098,12.40424633026123,-1.3767956567128028,-0.08685095381785701,-0.0011347298281759177,stem,stem
20160316_142539_641_721,Consensus_7of7,4,92,12774,1423,-0.20035834684038548,-0.015399567734929898,1.01539956773493,3.6439642906188965,3.5886988639831543,3.634739637374878,-3.670400233016907,-0.031215792245730345,1.0312157922457303,5.556765079498291,5.388556003570557,5.424571990966797,-0.6467836759215552,-0.024746231383691253,1.0247462313836913,12.123952865600586,11.831174850463867,12.008962631225586,-0.6448277157376751,-0.024670868980439575,1.0246708689804396,12.140764236450195,11.848451614379883,12.026167869567871,-3.4700418861765217,3.0236165570953517,0.001955960183880112,None,None
20160316_143445_1281_1081,Consensus_7of7,1,74,3774,180,1.1553218189167274,-0.012740879186842413,1.0127408791868424,3.6192779541015625,3.573744297027588,3.2805874347686768,1.100434368247398,0.013859750080840172,0.9861402499191598,5.416852951049805,5.492983341217041,6.250994682312012,1.0377820488179896,0.004776271707640056,0.9952237282923599,11.719257354736328,11.77549934387207,13.264089584350586,1.040788878169817,0.0051520227463867085,0.9948479772536133,11.73387622833252,11.794641494750977,13.284392356872559,-0.05488745066932932,-0.06265231942940841,0.003006829351827278,stem,stem
20160316_143445_1281_361,Consensus_7of7,1,38,12391,477,-1.351345572944972,-0.13724288587277056,1.1372428858727706,3.8892176151275635,3.4198644161224365,3.6194748878479004,0.20280935114690332,0.028056732969563125,0.9719432670304369,5.389583110809326,5.545161247253418,5.350003242492676,11.00366798282521,0.03705201157398541,0.9629479884260146,11.491401672363281,11.933563232421875,11.977763175964355,12.349873945505673,0.037359221249928076,0.9626407787500719,11.505448341369629,11.951963424682617,11.991304397583008,1.5541549240918753,10.800858631678306,1.3462059626804628,stage0_block1,stage0_block1
20160316_143445_1921_1081,Consensus_7of7,1,81,8729,209,10.371881603011417,0.03443470054043818,0.9655652994595618,3.5286664962768555,3.6545073986053467,3.6679348945617676,2.0863838008786035,0.04483110094944864,0.9551688990505514,5.1127824783325195,5.3527512550354,5.573638916015625,1.2495561518804608,0.010445684771575925,0.9895543152284241,11.619872093200684,11.74252986907959,12.234033584594727,1.2701244584264701,0.011110933030729297,0.9888890669692707,11.631738662719727,11.762429237365723,12.246245384216309,-8.285497802132813,-0.8368276489981428,0.020568306546009385,stem,stem
20160316_143527_1281_361,Consensus_7of7,1,27,2354,77,9.082069490235861,-0.02153721039527845,1.0215372103952784,3.60369873046875,3.5277204513549805,3.518319606781006,0.8731589892921321,-0.005054545626250073,1.00505454562625,5.36055326461792,5.333593368530273,5.546142101287842,-0.3070142737828187,-0.08373510436755827,1.0837351043675583,12.419800758361816,11.460180282592773,12.194388389587402,-0.30418376375744466,-0.08376078859960234,1.0837607885996023,12.440299034118652,11.478822708129883,12.216047286987305,-8.208910500943729,-1.1801732630749509,0.0028305100253740445,stem,stem
20160316_143527_1281_721,Consensus_7of7,6,294,20068,3297,-0.5476119836606977,0.09683047372300158,0.9031695262769984,3.352440118789673,3.711860418319702,3.479618549346924,0.05388319221659646,-0.09550408080326989,1.0955040808032699,5.838087558746338,5.329132556915283,5.8670735359191895,0.1915904148145186,-0.059840969068097216,1.0598409690680972,12.2931489944458,11.59904956817627,12.457648277282715,0.1878214824336095,-0.05984596852686952,1.0598459685268695,12.315031051635742,11.619641304016113,12.475844383239746,0.6014951758772942,0.13770722259792215,-0.0037689323809091124,None,None
20160316_143527_1_361,Consensus_7of7,1,47,2660,466,0.43468384082624945,0.05421250196374672,0.9457874980362533,3.5835318565368652,3.7889387607574463,3.4255900382995605,0.4965341832760025,-0.06968009296678002,1.06968009296678,5.180135250091553,4.8426947593688965,5.512929916381836,0.45475592749497457,-0.06866898590438031,1.0686689859043803,11.646328926086426,10.897974967956543,12.270486831665039,0.4526123764238666,-0.06901435790003507,1.069014357900035,11.670985221862793,10.917518615722656,12.29399585723877,0.06185034244975307,-0.04177825578102795,-0.002143551071107974,None,None
20160316_143527_641_361,Consensus_7of7,4,102,14737,3057,3.6291084207631408,-0.02939544761098878,1.0293954476109888,3.751338243484497,3.644213914871216,3.603468418121338,2.0337275202634246,0.03503635499483415,0.9649636450051658,5.145397186279297,5.332217693328857,5.512942790985107,1.1682669144750704,0.008444400964715992,0.991555599035284,11.537625312805176,11.635882377624512,12.219818115234375,1.17012041628787,0.00848464132202953,0.9915153586779705,11.553653717041016,11.652520179748535,12.233675956726074,-1.5953809004997161,-0.8654606057883543,0.0018535018127996405,stem,stem
20160318_181632_1281_361,Consensus_7of7,15,230,37599,7339,0.7574822183285722,-0.01630928505810325,1.0163092850581033,3.2881033420562744,3.2353363037109375,3.452916383743286,0.3205428772096428,0.01721991221361563,0.9827800877863844,5.607841491699219,5.706099033355713,5.561487197875977,-2.5570116113619195,0.015700684108144514,0.9842993158918555,12.106386184692383,12.299495697021484,12.245205879211426,-2.2736746288332967,0.016149063752105453,0.9838509362478945,12.119421005249023,12.318349838256836,12.257583618164062,-0.4369393411189294,-2.8775544885715623,0.2833369825286227,stem,stem
20160318_181632_1921_1,Consensus_7of7,3,77,4124,569,0.29954525799087495,-0.04714479063422572,1.0471447906342257,3.4397661685943604,3.2848992347717285,3.5059940814971924,0.46234154867560945,0.027322365381353353,0.9726776346186466,5.441186428070068,5.594027519226074,5.309755802154541,-0.1511835544590328,0.02108084053786219,0.9789191594621378,11.819555282592773,12.07408618927002,11.852982521057129,-0.18733269973580727,0.02148217572903044,0.9785178242709696,11.830862998962402,12.090594291687012,11.871842384338379,0.1627962906847345,-0.6135251031346423,-0.03614914527677446,None,None
20160321_185557_1921_361,Consensus_7of7,1,50,9455,203,1.93311521856449,0.010073855148915567,0.9899261448510844,3.240865707397461,3.2738449573516846,3.3091881275177,1.354503617363344,-0.016188342932475175,1.0161883429324752,5.2800469398498535,5.195932388305664,4.958658218383789,4.39465010308466,-0.021362237640906168,1.0213622376409062,11.786965370178223,11.540434837341309,11.467811584472656,4.390403605275366,-0.021113420596212018,1.021113420596212,11.797651290893555,11.553711891174316,11.481761932373047,-0.578611601201146,3.0401464857213165,-0.004246497809294425,stem,stem
20160324_170347_1281_1,Consensus_7of7,1,34,6830,580,0.5994284228036828,0.039712390981236356,0.9602876090187636,2.938985824584961,3.06052565574646,2.7571096420288086,1.1009377413156605,0.010093580466749907,0.9899064195332501,4.682469367980957,4.730213165283203,5.203215599060059,1.0167376134924697,0.001079965127982141,0.9989200348720179,10.961099624633789,10.972949028015137,11.680899620056152,1.0117960185408317,0.0007605198843696481,0.9992394801156304,10.980302810668945,10.988658905029297,11.697041511535645,0.5015093185119777,-0.08420012782319075,-0.00494159495163804,stem,stage0_block0
20160324_170347_1281_361,Consensus_7of7,10,125,7668,734,0.5104092010803469,0.04394695734360832,0.9560530426563917,2.969193935394287,3.105678081512451,2.826906204223633,0.9460750565099798,-0.005134634488999978,1.005134634489,5.007971286773682,4.982387542724609,5.456820011138916,0.9019505674660683,-0.0055607906673313945,1.0055607906673314,11.42261791229248,11.35944938659668,12.003701210021973,0.8908446366132401,-0.0062432338667959275,1.006243233866796,11.439169883728027,11.368194580078125,12.018417358398438,0.4356658554296329,-0.04412448904391153,-0.011105930852828183,stem,stage0_block0
20160324_170347_641_361,Consensus_7of7,3,54,4102,544,0.5675667205696163,0.04388476351095072,0.9561152364890493,3.2254257202148438,3.3734686374664307,3.0311200618743896,0.8724583886695713,-0.019439481099680966,1.019439481099681,4.89415168762207,4.800825119018555,5.532559394836426,0.7791067249391309,-0.022820287313080945,1.022820287313081,11.199520111083984,10.949645042419434,12.08084774017334,0.7871277051502296,-0.021745925905647168,1.0217459259056472,11.199241638183594,10.960886001586914,12.080597877502441,0.30489166809995494,-0.09335166373044035,0.00802098021109865,stem,stage0_block0
20160328_151020_1281_361,Consensus_7of7,15,335,11361,3061,-0.46785065084824784,0.08325153401623209,0.9167484659837679,3.107980489730835,3.3902206420898438,3.197939395904541,-0.1534841772344743,-0.08655366477058046,1.0865536647705805,5.6652936935424805,5.214001655578613,5.605244159698486,0.035180751782495766,-0.061275766539755194,1.0612757665397552,12.228217124938965,11.522185325622559,12.253961563110352,0.03200723963963494,-0.06140243647455246,1.0614024364745525,12.237665176391602,11.529711723327637,12.26107406616211,0.31436647361377357,0.18866492901697007,-0.0031735121428608237,None,None
20160328_151020_641_361,Consensus_7of7,4,90,6794,634,-0.011522007778777451,0.08020308957883704,0.919796910421163,3.160170793533325,3.435725688934326,3.1633095741271973,0.4979892438479931,-0.04834852708496484,1.0483485270849648,5.494372367858887,5.240977764129639,5.745737075805664,0.4659829658290426,-0.03621824961848219,1.0362182496184822,12.069352149963379,11.647499084472656,12.437460899353027,0.4650253774679904,-0.03629365387057781,1.0362936538705778,12.086243629455566,11.662951469421387,12.45418930053711,0.5095112516267706,-0.03200627801895051,-0.0009575883610521974,None,None
20160328_151057_1281_1,Consensus_7of7,3,88,4825,661,1.5485692430316107,-0.054251577296297704,1.0542515772962977,3.4820542335510254,3.3028674125671387,2.9762234687805176,1.6967378829912343,0.09990635589449914,0.9000936441055009,4.431182384490967,4.923022747039795,5.628941535949707,1.9013507392480924,0.09959221013238773,0.9004077898676123,10.03708553314209,11.147265434265137,12.378950119018555,1.898118228179442,0.09919667241134567,0.9008033275886543,10.049361228942871,11.155998229980469,12.388171195983887,0.1481686399596236,0.2046128562568581,-0.003232511068650412,stem,stem
20160328_151057_1281_1081,Consensus_7of7,1,28,1183,816,1.1538642139290396,-0.010132528906488192,1.0101325289064882,3.3644649982452393,3.3307154178619385,3.1113688945770264,1.0323347167334054,0.003255118410684932,0.9967448815893151,5.048948764801025,5.065436363220215,5.575340270996094,1.1834027367885243,0.014290328205471492,0.9857096717945285,11.139851570129395,11.301350593566895,12.181921005249023,1.1862256968107965,0.014469251499908853,0.9855307485000911,11.146903991699219,11.310558319091797,12.189353942871094,-0.12152949719563422,0.15106802005511888,0.002822960022272225,stem,stem
20160328_151057_1281_361,Consensus_7of7,1,31,5857,398,0.01812704429727836,0.08815520761289719,0.9118447923871028,2.9996821880340576,3.2896840572357178,2.994328260421753,0.3998736333655155,-0.05787629642980918,1.0578762964298092,5.314691543579102,5.023924350738525,5.508434295654297,1.3831245018824743,0.034321208353114474,0.9656787916468855,10.654658317565918,11.033334732055664,12.021724700927734,1.383806857915802,0.0345967983408807,0.9654032016591193,10.661906242370605,11.043992042541504,12.039507865905762,0.38174658906823716,0.9832508685169588,0.00068235603332778,stage0_block1,stage0_block1
20160328_151057_641_1081,Consensus_7of7,1,30,4521,328,0.22000332984219337,0.0659839093835376,0.9340160906164624,3.2096188068389893,3.4363625049591064,3.1456642150878906,1.0587574450450723,0.005173641522368544,0.9948263584776315,4.992335319519043,5.01829719543457,5.460145473480225,0.8798412841210516,-0.007444796435762235,1.0074447964357622,11.3762845993042,11.292215347290039,11.991867065429688,0.870548075615395,-0.008031705871063277,1.0080317058710633,11.392912864685059,11.302136421203613,12.003373146057129,0.8387541152028789,-0.17891616092402074,-0.009293208505656514,stage0_block0,stage0_block0
20160328_151057_641_721,Consensus_7of7,1,31,5604,434,6.705535309409908,-0.09785969877687029,1.0978596987768703,3.8567631244659424,3.5129826068878174,3.452728748321533,1.7669173887192393,0.06187485415831895,0.938125145841681,4.802498817443848,5.119250774383545,5.532270431518555,0.9676173081402157,-0.002072911165818425,1.0020729111658184,11.344730377197266,11.321261405944824,12.045999526977539,0.9670367155777465,-0.002106222007667524,1.0021062220076675,11.35579776763916,11.331929206848145,12.056024551391602,-4.938617920690668,-0.7993000805790236,-0.0005805925624692287,stem,stem
20160328_151244_1921_721,Consensus_7of7,1,33,6222,201,0.5910685586262634,0.048088260830149054,0.951911739169851,2.7247347831726074,2.8623807430267334,2.5257816314697266,0.25987304517829657,-0.04310620824443978,1.0431062082444398,4.866224765777588,4.665127754211426,4.93683385848999,-0.4079231203651412,-0.026630782983549928,1.02663078298355,11.181856155395508,10.89179801940918,11.097816467285156,-0.39519347718365694,-0.02708776680893865,1.0270877668089387,11.199556350708008,10.90418529510498,11.115891456604004,-0.3311955134479668,-0.6677961655434378,0.012729643181484285,stem,None
20160328_151752_1921_721,Consensus_7of7,3,51,24640,437,2.4573371758450713,-0.050884883136603776,1.0508848831366038,3.1472718715667725,2.9948768615722656,2.890305995941162,1.6768715591840087,0.04067349671988807,0.9593265032801119,4.821741580963135,5.026172637939453,5.328196048736572,1.2586800232308986,0.012126581369783396,0.9878734186302166,11.142404556274414,11.279181480407715,11.807930946350098,1.2623993355831147,0.012223481909012124,0.9877765180909879,11.151788711547852,11.289788246154785,11.815702438354492,-0.7804656166610626,-0.4181915359531101,0.0037193123522161198,stem,stem
20160328_151752_1_721,Consensus_7of7,6,123,236,231,0.038449541645872186,0.04508833356169206,0.9549116664383079,2.9575259685516357,3.0971713066101074,2.951941967010498,0.5226418192870309,-0.07950012232200554,1.0795001223220055,5.043956279754639,4.672491550445557,5.450659275054932,0.044997511470353864,-0.17163319962624946,1.1716331996262495,11.429914474487305,9.755538940429688,11.508807182312012,0.04678226975272205,-0.17136933523047504,1.171369335230475,11.442784309387207,9.768723487854004,11.524944305419922,0.48419227764115874,-0.47764430781667705,0.0017847582823681887,stage0_block0,None
20160328_151752_641_361,Consensus_7of7,3,144,20836,611,2.1525924049378093,-0.06368413935002937,1.0636841393500294,3.333646059036255,3.1340553760528564,2.960888624191284,1.4017227836164194,0.035080010385941884,0.9649199896140581,4.950389385223389,5.130361557006836,5.578362464904785,1.2025997680667369,0.013048449997391964,0.986951550002608,11.329362869262695,11.479146957397461,12.218457221984863,1.202055311295313,0.013000739463776778,0.9869992605362232,11.342890739440918,11.492298126220703,12.231736183166504,-0.7508696213213899,-0.1991230155496826,-0.0005444567714238957,stem,stem
20160328_152022_1_361,Consensus_7of7,1,29,2522,341,4.125865163522067,0.08648190210048912,0.9135180978995109,2.71498966217041,2.9720141887664795,3.054239273071289,-2.6134358009201173,-0.03083755877312444,1.0308375587731244,5.508553981781006,5.343764305114746,5.389369010925293,-0.7790376209511712,-0.01537119683705046,1.0153711968370505,11.999403953552246,11.817749977111816,11.9198579788208,-0.7430502321729093,-0.01594530079677292,1.015945300796773,12.02027416229248,11.83161449432373,11.939849853515625,-6.739300964442185,1.8343981799689462,0.03598738877826191,stem,stem
20160328_152022_641_721,Consensus_7of7,1,28,15391,177,0.7872372946838159,0.01767661492967565,0.9823233850703244,3.0062201023101807,3.0603151321411133,2.8060646057128906,0.8641957008262698,-0.011956261493990317,1.0119562614939903,5.287299633026123,5.224829196929932,5.684832572937012,1.0310150790191537,0.0015647257446297358,0.9984352742553703,11.562093734741211,11.580212593078613,12.164407730102539,1.0302872957946558,0.0015249294487212905,0.9984750705512787,11.583308219909668,11.600997924804688,12.18506145477295,0.07695840614245397,0.16681937819288384,-0.0007277832244978466,stem,stem
20160328_153548_1921_721,Consensus_7of7,1,14,17849,396,1.1198868586101944,-0.008197841034508269,1.0081978410345083,3.2360923290252686,3.209778070449829,2.990285634994507,1.4377483342592343,0.03493886993018236,0.9650611300698176,4.908947467803955,5.086668968200684,5.492659091949463,1.079641420020262,0.005445896233141734,0.9945541037668583,11.21340274810791,11.274803161621094,12.045763969421387,1.081220424557075,0.005520297519637674,0.9944797024803623,11.232216835021973,11.294565200805664,12.062209129333496,0.3178614756490399,-0.35810691423897234,0.0015790045368129224,stem,stem
20160328_153548_641_361,Consensus_7of7,21,585,4068,1632,-2.42717363421298,-0.06300544624608406,1.063005446246084,3.385664224624634,3.1849913597106934,3.243544816970825,2.3515802673515913,0.04460244901048427,0.9553975509895157,5.020096302032471,5.254456996917725,5.427854537963867,1.8720770920997831,0.02458291000497781,0.9754170899950222,11.489104270935059,11.778656959533691,12.11068344116211,1.8522805681450538,0.024076147348466415,0.9759238526515336,11.507556915283203,11.791448593139648,12.124545097351074,4.7787539015645715,-0.4795031752518082,-0.019796523954729306,stage0_block0,stage0_block0
20160328_153604_641_361,Consensus_7of7,1,33,16239,406,1.8570653516878408,-0.07321906533544742,1.0732190653354474,3.284754753112793,3.060655355453491,2.799182415008545,1.8776516941467962,0.10635617013148435,0.8936438298685156,4.405255317687988,4.92954158782959,5.526915550231934,1.7461353838453926,0.06103345465467658,0.9389665453453234,10.58635139465332,11.274470329284668,12.196714401245117,1.7537362822612703,0.06119316781912121,0.9388068321808788,10.597628593444824,11.288400650024414,12.204864501953125,0.02058634245895541,-0.13151631030140365,0.007600898415877744,stem,stem
20160328_153620_1281_721,Consensus_7of7,37,808,21923,3779,1.33758027219413,-0.014240454777199485,1.0142404547771995,3.292006015777588,3.245783567428589,3.108860731124878,1.3936462329525012,0.02926208956890719,0.9707379104310928,5.036628723144531,5.18845272064209,5.57413911819458,1.0262589203373054,0.0017435235503748814,0.9982564764496251,11.458956718444824,11.47896957397461,12.241105079650879,1.0292030457873984,0.0019263843931609514,0.998073615606839,11.47661304473877,11.498763084411621,12.257246971130371,0.056065960758371336,-0.36738731261519586,0.002944125450093038,stem,stem
20160328_153620_1921_361,Consensus_7of7,1,11,30015,377,1.8490888518626378,-0.06584980592012513,1.0658498059201251,3.4316728115081787,3.2196578979492188,2.969960927963257,1.4102348768872226,0.05097802694502118,0.9490219730549788,4.492425441741943,4.733741283416748,5.321979522705078,1.4898238837119895,0.04748618213834399,0.952513817861656,10.236475944519043,10.74679946899414,11.788650512695312,1.5135757994151562,0.0489029283319633,0.9510970716680367,10.238349914550781,10.764778137207031,11.789803504943848,-0.43885397497541523,0.07958900682476688,0.023751915703166704,stem,stem
20160328_153620_1_361,Consensus_7of7,1,22,31387,0,0.923405457923792,0.07659482891281688,0.9234051710871831,2.972693681716919,3.2192723751068115,0.0,1.0107181728688048,-0.010717978528700822,1.0107179785287008,5.256511688232422,5.200768947601318,0.0,0.925793371873087,0.07420670847675592,0.9257932915232441,10.66701889038086,11.522029876708984,0.0,0.9257182659595137,0.07428181429263658,0.9257181857073634,10.678271293640137,11.535120010375977,0.0,0.0873127149450128,-0.08492480099571786,-7.510591357329233e-05,stem,stem
20160328_153620_641_721,Consensus_7of7,3,110,47486,2517,0.10971623089830214,0.04022589749198113,0.9597741025080189,3.1511011123657227,3.2831685543060303,3.1348254680633545,0.3645350965991083,-0.03950475454600366,1.0395047545460037,5.552867412567139,5.341838359832764,5.673924446105957,0.31593553670697794,-0.03853015300559437,1.0385301530055944,12.15260124206543,11.701730728149414,12.360836029052734,0.32725738372565427,-0.03841646258249165,1.0384164625824917,12.165655136108398,11.715582847595215,12.384593963623047,0.2548188657008062,-0.048599559892130384,0.011321847018676334,None,None
20160328_153629_1_361,Consensus_7of7,3,84,33770,1885,0.3931790877212872,0.05649817378439237,0.9435018262156076,3.068861484527588,3.2526280879974365,2.9497931003570557,0.8089615824711859,-0.018502889171321035,1.018502889171321,5.065769195556641,4.9737396240234375,5.455472946166992,1.0960998086444884,0.006567771098384689,0.9934322289016153,11.134779930114746,11.208393096923828,11.974400520324707,1.1042590519179398,0.007036826991908773,0.9929631730080912,11.1403226852417,11.219269752502441,11.976490020751953,0.4157824947498987,0.28713822617330254,0.008159243273451411,stage0_block0,stage0_block0
20160328_153629_641_721,Consensus_7of7,15,136,28791,2834,1.281736342872665,-0.01989286234374732,1.0198928623437473,3.321625232696533,3.256836414337158,3.026873826980591,1.9185045271014316,0.0648584476941988,0.9351415523058012,4.954686641693115,5.2983269691467285,5.672457218170166,3.0630824613935337,0.10084209961073953,0.8991579003892605,10.428786277770996,11.59839153289795,12.165312767028809,3.0528071662918865,0.10058408063202706,0.8994159193679729,10.447307586669922,11.615656852722168,12.18480396270752,0.6367681842287667,1.144577934292102,-0.010275295101647153,stem,stem
20160328_153829_1281_361,Consensus_7of7,21,244,32381,21796,1.4359148000811142,-0.02712581992410268,1.0271258199241027,3.1438045501708984,3.060777425765991,2.8703110218048096,1.0573887141626055,0.007282816372564005,0.992717183627436,4.731170177459717,4.765878200531006,5.37066650390625,1.2050291625274265,0.01567817423670803,0.984321825763292,10.837462425231934,11.010079383850098,11.851993560791016,1.2092619696184381,0.015853059263326252,0.9841469407366737,10.851934432983398,11.026741027832031,11.862089157104492,-0.37852608591850867,0.14764044836482104,0.004232807091011592,stem,stem
20160328_153829_1281_721,Consensus_7of7,3,44,3858,427,1.4486771056964274,-0.06626072909191727,1.0662607290919173,3.4398012161254883,3.2260403633117676,2.7496156692504883,1.352095954178047,0.057501698437736004,0.942498301562264,4.566205024719238,4.84478759765625,5.63599967956543,1.2830555687613363,0.030488431323273057,0.9695115686767269,10.65311050415039,10.988120079040527,12.171667098999023,1.2786353656476948,0.030011106471651394,0.9699888935283486,10.67915153503418,11.009559631347656,12.195367813110352,-0.09658115151838031,-0.06904038541671076,-0.004420203113641552,stem,stem
20160328_153829_1921_1,Consensus_7of7,45,559,19769,34931,0.7420728863952608,0.026320760760573436,0.9736792392394266,3.0490424633026123,3.1314640045166016,2.811910390853882,0.7192057318819424,-0.032531243412726285,1.0325312434127263,4.890960216522217,4.736863136291504,5.285653114318848,0.6771379645010172,-0.02425912996654267,1.0242591299665427,11.144603729248047,10.880647659301758,11.698198318481445,0.6755373328085809,-0.024174378921921758,1.0241743789219218,11.158628463745117,10.895241737365723,11.70700454711914,-0.022867154513318444,-0.042067767380925214,-0.001600631692436294,stem,stem
20160328_153829_1_1,Consensus_7of7,6,199,17183,3967,0.8181531993620118,0.017898263148112714,0.9821017368518873,3.0681793689727783,3.124094247817993,2.816610813140869,0.9227210102851625,-0.009274304044014414,1.0092743040440144,4.817050457000732,4.772785186767578,5.345583438873291,1.0174941790950853,0.0010306612081588673,0.9989693387918411,11.05064582824707,11.06204605102539,11.713704109191895,1.0256557494416405,0.001496241200821924,0.9985037587991781,11.061758041381836,11.078332901000977,11.724381446838379,0.1045678109231507,0.09477316880992281,0.00816157034655518,stem,stem
20160328_153829_641_1,Consensus_7of7,3,54,1042,310,0.5695664037231091,0.05443510352240788,0.9455648964775921,2.9072818756103516,3.0746498107910156,2.685814142227173,0.5900823323996202,-0.04898645121775891,1.048986451217759,4.919079303741455,4.6893630027771,5.249759197235107,0.5565397703508171,-0.03091055644139984,1.0309105564413998,11.162288665771484,10.827600479125977,11.582320213317871,0.5551074142628266,-0.03080849000024588,1.0308084900002459,11.182045936584473,10.84783935546875,11.59904670715332,0.020515928676511086,-0.033542562048803015,-0.0014323560879905273,stem,None
20160328_153829_641_1081,Consensus_7of7,1,18,6045,181,1.7452822619467891,-0.10146071632535647,1.1014607163253565,3.3659069538116455,3.055856466293335,2.639838933944702,0.8609166734778251,-0.01628639302831192,1.016286393028312,5.215142250061035,5.131566524505615,5.732470512390137,0.5168090716419405,-0.03876845510038929,1.0387684551003893,11.837818145751953,11.396011352539062,12.31036376953125,0.5108023681375589,-0.039356477969992865,1.0393564779699929,11.859967231750488,11.410874366760254,12.328893661499023,-0.8843655884689641,-0.3441076018358846,-0.006006703504381594,stem,stem
20160328_153829_641_721,Consensus_7of7,1,19,2344,319,0.9631660313941164,0.0028831858786757536,0.9971168141213242,3.249706268310547,3.2591018676757812,3.0040221214294434,1.0806021766063836,0.011331981854257323,0.9886680181457427,4.890782356262207,4.946838855743408,5.64231014251709,1.1160275581903087,0.011094732292629694,0.9889052677073703,11.090354919433594,11.214778900146484,12.287144660949707,1.1258186438728415,0.011888527032647311,0.9881114729673527,11.098124504089355,11.231651306152344,12.292915344238281,0.1174361452122672,0.035425381583925164,0.00979108568253273,stem,stem
20160329_103807_361_1,Consensus_7of7,1,17,23188,111,2.1455838778044765,0.09069750757687434,0.9093024924231257,3.2455670833587646,3.5692920684814453,3.851877212524414,3.950414594949411,-0.06839861558245652,1.0683986155824565,5.825211048126221,5.452281475067139,5.325882434844971,9.492451861698628,-0.05116270514448451,1.0511627051444845,12.642777442932129,12.027420997619629,11.954961776733398,9.276159180293934,-0.050646603905084575,1.0506466039050846,12.65585708618164,12.045778274536133,11.972063064575195,1.8048307171449345,5.542037266749217,-0.2162926814046937,stem,stem
20160329_103807_361_1281,Consensus_7of7,3,253,33075,163,0.6809005666228513,-0.026870615667621056,1.026870615667621,3.645092487335205,3.549708604812622,3.8486244678497314,-0.07988280344235904,0.05525235100596404,0.944747648994036,5.316014289855957,5.626913547515869,5.339012622833252,-0.6098840727411701,0.04723132468784175,0.9527686753121583,11.669435501098633,12.247920036315918,11.88858699798584,-0.6184105501073662,0.04683601754865152,0.9531639824513485,11.687627792358398,12.261926651000977,11.907073020935059,-0.7607833700652102,-0.530001269298811,-0.008526477366196161,stem,None
20160329_103807_361_1921,Consensus_7of7,3,85,24964,2224,0.6172923865693228,-0.03097335758027797,1.030973357580278,3.506873607635498,3.4015161991119385,3.6768109798431396,-0.7532023999404973,0.07105651393096146,0.9289434860690385,5.289866924285889,5.694497108459473,5.463702201843262,-2.4598766060556696,0.0654609513832638,0.9345390486167362,11.567117691040039,12.377349853515625,12.143170356750488,-2.492046961976668,0.06502328405417523,0.9349767159458248,11.587705612182617,12.393575668334961,12.162802696228027,-1.3704947865098203,-1.7066742061151723,-0.03217035592099826,stem,None
20160330_165956_1281_721,Consensus_7of7,10,363,7124,10769,0.21290654064326645,0.12493180440618945,0.8750681955938105,2.921518087387085,3.3386166095733643,2.8086941242218018,0.22562184868480387,-0.08606983456258521,1.0860698345625852,5.011372089385986,4.614225387573242,5.127084255218506,0.07223512743873274,-0.08343001616977164,1.0834300161697716,11.386324882507324,10.509514808654785,11.45459270477295,0.06540769791217198,-0.0837858836999903,1.0837858836999903,11.409090995788574,10.527070045471191,11.470819473266602,0.012715308041537421,-0.1533867212460711,-0.006827429526560763,None,None
20160330_165956_1921_721,Consensus_7of7,1,61,6352,534,0.1766874022058543,0.15656782151200366,0.8434321784879963,2.7707948684692383,3.2851414680480957,2.6604132652282715,0.569571302481828,-0.054516555367219555,1.0545165553672196,4.776851654052734,4.529896259307861,5.103639125823975,0.36145365396103313,-0.056719053997438484,1.0567190539974385,10.958551406860352,10.370353698730469,11.291504859924316,0.3646789855953194,-0.0556508378524434,1.0556508378524434,10.969252586364746,10.390984535217285,11.301182746887207,0.39288390027597364,-0.20811764852079484,0.003225331634286288,stage0_block0,None
20160330_165956_1_721,Consensus_7of7,2,84,2297,922,-0.21101457017595676,0.14715934544766418,0.8528406545523358,2.6060242652893066,3.0556979179382324,2.684378147125244,-0.09027166255723847,-0.09156057585871591,1.091560575858716,5.06758451461792,4.642512321472168,5.0323896408081055,-0.2555882654982371,-0.058736648945124426,1.0587366489451244,11.349431037902832,10.719785690307617,11.221260070800781,-0.2580287696384594,-0.05853057520157878,1.0585305752015788,11.356472969055176,10.728525161743164,11.227677345275879,0.1207429076187183,-0.16531660294099865,-0.0024405041402222882,None,None
20160330_165956_641_721,Consensus_7of7,1,14,8157,406,1.2667711849626535,-0.050970482310906284,1.0509704823109063,3.4739739894866943,3.305490493774414,2.6739249229431152,0.8976547147344214,-0.014968543613357532,1.0149685436133575,4.649192810058594,4.580626487731934,5.250577449798584,0.976895542855196,-0.0019602793511639405,1.001960279351164,10.577703475952148,10.557007789611816,11.452752113342285,0.9780959594394941,-0.00185026585252146,1.0018502658525215,10.587298393249512,10.567744255065918,11.46046257019043,-0.36911647022823213,0.0792408281207746,0.0012004165842981473,stem,stem
20160330_172309_1281_721,Consensus_7of7,3,73,25008,703,1.5001681020715778,-0.02631244683469469,1.0263124468346947,3.3203015327453613,3.235175132751465,3.0649795532226562,-0.0008792833708503039,-0.0720910099540335,1.0720910099540335,5.375842094421387,5.0143513679504395,5.375524520874023,-0.018351501257348534,-0.045763211116683244,1.0457632111166832,11.887642860412598,11.367431640625,11.878268241882324,-0.02658982376026229,-0.04530607093839367,1.0453060709383937,11.891422271728516,11.376018524169922,11.878072738647461,-1.5010473854424282,-0.01747221788649823,-0.008238322502913755,stem,stem
20160402_150314_1281_721,Consensus_7of7,1,38,8744,294,3.1433745345511728,-0.07709710653824775,1.0770971065382478,3.5048341751098633,3.2539620399475098,3.1369166374206543,0.9121392157711974,-0.012884839062339504,1.0128848390623395,5.170751571655273,5.104973793029785,5.853632926940918,1.0532199765141028,0.005349516770915996,0.994650483229084,11.323265075683594,11.384163856506348,12.528448104858398,1.0579235511384286,0.005800312406186614,0.9941996875938134,11.333462715148926,11.399582862854004,12.54109001159668,-2.2312353187799756,0.14108076074290543,0.004703574624325801,stem,stem
20160402_151049_1_361,Consensus_7of7,1,64,24614,138,1.065185599955302,-0.007951301635366725,1.0079513016353667,3.2438876628875732,3.218297004699707,2.8257155418395996,0.9459783389360817,-0.008069858246361417,1.0080698582463614,4.93720006942749,4.897675514221191,5.6293182373046875,1.0170535800254394,0.0014321741899439022,0.9985678258100561,11.188961029052734,11.205007553100586,12.145955085754395,1.0086383660796194,0.0007286878744475755,0.9992713121255524,11.207925796508789,11.216097831726074,12.162114143371582,-0.11920726101922019,0.0710752410893577,-0.00841521394582001,stem,stem
20160402_151054_1921_361,Consensus_7of7,3,84,14251,2249,0.5281515935223289,0.06316000569011282,0.9368399943098872,3.0253798961639404,3.229344367980957,2.7970774173736572,0.5670729188532544,-0.05104496865315844,1.0510449686531584,5.042113780975342,4.797237873077393,5.362866401672363,0.6739450334374256,-0.02314549318815673,1.0231454931881567,11.321168899536133,11.065061569213867,11.850534439086914,0.6699051966885196,-0.023566619150806156,1.0235666191508062,11.332988739013672,11.072056770324707,11.862532615661621,0.038921325330925516,0.10687211458417123,-0.004039836748906067,stem,None
20160407_163130_1_721,Consensus_7of7,1,26,3219,108,0.264483470007288,0.07317059313512142,0.9268294068648786,3.096583127975464,3.3410487174987793,3.008676052093506,2.3291867670559006,0.09812019256141113,0.9018798074385889,4.6517653465271,5.157854080200195,5.538604736328125,2.783469540161445,0.1346159874930133,0.8653840125069867,9.824301719665527,11.352533340454102,12.209420204162598,2.782622070834968,0.13412728943198615,0.8658727105680138,9.846413612365723,11.371663093566895,12.22728443145752,2.0647032970486126,0.45428277310554455,-0.0008474693264770572,stage0_block0,stage0_block0
20160407_163257_1281_1,Consensus_7of7,1,41,11421,286,0.8712006135059802,0.009975125439682486,0.9900248745603175,2.8933374881744385,2.9224886894226074,2.6961584091186523,0.9799905606995665,-0.002392946277507191,1.0023929462775072,4.682594299316406,4.671414852142334,5.230123519897461,0.7975261641248655,-0.016570691344584443,1.0165706913445844,11.021038055419922,10.841387748718262,11.72866439819336,0.7943606453082752,-0.01680494937056265,1.0168049493705626,11.041693687438965,10.859204292297363,11.746628761291504,0.10878994719358626,-0.18246439657470093,-0.003165518816590329,stem,stem
20160407_163257_1921_1081,Consensus_7of7,3,95,6064,354,0.5331268410626363,0.05552951350668045,0.9444704864933195,3.120373487472534,3.303832769393921,2.910879611968994,0.679843925498588,-0.027187360796590898,1.027187360796591,4.821953773498535,4.694326400756836,5.092967510223389,0.8446011698844554,-0.011810735072684375,1.0118107350726844,10.815451622009277,10.689203262329102,11.501618385314941,0.8402906765666904,-0.012148907046427126,1.0121489070464271,10.83492660522461,10.704873085021973,11.519186973571777,0.14671708443595166,0.16475724438586747,-0.004310493317765007,stem,stage0_block1
20160407_163257_641_361,Consensus_7of7,1,34,10007,316,0.8813489472204629,0.01806345899384343,0.9819365410061566,3.1344666481018066,3.192126512527466,2.706164836883545,0.9170015593108607,-0.011860716250787773,1.0118607162507878,4.793878555297852,4.737685203552246,5.414726257324219,1.0020128901652103,0.00018431563432819154,0.9998156843656718,10.869109153747559,10.871111869812012,11.866057395935059,1.0047039604218502,0.00042678166698639775,0.9995732183330136,10.884530067443848,10.889176368713379,11.87691879272461,0.03565261209039783,0.08501133085434964,0.002691070256639838,stem,stem
20160407_165001_1281_1081,Consensus_7of7,1,78,3776,583,0.20749190405574625,-0.03704269113620984,1.0370426911362098,3.1639978885650635,3.05098032951355,3.1935877799987793,0.3298230933572786,-0.04476468984437343,1.0447646898443734,5.365651607513428,5.1357502937316895,5.478796005249023,0.18384314972874588,-0.030375316474719805,1.0303753164747198,11.95278549194336,11.600418090820312,12.032157897949219,0.18389557223082453,-0.03038258479330347,1.0303825847933035,11.96650505065918,11.613651275634766,12.046014785766602,0.12233118930153236,-0.14597994362853273,5.2422502078652844e-05,None,None
20160407_165001_1921_721,Consensus_7of7,1,37,6578,356,1.7180499425789526,-0.054954807072183254,1.0549548070721833,3.230823040008545,3.0625216960906982,2.8281350135803223,1.1405866890142302,0.012216317016903622,0.9877836829830964,4.967555046081543,5.028989791870117,5.465978145599365,0.9485881756506582,-0.0030576263768355982,1.0030576263768356,11.294322967529297,11.259893417358398,11.929574966430664,0.9415328221665146,-0.0035012421794589077,1.003501242179459,11.308964729309082,11.269506454467773,11.944385528564453,-0.5774632535647224,-0.191998513363572,-0.007055353484143656,stem,stem
IMG_2931_1297_485,Consensus_7of7,3,89,1266,761,1.5916179636433863,0.07024952851371591,0.9297504714862841,3.3446998596191406,3.5974156856536865,4.024576187133789,1.3574894746248531,-0.06183584280149934,1.0618358428014993,6.469460964202881,6.092711925506592,5.038837432861328,2.1958883092973305,-0.07377878631572066,1.0737787863157207,13.25329875946045,12.342670440673828,11.581204414367676,2.181741766759245,-0.07307744881931444,1.0730774488193144,13.269609451293945,12.365937232971191,11.601242065429688,-0.23412848901853311,0.8383988346724773,-0.014146542538085338,stem,stem
IMG_2931_1945_485,Consensus_7of7,1,19,5772,222,-1.1396543539198842,-0.024669294373731,1.024669294373731,3.7492270469665527,3.6589620113372803,3.701148748397827,-2.4538278251696104,0.031201204258556103,0.9687987957414439,5.622924327850342,5.804015636444092,5.751583576202393,-0.10097189773584432,-0.09279247760771026,1.0927924776077103,12.802882194519043,11.715747833251953,12.703179359436035,-0.09787795077850327,-0.09242373163347861,1.0924237316334786,12.812561988830566,11.72856330871582,12.715921401977539,-1.3141734712497262,2.352855927433766,0.003093946957341054,None,None
IMG_2941_1_969,Consensus_7of7,1,33,424,261,1.143284077462553,0.00631749584668484,0.9936825041533152,3.723743438720703,3.7474167346954346,3.9126360416412354,-0.34360167650797224,0.055000151629746696,0.9449998483702533,5.473459720611572,5.792020797729492,5.554925918579102,0.661518019239142,-0.027598985297492495,1.0275989852974925,11.704584121704102,11.39022445678711,12.318958282470703,0.6585900125977763,-0.027824044733307796,1.0278240447333078,11.733604431152344,11.41596508026123,12.34634017944336,-1.4868857539705251,1.0051196957471142,-0.0029280066413657213,stem,stem
IMG_2942_1297_485,Consensus_7of7,3,147,4879,3916,1.0141796077948044,-0.001098273415576223,1.0010982734155762,3.5994839668273926,3.595534086227417,3.3169734477996826,1.4006352071680215,0.032435679871862466,0.9675643201281375,5.025813102722168,5.1942925453186035,5.614823341369629,1.5502539122889663,0.028601960503198964,0.971398039496801,11.009479522705078,11.333642959594727,11.922759056091309,1.5549340907909106,0.028661756123592563,0.9713382438764074,11.037287712097168,11.362969398498535,11.94985294342041,0.38645559937321705,0.14961870512094477,0.004680178501944354,stem,stem
IMG_2942_1945_485,Consensus_7of7,3,220,3132,3704,0.07205839745720105,0.057667636292147106,0.9423323637078529,3.39399790763855,3.601698398590088,3.377869129180908,0.11798446341550024,-0.0790909506115256,1.0790909506115256,5.49423360824585,5.091537952423096,5.54810094833374,0.18874059355992132,-0.06349541536704595,1.063495415367046,11.713152885437012,11.013824462890625,11.875852584838867,0.18883328914688352,-0.06314976167722874,1.0631497616772287,11.740588188171387,11.043210983276367,11.902932167053223,0.04592606595829919,0.07075613014442107,9.269558696220481e-05,None,None
IMG_2942_1_485,Consensus_7of7,10,262,5175,3642,0.5350451160432284,0.010370868258928745,0.9896291317410713,3.46313738822937,3.4994285106658936,3.4213755130767822,0.7464316252366702,-0.014728316122907259,1.0147283161229073,5.455626487731934,5.376439571380615,5.688729763031006,0.745872338290569,-0.01001524090020145,1.0100152409002014,11.691435813903809,11.5755033493042,12.03170108795166,0.7437206534515641,-0.010016904642930147,1.0100169046429301,11.719707489013672,11.603475570678711,12.057011604309082,0.21138650919344182,-0.0005592869461011896,-0.0021516848390048526,stem,stage0_block0
IMG_2942_649_485,Consensus_7of7,3,180,2310,5034,0.8200062799844305,0.015303649892256077,0.9846963501077439,3.5967252254486084,3.652622699737549,3.3420703411102295,0.8324519822198895,-0.019038493101308118,1.0190384931013081,5.214200973510742,5.11678409576416,5.698210716247559,0.6966907907258202,-0.02095398927652181,1.0209539892765218,11.551883697509766,11.31479263305664,12.096473693847656,0.6969224987215585,-0.020673286281308823,1.0206732862813088,11.580742835998535,11.346179008483887,12.120119094848633,0.012445702235458933,-0.1357611914940693,0.00023170799573835055,stem,stem
20160222_115837_1281_361,Cured_by_D2,1,45,2217,558,0.22697076352714815,0.05282754871624962,0.9471724512837504,3.5207881927490234,3.7171554565429688,3.463132381439209,-0.4546768272043188,-0.24500240978042997,1.24500240978043,5.685657024383545,4.5667829513549805,5.335939407348633,-0.3127909677434118,-0.21630079156506787,1.2163007915650679,12.306405067443848,10.117895126342773,11.784961700439453,-0.31447549665523766,-0.21515533064262238,1.2151553306426224,12.315173149108887,10.134648323059082,11.793503761291504,-0.681647590731467,0.14188585946090698,-0.0016845289118258555,None,None
20160307_145059_1281_721,Cured_by_D2,1,55,3095,628,0.26007176871344795,0.10150002640226607,0.8984999735977339,3.294813632965088,3.6670148372650146,3.1639914512634277,0.24522336384019625,-0.18511569006814765,1.1851156900681477,5.665355682373047,4.780423164367676,5.952866077423096,0.5776542362935829,-0.06729707795325335,1.0672970779532533,11.844202995300293,11.097380638122559,12.865653038024902,0.575814382428864,-0.0686724610161662,1.0686724610161662,11.891321182250977,11.127188682556152,12.92859935760498,-0.014848404873251703,0.33243087245338665,-0.0018398538647189655,stage0_block1,None
20160316_143527_1921_361,Cured_by_D2,1,64,8701,921,1.9076519349575425,-0.023204261213551458,1.0232042612135515,3.7780089378356934,3.6923301219940186,3.5979340076446533,0.7226289657493898,-0.011218640838542848,1.0112186408385428,5.241509437561035,5.183358192443848,5.393009662628174,0.5914669877936584,-0.023502463778793503,1.0235024637787935,11.581501007080078,11.315556526184082,11.966530799865723,0.579124486925241,-0.02457950685854815,1.0245795068585482,11.608979225158691,11.330480575561523,11.992193222045898,-1.1850229692081526,-0.13116197795573148,-0.012342500868417372,stem,stem
20160316_143547_1281_1081,Cured_by_D2,1,24,3268,249,0.5986957403569018,0.0594863450292209,0.9405136549707791,3.3637802600860596,3.5765342712402344,3.0463778972625732,0.37848617259633927,-0.08934213391775825,1.0893421339177582,5.668875217437744,5.203942775726318,5.952007293701172,1.3548673913217613,0.04123469143076364,0.9587653085692364,10.80604076385498,11.270787239074707,12.580421447753906,1.3596569055928098,0.041602794514547736,0.9583972054854523,10.820536613464355,11.290241241455078,12.596220970153809,-0.2202095677605625,0.9763812187254219,0.004789514271048567,stem,stage0_block1
20160318_181632_1_361,Cured_by_D2,1,23,4352,230,0.1623826591568527,-0.01960457024510731,1.0196045702451073,3.3468761444091797,3.282522678375244,3.359351873397827,-3.6232221442021606,0.17867676651570075,0.8213232334842993,4.805700778961182,5.851167678833008,5.625033855438232,10.786861107550525,0.2319086600589222,0.7680913399410778,9.405462265014648,12.245238304138184,12.535400390625,10.506590171504804,0.23055270699302532,0.7694472930069747,9.435149192810059,12.26224136352539,12.559623718261719,-3.7856048033590133,14.410083251752685,-0.28027093604572073,stage0_block1,stage0_block1
20160407_165001_641_1081,Cured_by_D2,1,80,2141,576,0.9343669817007073,-0.002074551314791062,1.002074551314791,3.17216420173645,3.1655960083007812,3.2656705379486084,1.8886572741266465,0.0350380383088027,0.9649619616911973,4.965832710266113,5.146142482757568,5.349043846130371,0.9510885400542677,-0.0017822327710619312,1.001782232771062,11.5176420211792,11.497150421142578,11.91610336303711,0.9505146530638224,-0.0018044091190463352,1.0018044091190463,11.525653839111328,11.50489330291748,11.924422264099121,0.9542902924259392,-0.9375687340723788,-0.0005738869904452493,stem,stem
IMG_2941_1297_969,Cured_by_D2,1,74,5112,534,-0.3689275687978421,0.061061150223835625,0.9389388497761644,3.4663593769073486,3.6917829513549805,3.527111291885376,1.1216690528787236,0.007838288699763551,0.9921617113002364,5.555069446563721,5.598954677581787,5.959648132324219,0.6665525756748576,-0.03888454973460975,1.0388845497346098,12.014050483703613,11.564373970031738,12.912941932678223,0.6707378155045622,-0.03813917652558474,1.0381391765255847,12.030623435974121,11.588641166687012,12.93098258972168,1.4905966216765658,-0.45511647720386605,0.004185239829704646,stage0_block0,stage0_block0
20160222_164851_641_1,Clean_Control,1,114,11720,875,-1.2387966804979254,-0.004823043040686814,1.0048230430406868,3.215831995010376,3.200395345687866,3.2072904109954834,-0.47090070039929305,-0.040305269902625396,1.0403052699026254,5.531188488006592,5.316888809204102,5.462581634521484,-0.07438038781014265,-0.01949278054780401,1.019492780547804,11.941577911376953,11.713253021240234,11.92577075958252,-0.07520074869662335,-0.019801468247785392,1.0198014682477854,11.962611198425293,11.730332374572754,11.946365356445312,0.7678959800986322,0.3965203125891504,-0.0008203608864807005,None,None
20160222_164851_641_1081,Clean_Control,1,181,4766,1445,0.07668219163405017,0.08477376566328776,0.9152262343367122,2.9279825687408447,3.1991889476776123,2.905458688735962,-0.2416049592286739,-0.1320247493251685,1.1320247493251685,5.7715864181518555,5.098462104797363,5.6406025886535645,-0.17267121511785932,-0.0780235098388038,1.0780235098388038,12.336194038391113,11.443343162536621,12.20472526550293,-0.17084378488572627,-0.07885363370160414,1.0788536337016041,12.357464790344238,11.454254150390625,12.225672721862793,-0.3182871508627241,0.06893374411081457,0.0018274302321330538,None,None
20160222_165225_641_361,Clean_Control,1,33,8250,684,-0.3171788107488195,0.10142970343292956,0.8985702965670704,3.182762861251831,3.5420289039611816,3.2692747116088867,0.02475100348424111,-0.10690994329148662,1.1069099432914866,5.490214824676514,4.959946155548096,5.5036725997924805,-0.17953412785585143,-0.09227214420819041,1.0922721442081904,12.159664154052734,11.132448196411133,12.003314018249512,-0.17989758049468207,-0.09249241392194762,1.0924924139219476,12.180192947387695,11.148994445800781,12.022967338562012,0.34192981423306057,-0.20428513134009255,-0.0003634526388306414,None,None
20160222_165926_1_1081,Clean_Control,1,22,433,339,-0.46224626853515105,0.14725556133133044,0.8527444386686696,2.7265710830688477,3.197406053543091,2.8754117488861084,0.49585707435013315,-0.04793714031460761,1.0479371403146076,4.723121166229248,4.507064342498779,4.935626983642578,1.0329831620111158,0.0036812176609620773,0.9963187823390379,9.953556060791016,9.990331649780273,11.10531234741211,1.0361391898584078,0.004017031904408386,0.9959829680955916,9.973878860473633,10.014104843139648,11.127189636230469,0.9581033428852842,0.5371260876609827,0.0031560278472919645,stage0_block1,stage0_block1
20160222_165926_641_721,Clean_Control,1,82,5651,995,0.22410274605127742,0.06724676695064147,0.9327532330493585,3.059133291244507,3.2796802520751953,2.9954326152801514,0.34037169165721265,-0.07398640717734928,1.0739864071773493,5.010555267333984,4.665379524230957,5.1886677742004395,0.2109072167272407,-0.06794271972435095,1.067942719724351,11.54399585723877,10.809563636779785,11.740293502807617,0.2092304474393093,-0.06864069530870176,1.0686406953087018,11.563220977783203,10.820493698120117,11.759739875793457,0.11626894560593523,-0.12946447492997196,-0.0016767692879313956,None,None
20160307_145059_641_361,Clean_Control,1,47,5302,613,-0.11459189901804477,0.13818941439683297,0.861810585603167,3.0654187202453613,3.556950807571411,3.1159534454345703,-0.4793050297810436,-0.18124518759371822,1.1812451875937182,5.998020172119141,5.077708721160889,5.699832916259766,-0.1548979952679151,-0.16045890498829585,1.1604589049882958,12.749177932739258,10.986323356628418,12.512739181518555,-0.15515368761537662,-0.16027439364698504,1.160274393646985,12.76170825958252,10.998869895935059,12.524933815002441,-0.3647131307629988,0.3244070345131285,-0.0002556923474615336,None,None
20160316_143445_1281_721,Clean_Control,1,176,17896,1927,-1.5589782634044627,-0.07362146644970013,1.0736214664497001,3.891381025314331,3.6245362758636475,3.728814125061035,-8.238875789870791,0.04307592867133636,0.9569240713286636,5.188390731811523,5.421945095062256,5.396665573120117,1.4448124564048332,0.008012389889923588,0.9919876101100764,11.670761108398438,11.765026092529297,11.976946830749512,1.5262390043002214,0.008906427433636788,0.9910935725663632,11.675278663635254,11.780197143554688,11.979571342468262,-6.679897526466329,9.683688246275624,0.08142654789538817,stage0_block1,stage0_block1
20160316_143445_1_721,Clean_Control,1,56,4231,641,-0.1958726288261632,0.10276673151361293,0.8972332684863871,3.309694528579712,3.688777208328247,3.3717846870422363,0.12650359769469072,-0.04611234339768888,1.0461123433976889,5.700672626495361,5.449387550354004,5.737064838409424,0.0007093867961198594,-0.07583159848732435,1.0758315984873243,12.521828651428223,11.63920783996582,12.522455215454102,-9.131367770185214e-05,-0.07525854875955584,1.0752585487595558,12.535445213317871,11.658074378967285,12.535365104675293,0.3223762265208539,-0.12579421089857085,-0.0008007004738217116,None,None
20160316_143527_1281_1081,Clean_Control,1,135,10227,1346,1.3746434929908562,-0.00562373351561396,1.005623733515614,3.696016788482666,3.675346612930298,3.620173692703247,5.610256524087515,0.055697050301923734,0.9443029496980763,5.037342548370361,5.3344550132751465,5.398900985717773,1.6281538204058383,0.017580862294437893,0.9824191377055621,11.400994300842285,11.605019569396973,11.929821014404297,1.687717231937686,0.01859303913403454,0.9814069608659655,11.404403686523438,11.620462417602539,11.934630393981934,4.235613031096659,-3.9821027036816767,0.05956341153184774,stem,stem
20160316_143527_1_1,Clean_Control,1,39,8907,514,-1.2085176800468864,0.14193777916748473,0.8580622208325153,3.04697847366333,3.5509984493255615,3.322782039642334,-1.3691238557901573,-0.19191279273236583,1.1919127927323658,6.276726245880127,5.266094207763672,5.692678928375244,-0.7953963749420504,-0.14499751094702917,1.1449975109470292,13.211809158325195,11.538722038269043,12.470598220825195,-0.8033461721896509,-0.1438635548534506,1.1438635548534506,13.217453956604004,11.555095672607422,12.476914405822754,-0.16060617574327085,0.5737274808481069,-0.007949797247600476,None,None
20160316_143527_641_721,Clean_Control,1,98,6484,1237,0.24499808514382124,0.0228515168682788,0.9771484831317212,3.7182984352111816,3.805253267288208,3.6900815963745117,0.3894598042390172,-0.07171776790696449,1.0717177679069645,5.5758538246154785,5.202724933624268,5.813870429992676,0.26566134727301477,-0.06699093272329248,1.0669909327232925,12.203280448913574,11.437097549438477,12.480462074279785,0.2649555541402433,-0.06725657199803803,1.067256571998038,12.225890159606934,11.455435752868652,12.503609657287598,0.14446171909519598,-0.12379845696600245,-0.0007057931327714706,None,None
20160316_143547_1921_1081,Clean_Control,1,60,20855,456,-0.31952802478980147,0.12947339902648758,0.8705266009735124,3.143458366394043,3.6109838485717773,3.256671190261841,-0.8113135100494239,-0.12273873738782726,1.1227387373878273,5.781919956207275,5.149834632873535,5.498799800872803,-1.0960307015931599,-0.09823080562361897,1.098230805623619,12.159138679504395,11.071568489074707,11.590439796447754,-1.1041904919028567,-0.09656916024078721,1.0965691602407872,12.154404640197754,11.084028244018555,11.592716217041016,-0.4917854852596224,-0.284717191543736,-0.008159790309696824,None,None
20160316_143547_641_361,Clean_Control,1,39,13970,502,-0.15429303935627897,0.16411630308392322,0.8358836969160768,3.0583953857421875,3.6588757038116455,3.1386609077453613,0.027177847285178892,-0.1837117832875541,1.183711783287554,6.152044296264648,5.197247505187988,6.178718566894531,0.3334182490470886,-0.08362667014438552,1.0836266701443855,12.061114311218262,11.130321502685547,12.526688575744629,0.33106491938280286,-0.08416096320232413,1.0841609632023241,12.086868286132812,11.148591041564941,12.551234245300293,0.18147088664145786,0.3062404017619097,-0.0023533296642857526,None,None
20160316_143547_641_721,Clean_Control,1,25,1078,626,3.490798703414684,-0.00969509117125833,1.0096950911712583,3.6059958934783936,3.5713701248168945,3.5574686527252197,4.152611199030271,0.08319775076959546,0.9168022492304045,4.919799327850342,5.3662590980529785,5.507874965667725,2.273125671432113,0.03994003653253475,0.9600599634674652,11.301430702209473,11.771587371826172,12.140880584716797,2.2301684544627824,0.0390684454483855,0.9609315545516145,11.327861785888672,11.788415908813477,12.162798881530762,0.6618124956155866,-1.879485527598158,-0.042957216969330414,stem,stem
20160318_181632_641_1,Clean_Control,1,50,2599,574,7.358750787388522,-0.0564728164044912,1.0564728164044912,3.421865463256836,3.2389516830444336,3.210186004638672,3.000806608627931,0.06651025119232867,0.9334897488076713,5.295721530914307,5.673035621643066,5.861616611480713,2.305819006445703,0.027167794752582908,0.9728322052474171,11.975528717041016,12.309962272644043,12.566072463989258,2.3414725161231957,0.0275255612492028,0.9724744387507972,11.991238594055176,12.330645561218262,12.583656311035156,-4.357944178760591,-0.6949876021822279,0.03565350967749259,stem,stem
20160326_142521_1281_1081,Clean_Control,1,67,3286,625,2.0795987944068384,-0.026402904314338782,1.0264029043143388,3.4427201747894287,3.3541595935821533,3.2721285820007324,0.6306162350106914,-0.026744085962093767,1.0267440859620938,5.243208408355713,5.106635093688965,5.476367950439453,0.021896809210650476,-0.06614475710198531,1.0661447571019853,11.95014476776123,11.208744049072266,11.966742515563965,0.022348301916926834,-0.06553318715557199,1.065533187155572,11.95974063873291,11.224183082580566,11.976554870605469,-1.448982559396147,-0.6087194258000409,0.0004514927062763581,stem,stem
20160326_142521_641_1081,Clean_Control,1,61,2487,641,-0.8230810520665593,-0.01867640464429332,1.0186764046442933,3.3125009536743164,3.2517685890197754,3.285081624984741,-1.1307056887558566,-0.07916439187592794,1.079164391875928,5.950479507446289,5.513968467712402,5.718835353851318,-0.7500046058893972,-0.04507365352406212,1.0450736535240621,12.602025985717773,12.058504104614258,12.369087219238281,-0.7734981234467718,-0.04418698766493656,1.0441869876649366,12.608827590942383,12.075257301330566,12.376114845275879,-0.3076246366892973,0.38070108286645943,-0.02349351755737461,None,None
20160326_142745_1281_1081,Clean_Control,1,175,4508,1244,-0.568071481727267,0.11258761334648026,0.8874123866535197,2.926223039627075,3.2974772453308105,3.0607187747955322,-0.2211195435175223,-0.09209749144115342,1.0920974914411534,5.730843544006348,5.247555732727051,5.643330097198486,-0.3826433407225451,-0.05629701589033598,1.056297015890336,12.388361930847168,11.728103637695312,12.205636978149414,-0.38572158669685946,-0.055694383854920426,1.0556943838549204,12.400619506835938,11.74640941619873,12.218517303466797,0.3469519382097447,-0.16152379720502277,-0.0030782459743143864,None,None
20160326_142745_1921_1081,Clean_Control,1,110,6268,1055,-0.35959129534501405,0.05897557714511337,0.9410244228548866,3.1273586750030518,3.323354482650757,3.17919659614563,-0.2836552192871925,-0.07788142028273026,1.0778814202827303,5.546513557434082,5.145753860473633,5.457955837249756,-0.48246623979675424,-0.05445109760995037,1.0544510976099504,12.1988525390625,11.5689115524292,11.993839263916016,-0.4714734096635869,-0.05480210665651275,1.0548021066565128,12.219891548156738,11.585007667541504,12.01646900177002,0.07593607605782154,-0.19881102050956173,0.01099283013316732,None,None
20160328_151057_1281_721,Clean_Control,1,121,16667,1309,-1.607394479302739,-0.050208761660616164,1.0502087616606162,3.6431806087493896,3.4690051078796387,3.5358057022094727,0.003196505110451698,-0.05629797604734321,1.0562979760473432,5.409712791442871,5.121387958526611,5.410637378692627,-0.05756416527032079,-0.047756077547835174,1.0477560775478352,11.89838695526123,11.356064796447754,11.868867874145508,-0.05930092641696444,-0.04858599726582491,1.048585997265825,11.92258071899414,11.370149612426758,11.891654968261719,1.6105909844131907,-0.060760670380772486,-0.001736761146643652,None,None
20160328_151244_1921_1081,Clean_Control,1,63,2482,624,9.332274328984855,0.07349350905798657,0.9265064909420134,2.672304153442383,2.8842790126800537,2.909719228744507,-10.055975060616557,-0.01643061424985426,1.0164306142498543,4.70762825012207,4.631528377532959,4.638411521911621,1.4843099336805514,0.01110524649050526,0.9888947535094947,10.400188446044922,10.51698112487793,10.758133888244629,1.485258412748626,0.011113139942680927,0.9888868600573191,10.414018630981445,10.531050682067871,10.772225379943848,-19.388249389601413,11.540284994297108,0.0009484790680744926,stem,stem
20160328_151244_1921_361,Clean_Control,1,74,32088,673,-27.677142353504067,0.09448610385245626,0.9055138961475437,2.6020495891571045,2.8735601902008057,2.8640923500061035,-0.42263888552824447,-0.1124733332314074,1.1124733332314074,5.268688678741455,4.7360124588012695,5.110440731048584,-0.031824237412715915,-0.05502110239685165,1.0550211023968517,11.500414848327637,10.90064811706543,11.481916427612305,-0.028313905504244657,-0.05361331811415826,1.0536133181141583,11.51209831237793,10.926301956176758,11.49596881866455,27.254503467975823,0.3908146481155286,0.0035103319084712585,None,None
20160328_151752_1281_361,Clean_Control,1,58,17459,564,0.8121617436575628,-0.008776759427608916,1.008776759427609,3.0747411251068115,3.0479886531829834,3.1904115676879883,-1.697851983039264,-0.033762623505696254,1.0337626235056963,5.359959125518799,5.184902191162109,5.249789714813232,0.40975317220410096,0.022009641522296453,0.9779903584777035,11.302997589111328,11.55737018585205,11.126410484313965,0.39034907820350057,0.023150196635715492,0.9768498033642845,11.30457878112793,11.57248306274414,11.133044242858887,-2.510013726696827,2.107605155243365,-0.01940409400060039,stem,stem
20160328_152022_1921_361,Clean_Control,1,57,20409,535,0.37752517575527267,0.050570621030518015,0.949429378969482,2.9328672885894775,3.089083194732666,2.8381237983703613,0.4866557342261376,-0.04696331905099371,1.0469633190509937,5.194504737854004,4.961495399475098,5.41540002822876,0.24257987840614414,-0.04752798636422084,1.0475279863642208,11.707801818847656,11.176599502563477,11.877930641174316,0.24378890458862745,-0.047247835577156616,1.0472478355771566,11.72019100189209,11.19141960144043,11.890657424926758,0.10913055847086495,-0.24407585581999347,0.0012090261824833082,None,None
20160328_152022_1_721,Clean_Control,1,182,7414,2291,1.2900925903772997,-0.0009755021575881262,1.0009755021575881,2.965287446975708,2.9623966217041016,2.9524314403533936,0.5089394665178343,-0.030547529018311037,1.030547529018311,5.392504692077637,5.232658863067627,5.558170318603516,0.6638796428382734,-0.010392566831136651,1.0103925668311367,11.796968460083008,11.675627708435059,12.03663158416748,0.6733811474857111,-0.009877675591207336,1.0098776755912073,11.806528091430664,11.691046714782715,12.044612884521484,-0.7811531238594654,0.1549401763204391,0.009501504647437709,stem,stem
20160328_152305_1281_361,Clean_Control,1,90,16125,730,-4.714330327776264,-0.126362515212616,1.126362515212616,3.655341148376465,3.245260715484619,3.3170242309570312,0.5053110031117793,0.00618442765524807,0.9938155723447519,5.420916557312012,5.454649448394775,5.3864593505859375,0.1010939801203215,-0.01331488003549186,1.0133148800354919,12.00475025177002,11.847007751464844,12.022490501403809,0.10755790971618309,-0.01270229072652218,1.0127022907265222,12.016036033630371,11.865318298339844,12.034200668334961,5.219641330888043,-0.40421702299145784,0.0064639295958615894,stage0_block0,None
20160328_152305_1281_721,Clean_Control,1,98,13297,778,0.39509581509655295,-0.059895472392499594,1.0598954723924996,3.3894901275634766,3.197946548461914,3.5145976543426514,-0.5434538414221989,0.13581703479138174,0.8641829652086183,4.773397445678711,5.523594856262207,5.037543773651123,-1.429227097854257,0.09727242485571497,0.902727575144285,10.685084342956543,11.836442947387695,11.362482070922852,-1.4527007961920184,0.09652937741839762,0.9034706225816024,10.707243919372559,11.851235389709473,11.384814262390137,-0.9385496565187519,-0.8857732564320581,-0.023473698337761473,None,None
20160328_152305_641_361,Clean_Control,1,81,11877,790,0.5194129118979356,0.013252346936205694,0.9867476530637943,3.2941641807556152,3.338404893875122,3.246349334716797,0.2580193907666831,-0.0195827559645132,1.0195827559645132,5.517455577850342,5.411482810974121,5.554306983947754,-0.33216392855634164,-0.0534191912356512,1.0534191912356512,12.454358100891113,11.822793006896973,12.296882629394531,-0.3412816042751927,-0.052103483934233585,1.0521034839342336,12.46029281616211,11.843218803405762,12.303281784057617,-0.26139352113125247,-0.5901833193230248,-0.009117675718851082,stem,None
20160328_152305_641_721,Clean_Control,1,38,19480,433,2.8092599586767677,0.05877107258136316,0.9412289274186368,3.1095218658447266,3.3036818504333496,3.410996437072754,4.913290200217195,-0.022772447987316147,1.0227724479873161,5.479187488555908,5.357190132141113,5.326014995574951,-7.691397176156907,0.035135114686372426,0.9648648853136276,11.268924713134766,11.679276466369629,11.632062911987305,-7.497431490126375,0.035474274162021535,0.9645257258379785,11.28063678741455,11.695526123046875,11.646700859069824,2.104030241540427,-12.604687376374102,0.19396568603053232,stem,stem
20160328_152511_1281_361,Clean_Control,1,143,7435,1399,-3.0085023350070474,0.05401529922745485,0.9459847007725452,3.336747407913208,3.527273178100586,3.4797427654266357,-1.1044782357325458,-0.026660665399918404,1.0266606653999184,5.547584533691406,5.40352201461792,5.471977233886719,-1.5617484993073727,-0.03340890041788369,1.0334089004178837,12.274346351623535,11.877530097961426,12.032430648803711,-1.628308177401013,-0.0326129051190327,1.0326129051190327,12.283000946044922,11.89506721496582,12.042665481567383,1.9040240992745017,-0.4572702635748269,-0.06655967809364038,None,None
20160328_152511_1921_361,Clean_Control,1,86,10809,706,3.80118528273932,-0.037180609210401006,1.037180609210401,3.39506459236145,3.273358106613159,3.229909896850586,-0.21996295055951293,-0.0698049605141764,1.0698049605141764,5.90990686416626,5.524283409118652,5.8403778076171875,-0.021995817640651047,-0.06161181858804832,1.0616118185880483,12.672607421875,11.937137603759766,12.656778335571289,-0.01986839617491432,-0.061112711129728714,1.0611127111297287,12.683462142944336,11.952981948852539,12.669231414794922,-4.021148233298833,0.19796713291886187,0.002127421465736728,stem,stem
20160328_152747_1281_361,Clean_Control,1,121,11851,997,-1.1119451987397224,-0.07877413769764186,1.0787741376976419,3.643980026245117,3.3778886795043945,3.5038821697235107,-0.7466074550884305,-0.03056385265735706,1.030563852657357,5.444584846496582,5.283111572265625,5.375561237335205,2.6080666201098914,0.009912633838981,0.990087366161019,11.625028610229492,11.741415977478027,11.813793182373047,2.5928687829998043,0.00991062644155749,0.9900893735584425,11.640745162963867,11.7572660446167,11.83041763305664,0.3653377436512919,3.354674075198322,-0.015197837110087153,stage0_block1,stage0_block1
20160328_153548_1281_721,Clean_Control,1,56,28411,538,0.32796426048890037,0.054252632491002095,0.9457473675089979,3.017296552658081,3.190382242202759,2.932827949523926,0.8316048558430739,-0.010197365873211961,1.010197365873212,5.432656288146973,5.3778157234191895,5.703481674194336,1.7825225225225225,0.02961236680695367,0.9703876331930463,11.40099048614502,11.748902320861816,12.19350528717041,1.7835282339064693,0.029562692942555868,0.9704373070574441,11.417037963867188,11.764837265014648,12.208725929260254,0.5036405953541735,0.9509176666794487,0.0010057113839467835,stage0_block0,stage0_block0
20160328_153548_641_721,Clean_Control,1,159,15994,1678,-3.6317106053105546,0.06378821889459585,0.9362117811054042,3.0775856971740723,3.287274122238159,3.24200177192688,-0.8311007805812406,-0.07655203975430402,1.076552039754304,5.795101642608643,5.38301944732666,5.608065605163574,-0.5469506143900243,-0.057125771670430536,1.0571257716704305,12.461828231811523,11.788405418395996,12.22372817993164,-0.5611550268179416,-0.056064208800013615,1.0560642088000136,12.470476150512695,11.808444023132324,12.23250961303711,2.800609824729314,0.28415016619121625,-0.014204412427917257,None,None
20160328_153604_1921_361,Clean_Control,1,298,12156,2176,-0.2381935901082494,0.11153100357582224,0.8884689964241778,2.7201333045959473,3.0615952014923096,2.785820960998535,-0.15031314527939746,-0.09816915442749141,1.0981691544274914,5.396317958831787,4.913921356201172,5.333282470703125,-0.0526005854131666,-0.05148238494658974,1.0514823849465897,11.83751392364502,11.257927894592285,11.808550834655762,-0.05384420153505509,-0.050924453963359095,1.050924453963359,11.849403381347656,11.27521800994873,11.820066452026367,0.08788044482885193,0.09771255986623086,-0.0012436161218884884,None,None
20160328_153604_641_721,Clean_Control,1,136,14721,1009,-0.35476997869339494,0.12650795545715354,0.8734920445428465,2.749752998352051,3.1479990482330322,2.8540406227111816,0.9899632897956381,-0.0006201514763575222,1.0006201514763575,5.170936107635498,5.167730331420898,5.487135410308838,1.9779441566384919,0.02190799871332172,0.9780920012866783,11.300714492797852,11.553834915161133,11.812664031982422,2.0576547218811796,0.02279205112590399,0.977207948874096,11.30688190460205,11.570598602294922,11.819939613342285,1.344733268489033,0.9879808668428538,0.07971056524268771,stage0_block0,stage0_block0
20160328_153620_1281_361,Clean_Control,1,33,45264,596,-6.92317670798501,0.03371898347414348,0.9662810165258565,3.0046703815460205,3.1095192432403564,3.0962860584259033,2.553346560310969,0.03243891383333897,0.967561086166661,4.910660266876221,5.075296401977539,5.181284427642822,1.0670337526428668,0.002223075967806021,0.997776924032194,11.318549156188965,11.343766212463379,11.719950675964355,1.0541246938465334,0.0018246307711454746,0.9981753692288545,11.333725929260254,11.354442596435547,11.737200736999512,9.47652326829598,-1.4863128076681023,-0.012909058796333417,stage0_block0,stage0_block0
20160328_153629_641_361,Clean_Control,1,24,10160,333,-0.5551958142330796,0.11087918190465229,0.8891208180953477,2.908388137817383,3.2710821628570557,3.037867784500122,-0.6375162150916611,-0.13416503579851935,1.1341650357985193,5.6634063720703125,4.993457794189453,5.40258264541626,-0.5923537962554729,-0.09236093859600203,1.092360938596002,12.343189239501953,11.299551010131836,11.954957008361816,-0.6017390251179389,-0.091385689847584,1.091385689847584,12.351214408874512,11.317001342773438,11.962682723999023,-0.0823204008585815,0.04516241883618821,-0.009385228862465955,None,None
20160328_153829_1921_361,Clean_Control,1,236,3684,1372,0.027289396251999744,0.11360275198126235,0.8863972480187376,2.7089762687683105,3.056164026260376,2.6992359161376953,-0.1976293340364386,-0.15464639769294242,1.1546463976929424,5.158698558807373,4.467772483825684,5.044683933258057,-0.03276278535163088,-0.09775126898233522,1.0977512689823352,11.278164863586426,10.273879051208496,11.246305465698242,-0.033122156554275264,-0.09684069011482421,1.0968406901148242,11.285591125488281,10.289178848266602,11.253645896911621,-0.22491873028843834,0.1648665486848077,-0.0003593712026443846,None,None
20160328_153829_641_361,Clean_Control,1,26,7221,350,5.5436881771078665,-0.1975627185974842,1.1975627185974842,3.6804006099700928,3.0732414722442627,2.9396145343780518,1.0420080205865836,0.004671269082038854,0.9953287309179611,4.841644287109375,4.864366054534912,5.405257225036621,0.38719115390720066,-0.049825856236841215,1.0498258562368412,11.637015342712402,11.084709167480469,11.985979080200195,0.391612415387791,-0.04886418888038335,1.0488641888803834,11.644484519958496,11.101993560791016,11.993680000305176,-4.501680156521283,-0.654816866679383,0.004421261480590355,stem,stem
20160329_103807_361_641,Clean_Control,1,28,161,605,1.355214603020108,0.027840895588592263,0.9721591044114077,2.9411003589630127,3.025327205657959,3.2624425888061523,1.2094890548386434,-0.01812269476311057,1.0181226947631106,6.564906597137451,6.448049545288086,5.890230178833008,1.556537866703497,-0.026438177080685854,1.0264381770806859,13.576855659484863,13.227152824401855,12.598798751831055,1.5543726155021926,-0.026323040987046964,1.026323040987047,13.593846321105957,13.24519157409668,12.616273880004883,-0.14572554818146455,0.3470488118648536,-0.0021652512013043967,stem,stem
20160329_103807_721_1281,Clean_Control,1,53,2088,619,-0.470124917213269,-0.13120545993832988,1.1312054599383299,4.079151153564453,3.606020450592041,3.9278507232666016,-0.26102615829763914,0.10299355030099389,0.8970064496990061,4.740211486816406,5.284477710723877,4.852871894836426,-0.9162495615209659,0.08349831446614353,0.9165016855338565,10.636096954345703,11.6051025390625,11.099424362182617,-0.9156937067847173,0.08369704362973229,0.9163029563702677,10.653687477111816,11.626816749572754,11.118839263916016,0.20909875891562985,-0.6552234032233268,0.0005558547362486399,None,None
20160330_170359_1921_721,Clean_Control,1,43,23505,476,-3.0899328096628023,0.14798047107189394,0.8520195289281061,3.0641238689422607,3.596306085586548,3.466186046600342,-7.878230987598984,0.036013742221331246,0.9639862577786688,5.309091091156006,5.5074334144592285,5.485093116760254,1.7535360150564776,0.03985138875203986,0.9601486112479601,10.892269134521484,11.344356536865234,11.944311141967773,1.7705061823616284,0.04033370243769019,0.9596662975623098,10.903241157531738,11.361491203308105,11.956230163574219,-4.788298177936182,9.631767002655462,0.016970167305150774,stage0_block1,stage0_block1
20160330_172309_641_721,Clean_Control,1,38,30824,377,0.7469483629265015,0.025897982916926465,0.9741020170830735,3.134051561355591,3.217374086380005,2.8881032466888428,0.7996609356522026,-0.02246952057351348,1.0224695205735135,5.256422519683838,5.1409077644348145,5.717504024505615,0.7456170710913741,-0.016612103483489626,1.0166121034834896,11.667510032653809,11.47685432434082,12.226337432861328,0.7428452245709417,-0.016835316255649824,1.0168353162556498,11.682500839233398,11.4890775680542,12.241244316101074,0.05271257272570118,-0.05404386456082855,-0.002771846520432386,stem,stem
20160402_150314_1_721,Clean_Control,1,19,9217,369,0.11078050838834788,0.0927832509215758,0.9072167490784242,2.770758867263794,3.0541300773620605,2.7354559898376465,1.1653199535999745,0.011721033845826678,0.9882789661541733,5.019519805908203,5.079050540924072,5.439144611358643,1.18207200940296,0.0063459371036342915,0.9936540628963657,11.334704399108887,11.407092094421387,11.804669380187988,1.185925608576146,0.006449109699891653,0.9935508903001083,11.349678993225098,11.423348426818848,11.819579124450684,1.0545394452116266,0.016752055802985444,0.003853599173186062,stage0_block0,stage0_block0
20160402_151049_1281_721,Clean_Control,1,24,35347,495,2.8010216264346397,-0.1161651710072853,1.1161651710072853,3.6976354122161865,3.3128020763397217,3.0991270542144775,1.5480512263094663,0.04463777598199248,0.9553622240180075,4.790630340576172,5.014463901519775,5.422881126403809,1.204492285898133,0.010364306470721396,0.9896356935292786,11.199577331542969,11.31686782836914,11.890437126159668,1.2051492322560577,0.01038448286728233,0.9896155171327177,11.208762168884277,11.326379776000977,11.899706840515137,-1.2529704001251734,-0.3435589404113333,0.0006569463579246815,stem,stem
20160405_171348_1281_721,Clean_Control,1,35,37239,529,-0.6823946192369018,0.09661299131861145,0.9033870086813885,3.340261220932007,3.6974854469299316,3.485154628753662,3.3844801697015923,-0.034133964615791434,1.0341339646157914,5.781035900115967,5.590218544006348,5.510193824768066,-1.3664075768872543,-0.08016777106768336,1.0801677710676834,12.765155792236328,11.81775188446045,12.218107223510742,-1.3724502281658917,-0.07966725374420469,1.0796672537442047,12.780169486999512,11.837136268615723,12.23462963104248,4.066874788938494,-4.750887746588846,-0.006042651278637345,stage0_block0,stage0_block0
20160405_171348_1_721,Clean_Control,1,23,981,584,-26.361757346884858,-0.11190661547740954,1.1119066154774095,4.170843601226807,3.751072645187378,3.766414165496826,2.5791364556796657,0.09760613443480859,0.9023938655651914,4.689311981201172,5.196523666381836,5.517719268798828,3.1282365961929384,0.10194461649014397,0.898055383509856,10.387598037719727,11.566766738891602,12.12082576751709,3.1244652902906345,0.1016542907724598,0.8983457092275402,10.413823127746582,11.5922212600708,12.14690113067627,28.940893802564524,0.5491001405132727,-0.003771305902303901,stage0_block0,stage0_block0
20160405_171348_641_721,Clean_Control,1,137,3006,502,-0.4199806375732425,-0.03344958951147059,1.0334495895114706,3.9218811988830566,3.794940948486328,3.8843367099761963,-3.547458694034931,-0.2012612327524108,1.2012612327524108,6.558795928955078,5.45992374420166,5.701569080352783,-3.178386086473838,-0.14193114624422964,1.1419311462442296,13.399791717529297,11.73432445526123,12.132915496826172,-3.1750710490399716,-0.14167807437137547,1.1416780743713755,13.423580169677734,11.75776195526123,12.156753540039062,-3.1274780564616886,0.36907260756109306,0.003315037433866408,None,None
20160407_163130_1281_721,Clean_Control,1,21,21747,302,1.7114409730859161,-0.040084353031212716,1.0400843530312127,3.5387275218963623,3.402345657348633,3.2106475830078125,0.8238678003062495,-0.005366956152273339,1.0053669561522733,5.28089714050293,5.252705097198486,5.412766933441162,0.5581668722149854,-0.02207775695039138,1.0220777569503914,11.815199851989746,11.559980392456055,12.137618064880371,0.558893063531218,-0.02197038524685979,1.0219703852468598,11.827644348144531,11.573371887207031,12.149813652038574,-0.8875731727796666,-0.2657009280912641,0.0007261913162326383,stem,stem
20160407_163130_1_361,Clean_Control,1,56,2534,622,3.542087542087542,-0.040605498629036285,1.0406054986290363,3.3813412189483643,3.249396800994873,3.197492837905884,-0.6058093526150724,-0.08170739900662505,1.081707399006625,5.633755207061768,5.208205223083496,5.473211765289307,-0.6574790742453049,-0.07916452723390499,1.079164527233905,12.444293022155762,11.531413078308105,12.08217716217041,-0.6574373414580347,-0.07940994176680327,1.0794099417668033,12.46785831451416,11.550622940063477,12.104028701782227,-4.1478968947026145,-0.051669721630232535,4.1732787270265526e-05,stem,stem
20160407_165001_1281_361,Clean_Control,1,82,12410,682,1.1231897746997959,-0.005414755598838639,1.0054147555988386,3.0599124431610107,3.0434319972991943,2.909651041030884,0.42305161066851404,-0.05153268898311869,1.0515326889831187,5.510247707366943,5.240204811096191,5.708258628845215,0.33673868743167923,-0.03617905853122649,1.0361790585312265,12.081368446350098,11.659536361694336,12.295533180236816,0.3422416912962181,-0.03563104408869755,1.0356310440886975,12.090944290161133,11.674952507019043,12.307391166687012,-0.7001381640312818,-0.08631292323683482,0.005503003864538891,stem,stem
20160407_165001_1_1081,Clean_Control,1,106,4495,1184,-0.6029675920186869,0.10036349355006491,0.8996365064499351,2.8187944889068604,3.13325834274292,2.937082290649414,-0.48146059703983224,-0.10327927937933512,1.1032792793793351,5.607367515563965,5.082454204559326,5.4367756843566895,-0.21766122055667925,-0.06610659115551343,1.0661065911555134,12.166152954101562,11.411759376525879,12.031302452087402,-0.2186092782962001,-0.06562994796615484,1.0656299479661548,12.177352905273438,11.427373886108398,12.04281234741211,0.12150699497885464,0.263799376483153,-0.0009480577395208634,None,None
20160407_165001_641_721,Clean_Control,1,154,1409,1066,-0.902342827816269,0.10818160046088443,0.8918183995391156,2.914160966873169,3.2676608562469482,3.0818374156951904,-0.3097692869356885,-0.1468410392790347,1.1468410392790347,5.725066184997559,4.992030143737793,5.551698207855225,-0.1843031105029034,-0.1248759862815838,1.1248759862815838,12.162901878356934,10.81265926361084,11.952775001525879,-0.18698050405792152,-0.12364630931399967,1.1236463093139997,12.170821189880371,10.83154010772705,11.95984935760498,0.5925735408805805,0.1254661764327851,-0.002677393555018115,None,None
IMG_2931_649_485,Clean_Control,1,36,13266,478,1.5592535450794567,-0.017157097634496354,1.0171570976344964,3.806777000427246,3.7425644397735596,3.627746105194092,-2.4260294822526256,0.13334247146344114,0.8666575285365589,5.0507049560546875,5.827796936035156,5.600976943969727,1.2540999907195036,0.01411895193362811,0.9858810480663719,11.48679256439209,11.65129566192627,12.298690795898438,1.2270849237811698,0.012870400904707924,0.9871295990952921,11.50981616973877,11.659882545471191,12.320720672607422,-3.9852830273320823,3.680129472972129,-0.027015066938333776,stem,stem
IMG_2941_1_485,Clean_Control,1,56,1365,553,-8.741031022786649,0.07096055095337062,0.9290394490466294,3.4333903789520264,3.69563364982605,3.6687121391296387,0.37330672852929353,0.03184452535043747,0.9681554746495625,5.62775182723999,5.812858581542969,5.5174880027771,0.9492160156796864,-0.0004636626911946884,1.0004636626911947,11.941205978393555,11.935670852661133,12.04466438293457,0.9825111987339396,-0.00015605637234883396,1.0001560563723488,11.948745727539062,11.946880340576172,12.053542137145996,9.114337751315942,0.5759092871503928,0.033295183054253163,stage0_block1,stage0_block1
