dice,precision,recall,gt_area,pred_area,gt_cc,pred_cc,signed_cc_error,abs_cc_error,bridge_events,merged_gt_components,false_bridge_rate,fragmented_gt_components,extra_pred_fragments,breakage_rate,spurious_island_count,spurious_island_rate,spurious_area,cldice,tprec,tsens,has_merge,has_fragment,has_island,phenotype,case_name
0.8762918885058785,0.9426165075794819,0.8186872134980889,20506,17810,1,1,0,0,0,0,0.0,0,0,0.0,0,0.0,0,0.9722555349120441,0.9910313901345291,0.954177897574124,False,False,False,clean,20160222_080850_1281_361
0.7037325038866569,0.5709779179792713,0.916919959468506,1974,3170,2,1,-1,1,1,2,1.0,0,0,0.0,0,0.0,0,0.8825966850828729,0.8658536585365854,0.9,True,False,False,merge,20160222_080850_1281_721
0.404995539694893,0.3883661248897488,0.4231127679364109,1073,1169,1,9,8,8,0,0,0.0,1,2,1.0,6,0.6666666666666666,513,0.40950639853747717,0.43243243243243246,0.3888888888888889,False,True,True,mixed,20160222_080850_1921_1
0.8784864932698904,0.9281973082271907,0.833829660511713,16790,15083,1,3,2,2,0,0,0.0,1,2,1.0,0,0.0,0,0.9796557120500783,1.0,0.9601226993865031,False,True,False,fragment,20160222_080850_1921_361
0.8480563861595797,0.8652429723247482,0.8315392670153585,23875,22945,1,1,0,0,0,0,0.0,0,0,0.0,0,0.0,0,0.9519741983056625,0.9390402075226978,0.9652694610778443,False,False,False,clean,20160222_080850_1_361
0.7804850819166652,0.7162909836061904,0.8573180452505627,16309,19520,4,1,-3,3,1,3,0.75,0,0,0.0,0,0.0,0,0.8518414394152375,0.8233695652173914,0.8823529411764706,True,False,False,merge,20160222_080850_641_361
0.7483760030562204,0.6208590901876354,0.941812935799611,4159,6309,1,1,0,0,0,0,0.0,0,0,0.0,0,0.0,0,0.9165302782324057,0.8888888888888888,0.9459459459459459,False,False,False,clean,20160222_080850_641_721
0.5136478115849746,0.36091448249439356,0.8904885532195174,4237,10454,10,5,-5,5,2,8,0.8,0,0,0.0,1,0.2,84,0.6814865556648142,0.556420233463035,0.8790760869565217,True,False,True,mixed,20160222_115224_1281_1
0.8488961429423169,0.7904335306338339,0.9166975881244588,5390,6251,1,1,0,0,0,0,0.0,0,0,0.0,0,0.0,0,0.9928281216587435,0.9912790697674418,0.9943820224719101,False,False,False,clean,20160222_115224_1281_1081
0.5278036079588473,0.4014144271558659,0.770358306184743,1842,3535,6,4,-2,2,1,2,0.3333333333333333,1,1,0.16666666666666666,1,0.25,3,0.690786923375113,0.6470588235294118,0.7408536585365854,True,True,True,mixed,20160222_115224_1281_361
0.7661290322574704,0.6711956521730011,0.8923410404608159,5536,7360,4,3,-1,1,1,2,0.5,0,0,0.0,1,0.3333333333333333,4,0.8514090677908979,0.835,0.8684759916492694,True,False,True,mixed,20160222_115224_1281_721
0.813469792007879,0.7109059434465614,0.9506172839432824,1296,1733,1,1,0,0,0,0,0.0,0,0,0.0,0,0.0,0,0.9792729245794899,0.9690721649484536,0.9896907216494846,False,False,False,clean,20160222_115224_1921_1081
0.7126784214941434,0.6352025543797294,0.8116792043850418,7843,10022,4,4,0,0,1,2,0.5,1,1,0.25,0,0.0,0,0.855604343091711,0.903179190751445,0.8127906976744186,True,True,False,mixed,20160222_115224_641_1
0.015721692590707943,0.011012183692570262,0.0274693161892024,1711,4268,1,5,4,4,0,0,0.0,0,0,0.0,4,0.8,4186,0.013824884792626727,0.009036144578313253,0.029411764705882353,False,False,True,island,20160222_115224_641_1081
0.8007026077546268,0.6873115286460513,0.9588996763723013,3090,4311,2,1,-1,1,1,2,1.0,0,0,0.0,0,0.0,0,0.9323454054428365,0.8859060402684564,0.9839228295819936,True,False,False,merge,20160222_115224_641_361
0.5474893241046275,0.6980848666890797,0.45033914728573077,4128,2663,5,1,-4,4,0,0,0.0,0,0,0.0,0,0.0,0,0.5176746917204932,0.9666666666666667,0.35348837209302325,False,False,False,clean,20160222_115224_641_721
0.7024935511602877,0.5597807468304673,0.9428736295423296,5199,8757,1,2,1,1,0,0,0.0,0,0,0.0,1,0.5,1739,0.819202105201143,0.7070938215102975,0.9735576923076923,False,False,True,island,20160222_115837_1281_1
0.6738643844625756,0.5085453100148877,0.9984393289075364,2563,5032,4,1,-3,3,1,4,1.0,0,0,0.0,0,0.0,0,0.8913385826771654,0.8039772727272727,1.0,True,False,False,merge,20160222_115837_1281_1081
0.7389822807806236,0.6045344731451319,0.9503359626031249,3423,5381,4,1,-3,3,1,4,1.0,0,0,0.0,0,0.0,0,0.9208262281926837,0.8900523560209425,0.9538043478260869,True,False,False,merge,20160222_115837_1281_361
0.7189436809475628,0.5638207945888338,0.991821561334603,2690,4732,1,1,0,0,0,0,0.0,0,0,0.0,0,0.0,0,0.9612267936380199,0.9322493224932249,0.9920634920634921,False,False,False,clean,20160222_115837_1281_721
0.8712621970405482,0.8623052959488127,0.8804071246805337,6288,6420,2,1,-1,1,1,2,1.0,0,0,0.0,0,0.0,0,0.9032752346293814,0.9,0.9065743944636678,True,False,False,merge,20160222_164851_1281_1081
0.8458333333329878,0.8113636363630005,0.8833617747432735,11720,12760,2,2,0,0,0,0,0.0,0,0,0.0,0,0.0,0,0.9093688905268795,0.9440389294403893,0.8771551724137931,False,False,False,clean,20160222_164851_641_1
0.7349641346326191,0.6015656362900426,0.9443831731511827,6347,9964,3,3,0,0,0,0,0.0,0,0,0.0,0,0.0,0,0.8521183053557153,0.78,0.9389312977099237,False,False,False,clean,20160222_164851_641_1081
0.8174452036888774,0.7233676975940236,0.9396514722285693,11649,15132,7,4,-3,3,1,5,0.7142857142857143,1,1,0.14285714285714285,1,0.25,19,0.8652038546339802,0.8169838945827232,0.9194729136163983,True,True,True,mixed,20160222_164851_641_361
0.8414300985861973,0.7436489607385095,0.9688183807430991,10968,14289,3,4,1,1,1,2,0.6666666666666666,0,0,0.0,2,0.5,121,0.9230098877157701,0.8596491228070176,0.9964539007092199,True,False,True,mixed,20160222_164851_641_721
0.7865133623364478,0.6562094892397751,0.9813881349347533,7737,11571,1,1,0,0,0,0,0.0,0,0,0.0,0,0.0,0,0.9949748743718593,0.99,1.0,False,False,False,clean,20160222_165225_1281_361
0.746727376207323,0.6277511961692452,0.9213483146002714,1424,2090,1,1,0,0,0,0,0.0,0,0,0.0,0,0.0,0,0.9066954935477333,0.990990990990991,0.8356164383561644,False,False,False,clean,20160222_165225_1281_721
0.6233513955625072,0.4663810907974708,0.9395900755109576,6489,13073,2,1,-1,1,1,2,1.0,0,0,0.0,0,0.0,0,0.8317893972599055,0.728486646884273,0.9692307692307692,True,False,False,merge,20160222_165225_1921_721
0.7634819532904652,0.6370803436968402,0.9524566282598961,7551,11289,1,1,0,0,0,0,0.0,0,0,0.0,0,0.0,0,0.9345189975747777,0.8770864946889226,1.0,False,False,False,clean,20160222_165225_1_361
0.7879969667420712,0.7134870034323555,0.879883875649111,8267,10195,4,3,-1,1,0,0,0.0,1,1,0.25,1,0.3333333333333333,4,0.9303839438246335,0.9863574351978172,0.88042203985932,False,True,True,mixed,20160222_165225_641_361
0.9149495835155003,0.8693116734344795,0.965644881433238,8645,9603,1,1,0,0,0,0,0.0,0,0,0.0,0,0.0,0,0.9974874371859296,1.0,0.9949874686716792,False,False,False,clean,20160222_165402_1281_1
0.880357960034128,0.7950955180007392,0.9861032008190156,8779,10888,2,1,-1,1,1,2,1.0,0,0,0.0,0,0.0,0,0.9289731858958924,0.8692660550458715,0.9974874371859297,True,False,False,merge,20160222_165402_1281_361
0.9201993157813029,0.9058496229585578,0.9350109574541411,13233,13659,1,1,0,0,0,0,0.0,0,0,0.0,0,0.0,0,0.9961587708066582,0.9923469387755102,1.0,False,False,False,clean,20160222_165402_641_1081
0.8679427221441262,0.7702378914934364,0.9940364439525189,9055,11686,1,1,0,0,0,0,0.0,0,0,0.0,0,0.0,0,0.9570871261378413,0.9177057356608479,1.0,False,False,False,clean,20160222_165402_641_721
0.43813658373611936,0.2805217019450919,0.9999999999923781,1312,4677,2,3,1,1,1,2,1.0,0,0,0.0,2,0.6666666666666666,117,0.7748344370860927,0.6324324324324324,1.0,True,False,True,mixed,20160222_165926_1281_361
0.6624884267497596,0.49759281052690957,0.9908393694056438,4694,9347,1,1,0,0,0,0,0.0,0,0,0.0,0,0.0,0,0.8861585264296695,0.796711509715994,0.9982300884955753,False,False,False,clean,20160222_165926_1281_721
0.686789667896172,0.5369878822844351,0.9525076765589509,4885,8665,4,1,-3,3,1,4,1.0,0,0,0.0,0,0.0,0,0.9310934004370177,0.9089481946624803,0.9543446244477173,True,False,False,merge,20160222_165926_1921_721
0.5539473684198378,0.3915065096082099,0.9467766116870557,1334,3226,4,3,-1,1,0,0,0.0,0,0,0.0,0,0.0,0,0.760669007797155,0.6870229007633588,0.852,False,False,False,clean,20160222_165926_1_1081
0.5871783496000585,0.42379122638420785,0.9555956678665863,2770,6246,5,4,-1,1,1,2,0.4,0,0,0.0,0,0.0,0,0.8053025897550261,0.7176220806794055,0.9173913043478261,True,False,False,merge,20160222_165926_1_721
0.7240143369166977,0.5772528100579591,0.970842678625534,3121,5249,1,1,0,0,0,0,0.0,0,0,0.0,0,0.0,0,0.9730742539902846,0.95,0.9972972972972973,False,False,False,clean,20160222_165926_641_1
0.6374287195431442,0.469456322540517,0.9925734581821357,3097,6548,2,3,1,1,1,2,1.0,0,0,0.0,2,0.6666666666666666,137,0.9107551487414187,0.8361344537815126,1.0,True,False,True,mixed,20160222_165926_641_361
0.7081561654421413,0.5567824941742915,0.9725712263299017,5651,9871,2,2,0,0,0,0,0.0,0,0,0.0,0,0.0,0,0.9248461230617119,0.8659658344283837,0.9923175416133163,False,False,False,clean,20160222_165926_641_721
0.6548701037556061,0.5874458874450398,0.7397783027426136,5503,6930,2,4,2,2,0,0,0.0,1,2,0.5,0,0.0,0,0.8009829143641628,0.7886904761904762,0.8136645962732919,False,True,False,fragment,20160302_155857_1281_1
0.7744519862018613,0.6923995224823991,0.878566018681042,7922,10052,1,2,1,1,0,0,0.0,1,1,1.0,0,0.0,0,0.9252044860443546,0.890295358649789,0.9629629629629629,False,True,False,fragment,20160302_155857_1281_361
0.36120600029650796,0.2204496011598614,0.9991783073048548,1217,5516,1,1,0,0,0,0,0.0,0,0,0.0,0,0.0,0,0.40740740740740744,0.2558139534883721,1.0,False,False,False,clean,20160302_155857_1281_721
0.8824619560959301,0.8551193848639947,0.911610850455206,18543,19768,1,1,0,0,0,0,0.0,0,0,0.0,0,0.0,0,0.975762314308053,1.0,0.9526717557251908,False,False,False,clean,20160302_155857_1_721
0.6959243643794889,0.5501186688882744,0.9468926553664085,11505,19803,3,1,-2,2,1,3,1.0,0,0,0.0,0,0.0,0,0.8172998824048395,0.7036553524804178,0.9747235387045814,True,False,False,merge,20160302_155857_641_721
0.5936164600366164,0.4449189402922539,0.8916006339130086,6310,12645,10,2,-8,8,1,5,0.5,0,0,0.0,0,0.0,0,0.7147197748819136,0.6322241681260946,0.8219749652294854,True,False,False,merge,20160307_144202_1281_361
0.5082006948367874,0.34077364828221823,0.9990470139739548,3148,9229,5,1,-4,4,1,5,1.0,0,0,0.0,0,0.0,0,0.6216913563770631,0.45168067226890757,0.9969325153374233,True,False,False,merge,20160307_144202_1281_721
0.5738447598911272,0.40863144311405525,0.9633260098014506,11834,27898,5,1,-4,4,1,3,0.6,0,0,0.0,0,0.0,0,0.7181675296368895,0.5802781289506953,0.9420152091254753,True,False,False,merge,20160307_144202_1921_361
0.7869188082536537,0.6748290519309393,0.9436619718303761,15478,21644,7,1,-6,6,1,6,0.8571428571428571,0,0,0.0,0,0.0,0,0.8480079866663283,0.8014285714285714,0.9003359462486002,True,False,False,merge,20160307_144202_1_361
0.6940701685866386,0.5408297829171531,0.9684831970926716,11010,19716,10,2,-8,8,1,10,1.0,0,0,0.0,1,0.5,291,0.8481732553869363,0.7509578544061303,0.9743016759776536,True,False,True,mixed,20160307_144202_641_361
0.8430759896857749,0.7395029535411954,0.9803866233942568,14174,18791,4,1,-3,3,1,3,0.75,0,0,0.0,0,0.0,0,0.8742467955708152,0.8237822349570201,0.9312977099236641,True,False,False,merge,20160307_145059_1281_361
0.7333028594643032,0.5883455582717291,0.9730421889729437,7419,12270,3,3,0,0,0,0,0.0,0,0,0.0,1,0.3333333333333333,186,0.9181309477135831,0.8763693270735524,0.9640718562874252,False,False,True,island,20160307_145059_1281_721
0.6981535471326866,0.5381542149415319,0.9935460077429586,5423,10012,3,2,-1,1,1,3,1.0,0,0,0.0,1,0.5,29,0.8666336865276133,0.7728395061728395,0.9863387978142076,True,False,True,mixed,20160307_145059_1921_1081
0.8608152772674033,0.823554212633811,0.9016078159851514,12999,14231,1,1,0,0,0,0,0.0,0,0,0.0,0,0.0,0,0.928527551516247,0.8850072780203785,0.9765494137353434,False,False,False,clean,20160307_145059_1921_361
0.7659251769457651,0.6484519902972629,0.9353776497202401,4859,7009,3,3,0,0,1,2,0.6666666666666666,0,0,0.0,1,0.3333333333333333,22,0.8833238657677839,0.8493589743589743,0.9201183431952663,True,False,True,mixed,20160307_145059_1921_721
0.8745800110321074,0.7832569837413246,0.9900090826510104,8808,11133,1,1,0,0,0,0,0.0,0,0,0.0,0,0.0,0,0.9580838323353293,0.9195402298850575,1.0,False,False,False,clean,20160307_145059_1_361
0.7964223735143529,0.6792667653413648,0.9624132924649743,6199,8783,1,1,0,0,0,0,0.0,0,0,0.0,0,0.0,0,0.8917748917748918,0.8046875,1.0,False,False,False,clean,20160307_145059_1_721
0.7089470812870233,0.5552232428962238,0.980384760465899,5302,9362,2,2,0,0,0,0,0.0,0,0,0.0,0,0.0,0,0.8152540504794444,0.736,0.9136363636363637,False,False,False,clean,20160307_145059_641_361
0.8209871975132017,0.7043809523805051,0.9838595246532601,11276,15750,2,1,-1,1,1,2,1.0,0,0,0.0,0,0.0,0,0.9812855980471928,0.963258785942492,1.0,True,False,False,merge,20160307_145059_641_721
0.8492350486775393,0.9999999999967246,0.7379743775665024,4137,3053,1,1,0,0,0,0,0.0,0,0,0.0,0,0.0,0,0.8880597014925372,1.0,0.7986577181208053,False,False,False,clean,20160307_162438_1281_361
0.8857409449485307,0.9521812080533439,0.8279679025656291,31529,27416,1,1,0,0,0,0,0.0,0,0,0.0,0,0.0,0,0.9904874508412074,0.9870503597122302,0.9939485627836612,False,False,False,clean,20160307_162438_1281_721
0.7023418103735146,0.542387812208238,0.9960982108859953,10508,19298,2,1,-1,1,1,2,1.0,0,0,0.0,0,0.0,0,0.7879835038024493,0.6549815498154982,0.9887640449438202,True,False,False,merge,20160307_162438_1921_1081
0.8923624069722087,0.8804366660886845,0.9046156585209842,22467,23084,1,1,0,0,0,0,0.0,0,0,0.0,0,0.0,0,0.9866355786467758,0.9753954305799648,0.9981378026070763,False,False,False,clean,20160307_162438_1921_721
0.8772198240532106,0.9200527250842685,0.8381976713828544,38306,34898,1,1,0,0,0,0,0.0,0,0,0.0,0,0.0,0,0.9955817378497791,1.0,0.9912023460410557,False,False,False,clean,20160307_162438_1_361
0.8821598777086409,0.8727038206641139,0.8918230989496423,22001,22483,1,1,0,0,0,0,0.0,0,0,0.0,0,0.0,0,0.9782534565773859,0.9984871406959153,0.9588235294117647,False,False,False,clean,20160307_162438_641_361
0.7325417589047208,0.6135520845031873,0.908788282288767,6008,8899,1,1,0,0,0,0,0.0,0,0,0.0,0,0.0,0,0.7212543554006968,0.5640326975476839,1.0,False,False,False,clean,20160307_162438_641_721
0.41908240127776863,0.26508807392396033,0.9999999999945535,1836,6926,4,1,-3,3,1,4,1.0,0,0,0.0,0,0.0,0,0.6921797004991681,0.5292620865139949,1.0,True,False,False,merge,20160310_114505_1281_1
0.5398212245442974,0.378225654548523,0.9425017601479876,4261,10618,4,1,-3,3,1,4,1.0,0,0,0.0,0,0.0,0,0.7202947497697267,0.6,0.9009216589861752,True,False,False,merge,20160310_114505_641_1
0.5758284064343628,0.4049115343706807,0.996431120625752,4203,10343,3,4,1,1,1,3,1.0,0,0,0.0,3,0.75,81,0.6995108547213692,0.538647342995169,0.9973684210526316,True,False,True,mixed,20160310_114505_641_1081
0.492285866288058,0.3285725558270902,0.9811498586216278,4244,12673,5,2,-3,3,1,5,1.0,0,0,0.0,1,0.5,67,0.5904007021011205,0.42147117296222664,0.9853300733496333,True,False,True,mixed,20160310_114505_641_361
0.6012890706212479,0.4306989674340441,0.9956392012830029,4357,10072,4,1,-3,3,1,4,1.0,0,0,0.0,0,0.0,0,0.7940137237765894,0.6608040201005025,0.9944903581267218,True,False,False,merge,20160310_114505_641_721
0.8658403704706715,0.8701067615646454,0.8616156139863627,7378,7306,1,1,0,0,0,0,0.0,0,0,0.0,0,0.0,0,0.9244186046511628,1.0,0.8594594594594595,False,False,False,clean,20160316_142539_1281_361
0.8051353503180707,0.7388802630370455,0.8844429867706521,9147,10949,2,4,2,2,1,2,1.0,0,0,0.0,3,0.75,209,0.9261263112237327,0.9124513618677043,0.9402173913043478,True,False,True,mixed,20160316_142539_1281_721
0.690861580895445,0.5910332836558674,0.8312663755451255,11450,16104,7,2,-5,5,2,6,0.8571428571428571,0,0,0.0,0,0.0,0,0.7260043848409783,0.6521060842433697,0.8187919463087249,True,False,False,merge,20160316_142539_1921_361
0.7041269646739471,0.5810872313524242,0.8932680348251762,12864,19775,7,3,-4,4,2,6,0.8571428571428571,0,0,0.0,1,0.3333333333333333,5,0.7958233385071256,0.6976744186046512,0.9261083743842364,True,False,True,mixed,20160316_142539_1_721
0.6346330979426974,0.5220751667000798,0.8090652888673797,12774,19796,4,3,-1,1,2,4,1.0,0,0,0.0,1,0.3333333333333333,8,0.6730578317091671,0.5919689119170984,0.7798882681564245,True,False,True,mixed,20160316_142539_641_721
0.862118146538571,0.819678334909606,0.9091926682517775,14294,15855,1,1,0,0,0,0,0.0,0,0,0.0,0,0.0,0,0.9602452922622067,0.9440860215053763,0.9769673704414588,False,False,False,clean,20160316_143445_1281_1
0.762881844379524,0.6783517835164445,0.8714774822205124,3797,4878,4,1,-3,3,1,2,0.5,0,0,0.0,0,0.0,0,0.8999183738477772,0.8899082568807339,0.91015625,True,False,False,merge,20160316_143445_1281_1081
0.8442068745793323,0.7519233194597351,0.9623113550149606,12391,15858,2,2,0,0,1,2,1.0,0,0,0.0,1,0.5,1400,0.9045316186494942,0.8297491039426523,0.9941291585127201,True,False,True,mixed,20160316_143445_1281_361
0.813896744856426,0.807760044028174,0.8201274027711107,17896,18170,2,3,1,1,0,0,0.0,1,1,0.5,0,0.0,0,0.9033426055771396,0.9703903095558546,0.8449612403100775,False,True,False,fragment,20160316_143445_1281_721
0.69204616194958,0.594536778014979,0.8278153282153421,8729,12154,2,1,-1,1,1,2,1.0,0,0,0.0,0,0.0,0,0.732254857659286,0.6713286713286714,0.8053435114503816,True,False,False,merge,20160316_143445_1921_1081
0.8678868884340591,0.8515365042074265,0.8848774534720991,9833,10218,1,1,0,0,0,0,0.0,0,0,0.0,0,0.0,0,0.9624939113492451,0.9309462915601023,0.9962546816479401,False,False,False,clean,20160316_143445_1_1081
0.6108013647327861,0.4713588492159371,0.8674072323307317,4231,7786,2,3,1,1,0,0,0.0,0,0,0.0,1,0.3333333333333333,2418,0.7292011932383162,0.6303724928366762,0.8647798742138365,False,False,True,island,20160316_143445_1_721
0.8541685774553543,0.7722862592248343,0.955473479018205,9747,12059,1,1,0,0,0,0,0.0,0,0,0.0,0,0.0,0,0.9913931615277186,0.9979959919839679,0.9848771266540642,False,False,False,clean,20160316_143445_641_361
0.8463389848634292,0.8045556233467515,0.8926999887161313,8863,9834,1,1,0,0,0,0,0.0,0,0,0.0,0,0.0,0,0.9885696245141515,0.9812108559498957,0.996039603960396,False,False,False,clean,20160316_143445_641_721
0.7914907985814656,0.7902899527977155,0.7926952992891505,11828,11864,4,2,-2,2,0,0,0.0,0,0,0.0,0,0.0,0,0.8577758433079434,0.9769874476987448,0.7644927536231884,False,False,False,clean,20160316_143527_1281_1081
0.7366980325051553,0.7988868274552917,0.6834920634898937,3150,2695,4,4,0,0,1,2,0.5,0,0,0.0,3,0.75,84,0.5936911909669325,0.7571428571428571,0.48828125,True,False,True,mixed,20160316_143527_1281_361
0.7626162246131719,0.7371047518103087,0.7899569312315822,21129,22644,7,1,-6,6,1,5,0.7142857142857143,0,0,0.0,0,0.0,0,0.827211098849125,0.8656987295825771,0.792,True,False,False,merge,20160316_143527_1281_721
0.71343096981572,0.5833515881704393,0.918170325248916,8701,13695,2,4,2,2,1,2,1.0,0,0,0.0,3,0.75,243,0.8459336811506192,0.7838179519595448,0.9187418086500655,True,False,True,mixed,20160316_143527_1921_361
0.6369737644901897,0.6294672220997265,0.6446615021885655,8907,9122,2,1,-1,1,0,0,0.0,0,0,0.0,0,0.0,0,0.8265108503136743,0.9106029106029107,0.7566371681415929,False,False,False,clean,20160316_143527_1_1
0.6855179704007855,0.5285248573746363,0.975187969921146,2660,4908,2,2,0,0,1,2,1.0,0,0,0.0,1,0.5,279,0.9315791546854689,0.889967637540453,0.9772727272727273,True,False,True,mixed,20160316_143527_1_361
0.8229954614216727,0.7634016278409922,0.8926813258933456,9141,10689,1,1,0,0,0,0,0.0,0,0,0.0,0,0.0,0,0.9385895037142697,0.9423076923076923,0.9349005424954792,False,False,False,clean,20160316_143527_641_1
0.7682359481520414,0.7088935687668292,0.8384212543103599,15658,18519,8,2,-6,6,1,3,0.375,0,0,0.0,0,0.0,0,0.7869366899353284,0.793233082706767,0.7807394668959587,True,False,False,merge,20160316_143527_641_361
0.6866785908696735,0.6937460716519583,0.6797536566579219,6495,6364,3,1,-2,2,0,0,0.0,0,0,0.0,0,0.0,0,0.733677782996712,0.8627450980392157,0.6382022471910113,False,False,False,clean,20160316_143527_641_721
0.884285714284451,0.829536317338972,0.9467727133651063,3269,3731,3,1,-2,2,0,0,0.0,0,0,0.0,0,0.0,0,0.8728086534875046,0.935251798561151,0.8181818181818182,False,False,False,clean,20160316_143547_1281_1081
0.2818658726778933,0.16462404769764058,0.9793103448179378,1015,6038,1,2,1,1,0,0,0.0,0,0,0.0,1,0.5,4923,0.3174603174603175,0.18867924528301888,1.0,False,False,True,island,20160316_143547_1281_361
0.8929641666313062,0.8471610474890497,0.9440032125642762,22412,24974,1,1,0,0,0,0,0.0,0,0,0.0,0,0.0,0,0.9900285015736651,0.9867310012062727,0.9933481152993349,False,False,False,clean,20160316_143547_1281_721
0.8508213765853918,0.8076907892136256,0.8988181538592773,22761,25329,3,2,-1,1,0,0,0.0,0,0,0.0,0,0.0,0,0.9138692226923006,0.9440832249674902,0.8855291576673866,False,False,False,clean,20160316_143547_1921_1081
0.770987537166834,0.8170421024397847,0.729847885973931,16698,14916,1,1,0,0,0,0,0.0,0,0,0.0,0,0.0,0,0.8239331031865762,0.9442508710801394,0.7308120133481646,False,False,False,clean,20160316_143547_1_1
0.8420707732606748,0.7505841121451485,0.9589552238734407,1340,1712,1,1,0,0,0,0,0.0,0,0,0.0,0,0.0,0,0.9643160097268564,0.9775280898876404,0.9514563106796117,False,False,False,clean,20160316_143547_641_1
0.8883444400885638,0.8170292032202757,0.9732999284173419,13970,16642,2,1,-1,1,0,0,0.0,0,0,0.0,0,0.0,0,0.9608624954421372,0.9442815249266863,0.9780361757105943,False,False,False,clean,20160316_143547_641_361
0.6753709198772976,0.9373970345809325,0.5278293135387029,1078,607,2,1,-1,1,0,0,0.0,0,0,0.0,0,0.0,0,0.5820105820105821,1.0,0.41044776119402987,False,False,False,clean,20160316_143547_641_721
0.8617174751079958,0.8218893801313625,0.9056022269717624,20117,22166,1,1,0,0,0,0,0.0,0,0,0.0,0,0.0,0,0.9837541407129159,0.9924528301886792,0.9752066115702479,False,False,False,clean,20160318_181632_1281_1081
0.8583951069645624,0.9130838879891728,0.8098872460374402,37604,33354,8,1,-7,7,1,6,0.75,0,0,0.0,0,0.0,0,0.9358900908028575,0.9928656361474435,0.8850987432675045,True,False,False,merge,20160318_181632_1281_361
0.8881510593122628,0.8745996441277248,0.9021290263371101,21794,22480,1,2,1,1,0,0,0.0,0,0,0.0,1,0.5,52,0.9163896989073534,0.9402061855670103,0.89375,False,False,True,island,20160318_181632_1281_721
0.7749546279484019,0.8007918316299213,0.7507325649526261,5119,4799,5,1,-4,4,1,3,0.6,0,0,0.0,0,0.0,0,0.7111430161727451,0.7539432176656151,0.6729411764705883,True,False,False,merge,20160318_181632_1921_1
0.8916462212925046,0.9024628536532048,0.8810858073999915,25161,24565,1,2,1,1,0,0,0.0,1,1,1.0,0,0.0,0,0.9433527533121071,0.9823369565217391,0.9073446327683616,False,True,False,fragment,20160318_181632_1921_361
0.9416585184149026,0.937164040778209,0.9461963132775191,32061,32370,1,1,0,0,0,0,0.0,0,0,0.0,0,0.0,0,0.9927026338963386,0.9908396946564886,0.994572591587517,False,False,False,clean,20160318_181632_1_1
0.9002603871834027,0.8873019415289282,0.9136029411743714,4352,4481,2,1,-1,1,1,2,1.0,0,0,0.0,0,0.0,0,0.8408028594995874,0.9166666666666666,0.776536312849162,True,False,False,merge,20160318_181632_1_361
0.8110559274437248,0.9242125984206486,0.722585609847162,2599,2032,2,2,0,0,0,0,0.0,0,0,0.0,1,0.5,16,0.8044455976474659,0.9726027397260274,0.6858638743455497,False,False,True,island,20160318_181632_641_1
0.9195690827318116,0.9498960105877564,0.8911187127832533,39465,37023,1,1,0,0,0,0,0.0,0,0,0.0,0,0.0,0,0.9826691861813943,0.9971139971139971,0.9686369119420989,False,False,False,clean,20160318_181632_641_361
0.25627359538057265,0.14726901480328322,0.9863247863163563,1170,7836,1,1,0,0,0,0,0.0,0,0,0.0,0,0.0,0,0.2581967213114754,0.14823529411764705,1.0,False,False,False,clean,20160318_181632_641_721
0.8364104765976033,0.787388843974182,0.891941391937308,2184,2474,1,3,2,2,0,0,0.0,0,0,0.0,2,0.6666666666666666,17,0.8541666666666666,0.7454545454545455,1.0,False,False,True,island,20160321_183947_1281_361
0.9299964068674244,0.9138216873385381,0.9467540316164805,31439,32572,1,2,1,1,0,0,0.0,0,0,0.0,1,0.5,27,0.9851614383143948,0.9865269461077845,0.9837997054491899,False,False,True,island,20160321_183947_1281_721
0.9146759857658873,0.8788984636140701,0.9534899194886707,30058,32609,1,1,0,0,0,0,0.0,0,0,0.0,0,0.0,0,0.9860335195530727,0.9724517906336089,1.0,False,False,False,clean,20160321_183947_1921_721
0.9078343795267073,0.8726165151806474,0.9460145079456276,47698,51710,1,1,0,0,0,0,0.0,0,0,0.0,0,0.0,0,0.9894736842105264,0.9791666666666666,1.0,False,False,False,clean,20160321_183947_1_721
0.9027578183807702,0.828393449211085,0.9917902144164462,33253,39812,1,1,0,0,0,0,0.0,0,0,0.0,0,0.0,0,0.9819413092550789,0.977088948787062,0.9868421052631579,False,False,False,clean,20160321_183947_641_721
0.8722428725068639,0.8500294204174573,0.8956484674697192,25807,27192,3,1,-2,2,1,2,0.6666666666666666,0,0,0.0,0,0.0,0,0.9270581718336791,0.9886845827439887,0.8726635514018691,True,False,False,merge,20160321_185557_1281_721
0.8529320919556753,0.7943617983062428,0.9208269817064397,10496,12167,1,1,0,0,0,0,0.0,0,0,0.0,0,0.0,0,0.9876923076923076,0.9756838905775076,1.0,False,False,False,clean,20160321_185557_1921_1
0.8139036945921306,0.7710832973666196,0.8617595986871871,10366,11585,1,1,0,0,0,0,0.0,0,0,0.0,0,0.0,0,0.9515308650130464,0.9235294117647059,0.9812834224598931,False,False,False,clean,20160321_185557_1921_1081
0.7373811265541992,0.5987723582597856,0.9594923320984035,9455,15151,2,1,-1,1,1,2,1.0,0,0,0.0,0,0.0,0,0.9195511747566796,0.85785536159601,0.9908088235294118,True,False,False,merge,20160321_185557_1921_361
0.9108968740868808,0.9367864439366514,0.8863998180574306,26382,24963,1,1,0,0,0,0,0.0,0,0,0.0,0,0.0,0,0.9806596308988494,0.990521327014218,0.9709923664122138,False,False,False,clean,20160321_185557_1921_721
0.5545790934307249,0.3895386614672205,0.9622792937322451,1246,3078,1,8,7,7,0,0,0.0,0,0,0.0,7,0.875,631,0.5363839475098278,0.3702127659574468,0.9732142857142857,False,False,True,island,20160321_185557_1_361
0.8330883398926376,0.7353507450189455,0.9607896751608002,18286,23892,1,1,0,0,0,0,0.0,0,0,0.0,0,0.0,0,0.9664686400597946,0.9426470588235294,0.9915254237288136,False,False,False,clean,20160321_185557_1_721
0.8932210899422036,0.8509201418196645,0.9399477806784129,21448,23692,1,1,0,0,0,0,0.0,0,0,0.0,0,0.0,0,0.9529644457744495,0.9427860696517413,0.9633649932157394,False,False,False,clean,20160321_185557_641_721
0.8808380619810265,0.8753614806233728,0.8863836017556569,6830,6916,2,1,-1,1,1,2,1.0,0,0,0.0,0,0.0,0,0.9638333027354506,0.9943181818181818,0.9351620947630923,True,False,False,merge,20160324_170347_1281_1
0.8152763524403934,0.8632412294305134,0.7723611111100384,7200,6442,1,1,0,0,0,0,0.0,0,0,0.0,0,0.0,0,0.9461094376942,0.9976470588235294,0.8996350364963503,False,False,False,clean,20160324_170347_1281_1081
0.7992931653646472,0.7099746835435847,0.9143192488250987,7668,9875,5,1,-4,4,1,5,1.0,0,0,0.0,0,0.0,0,0.8704506065857885,0.7716535433070866,0.9982608695652174,True,False,False,merge,20160324_170347_1281_361
0.7635895148898649,0.7743718592957041,0.7531033134583588,10231,9950,1,2,1,1,0,0,0.0,1,1,1.0,0,0.0,0,0.884779667312233,0.9087193460490464,0.8620689655172413,False,True,False,fragment,20160324_170347_1281_721
0.7196389496707882,0.5825952170049101,0.9409871244601539,2796,4516,1,2,1,1,0,0,0.0,1,1,1.0,0,0.0,0,0.9551578096069124,0.9593023255813954,0.951048951048951,False,True,False,fragment,20160324_170347_641_1
0.740307812194876,0.6164828033734321,0.9263773768870639,4102,6164,3,2,-1,1,1,3,1.0,1,1,0.3333333333333333,0,0.0,0,0.9406358574186722,0.955607476635514,0.9261261261261261,True,True,False,mixed,20160324_170347_641_361
0.806558410845331,0.7250566893403485,0.908703374774747,2815,3528,1,1,0,0,0,0,0.0,0,0,0.0,0,0.0,0,0.9539594843462247,1.0,0.9119718309859155,False,False,False,clean,20160324_170347_641_721
0.11844724618427598,0.23363874345396834,0.07933333333315704,4500,1528,4,3,-1,1,0,0,0.0,1,1,0.25,0,0.0,0,0.08659450457951708,0.32298136645962733,0.05,False,True,False,fragment,20160326_141808_1281_1
0.8621118012386663,0.7821187077326663,0.9603321033121741,1084,1331,1,3,2,2,0,0,0.0,0,0,0.0,2,0.6666666666666666,166,0.7559462254395036,0.6538461538461539,0.8958333333333334,False,False,True,island,20160326_141808_641_1
0.6842404272237903,0.7189589302761235,0.6527205722949786,9226,8376,1,3,2,2,0,0,0.0,1,2,1.0,0,0.0,0,0.8365041795248225,0.9381720430107527,0.7547169811320755,False,True,False,fragment,20160326_141808_641_361
0.15631691648803672,0.4521679284208385,0.09449158636546169,6953,1453,4,2,-2,2,1,2,0.5,0,0,0.0,0,0.0,0,0.4079955165327853,0.6942148760330579,0.28888888888888886,True,False,False,merge,20160326_141808_641_721
0.4263677855448458,0.9231923942934122,0.27719350961517636,13312,3997,1,2,1,1,0,0,0.0,1,1,1.0,0,0.0,0,0.5025417815729143,0.8992805755395683,0.34870317002881845,False,True,False,fragment,20160326_142521_1281_1
0.35698035160215724,0.5571336345993729,0.26262933657862864,3286,1549,2,1,-1,1,0,0,0.0,0,0,0.0,0,0.0,0,0.42250518211430255,0.7310924369747899,0.2971014492753623,False,False,False,clean,20160326_142521_1281_1081
0.6505597279292542,0.9452336833416817,0.4959490115582846,9257,4857,1,1,0,0,0,0,0.0,0,0,0.0,0,0.0,0,0.8096121624052178,0.9311377245508982,0.7161458333333334,False,False,False,clean,20160326_142521_1281_361
0.7122051950871034,0.8987793169648899,0.5897758977584467,11111,7291,1,2,1,1,0,0,0.0,1,1,1.0,0,0.0,0,0.7261841920632905,0.9610894941634242,0.583554376657825,False,True,False,fragment,20160326_142521_1281_721
0.0,0.0,0.0,1355,20,1,3,2,2,0,0,0.0,0,0,0.0,3,1.0,20,0.0,0.0,0.0,False,False,True,island,20160326_142521_641_1
0.0,0.0,0.0,2487,413,2,3,1,1,0,0,0.0,0,0,0.0,3,1.0,413,0.0,0.0,0.0,False,False,True,island,20160326_142521_641_1081
0.7758024691348447,0.8747216035610392,0.6969831410809739,4508,3592,2,1,-1,1,0,0,0.0,0,0,0.0,0,0.0,0,0.9136069809075609,0.9095022624434389,0.9177489177489178,False,False,False,clean,20160326_142745_1281_1081
0.07446808510632204,0.9999999999780219,0.03867403314913839,11765,455,1,2,1,1,0,0,0.0,1,1,1.0,0,0.0,0,0.16077170418006428,1.0,0.08741258741258741,False,True,False,fragment,20160326_142745_1281_361
0.7225908685745857,0.909801313491637,0.599277187602344,18262,12029,1,2,1,1,0,0,0.0,1,1,1.0,0,0.0,0,0.8768092803242363,0.9716666666666667,0.7988252569750367,False,True,False,fragment,20160326_142745_1281_721
0.6515406162458902,0.7854570013489747,0.5566368857680972,6268,4442,2,1,-1,1,0,0,0.0,0,0,0.0,0,0.0,0,0.6923076923076922,0.9324324324324325,0.550531914893617,False,False,False,clean,20160326_142745_1921_1081
0.5350637522766234,0.9320958273823067,0.37523152583485003,15657,6303,1,1,0,0,0,0,0.0,0,0,0.0,0,0.0,0,0.6697990496668524,0.9567723342939481,0.5152542372881356,False,False,False,clean,20160326_142745_1_1
0.6321957945534041,0.8972602739718045,0.48802554550269095,20669,11242,1,4,3,3,0,0,0.0,1,3,1.0,0,0.0,0,0.8409260642270351,1.0,0.7255154639175257,False,True,False,fragment,20160326_142745_641_361
0.6441560050801883,0.4969885277244278,0.9151483144081373,11361,20920,6,1,-5,5,1,6,1.0,0,0,0.0,0,0.0,0,0.8357487922705313,0.7178423236514523,1.0,True,False,False,merge,20160328_151020_1281_361
0.5346307619941985,0.3775222120732469,0.9157099697875974,9930,24086,1,1,0,0,0,0,0.0,0,0,0.0,0,0.0,0,0.5956351759291335,0.43776824034334766,0.9315789473684211,False,False,False,clean,20160328_151020_1921_361
0.6915719365014044,0.5477984926614249,0.9376697447033285,14728,25210,1,1,0,0,0,0,0.0,0,0,0.0,0,0.0,0,0.8672767241110767,0.7918313570487484,0.9586129753914989,False,False,False,clean,20160328_151020_1_1
0.4258358185524832,0.27154438995068403,0.9861868411450884,2751,9991,1,2,1,1,0,0,0.0,0,0,0.0,1,0.5,2997,0.43723041997729845,0.28125,0.981651376146789,False,False,True,island,20160328_151020_1_361
0.591933103787215,0.44451832151267395,0.8856343832780607,6794,13536,5,2,-3,3,2,5,1.0,0,0,0.0,0,0.0,0,0.6428186439131985,0.5533333333333333,0.7668308702791461,True,False,False,merge,20160328_151020_641_361
0.6578743811878643,0.6198979591832217,0.7008075148313275,12136,13720,1,1,0,0,0,0,0.0,0,0,0.0,0,0.0,0,0.7530008376294683,0.8080985915492958,0.7049368541905855,False,False,False,clean,20160328_151020_641_721
0.8192457737313,0.7917633410657545,0.8487046632106763,4825,5172,3,1,-2,2,1,3,1.0,0,0,0.0,0,0.0,0,0.9391553855208946,0.9636871508379888,0.9158415841584159,True,False,False,merge,20160328_151057_1281_1
0.5079600933978901,0.3929392446627374,0.7181872749078085,3332,6090,4,6,2,2,1,2,0.5,1,1,0.25,2,0.3333333333333333,1798,0.7083090095349289,0.5949656750572082,0.875,True,True,True,mixed,20160328_151057_1281_1081
0.8130014737180178,0.7810287871625279,0.8477036025254436,5857,6357,2,1,-1,1,1,2,1.0,0,0,0.0,0,0.0,0,0.8969597784351986,0.9422110552763819,0.8558558558558559,True,False,False,merge,20160328_151057_1281_361
0.8168378699665265,0.8301734820317037,0.8039239215210872,16667,16140,2,3,1,1,0,0,0.0,1,1,0.5,0,0.0,0,0.9234090143501987,0.9760609357997824,0.8761467889908257,False,True,False,fragment,20160328_151057_1281_721
0.8406895595503809,0.8812130607490735,0.8037292329437931,11316,10321,1,2,1,1,0,0,0.0,1,1,1.0,0,0.0,0,0.9661590323691052,0.9486049926578561,0.984375,False,True,False,fragment,20160328_151057_1921_721
0.7365586405416134,0.6347631241987279,0.8772395487704552,4521,6248,2,1,-1,1,1,2,1.0,0,0,0.0,0,0.0,0,0.9210447671986134,0.8646616541353384,0.9852941176470589,True,False,False,merge,20160328_151057_641_1081
0.7913669064741581,0.7448818897626065,0.8440399714474589,5604,6350,2,1,-1,1,1,2,1.0,0,0,0.0,0,0.0,0,0.9089924109308977,0.9201277955271565,0.8981233243967829,True,False,False,merge,20160328_151057_641_721
0.7985705371828997,0.6768269230767061,0.9737169733015292,21687,31200,1,3,2,2,0,0,0.0,0,0,0.0,2,0.6666666666666666,4747,0.6698084520237212,0.504907306434024,0.994661921708185,False,False,True,island,20160328_151244_1281_1081
0.8775309451592596,0.8624023201478843,0.8931998331243666,23970,24826,1,3,2,2,0,0,0.0,0,0,0.0,2,0.6666666666666666,587,0.8793346892270341,0.8709122203098106,0.8879216539717084,False,False,True,island,20160328_151244_1281_361
0.8423604451961642,0.8223970715080424,0.8633171378089967,45280,47533,6,5,-1,1,1,2,0.3333333333333333,1,1,0.16666666666666666,0,0.0,0,0.8942945759602439,0.9575045207956601,0.8389134554643083,True,True,False,mixed,20160328_151244_1281_721
0.7384738955817362,0.7485751506257148,0.7286416230769874,6309,6141,3,2,-1,1,0,0,0.0,0,0,0.0,0,0.0,0,0.8495142383042501,0.8417085427135679,0.8574660633484162,False,False,False,clean,20160328_151244_1921_1081
0.8701193372724779,0.9278477884849702,0.8191535776611758,32088,28329,2,1,-1,1,0,0,0.0,0,0,0.0,0,0.0,0,0.902293365329552,0.9690721649484536,0.8441247002398081,False,False,False,clean,20160328_151244_1921_361
0.886771607031418,0.8443671360718181,0.9336604242966546,43413,48004,4,2,-2,2,1,2,0.5,0,0,0.0,0,0.0,0,0.8999945934527971,0.8941289701636189,0.9059376837154615,True,False,False,merge,20160328_151244_1921_721
0.8624490904152662,0.8925814911948697,0.8342847137100913,28555,26690,1,2,1,1,0,0,0.0,0,0,0.0,1,0.5,26,0.9814235509858803,0.9846547314578005,0.9782135076252724,False,False,True,island,20160328_151244_1_1
0.8390548992349971,0.8596041577661119,0.819465182569812,7367,7023,1,1,0,0,0,0,0.0,0,0,0.0,0,0.0,0,0.9176583889385705,0.9829059829059829,0.8605341246290801,False,False,False,clean,20160328_151244_1_1081
0.8902734510208945,0.8701788303524068,0.9113180805826526,19756,20690,1,1,0,0,0,0,0.0,0,0,0.0,0,0.0,0,0.9656327803243594,0.9746588693957114,0.9567723342939481,False,False,False,clean,20160328_151244_1_721
0.8937270565417096,0.9020786726319434,0.8855286635856313,21857,21456,1,1,0,0,0,0,0.0,0,0,0.0,0,0.0,0,0.9477152794912407,0.9838056680161943,0.914179104477612,False,False,False,clean,20160328_151244_641_1
0.897657427809087,0.8823093582577896,0.9135489200985993,16946,17546,1,1,0,0,0,0,0.0,0,0,0.0,0,0.0,0,0.9346315288960824,0.9911242603550295,0.8842315369261478,False,False,False,clean,20160328_151244_641_361
0.8847976944369872,0.880424118934254,0.8892149390242209,52480,53004,1,1,0,0,0,0,0.0,0,0,0.0,0,0.0,0,0.9267363648776462,0.9931895573212258,0.8686181075561606,False,False,False,clean,20160328_151244_641_721
0.7343360708680956,0.7930507573739084,0.683716134944336,17459,15052,2,1,-1,1,0,0,0.0,0,0,0.0,0,0.0,0,0.8569496292772716,0.8993839835728953,0.8183391003460208,False,False,False,clean,20160328_151752_1281_361
0.8134486945956182,0.8854923992054107,0.7522459292521726,7124,6052,1,2,1,1,0,0,0.0,0,0,0.0,1,0.5,12,0.9274154472332591,0.9850746268656716,0.8761329305135952,False,False,True,island,20160328_151752_1281_721
0.7736243538194661,0.8921625774993948,0.6828912144071214,24654,18871,4,1,-3,3,1,3,0.75,0,0,0.0,0,0.0,0,0.9400306301050175,0.951332560834299,0.9289940828402367,True,False,False,merge,20160328_151752_1921_721
0.7524627582890581,0.6483618860304081,0.8963864042927395,13975,19321,1,1,0,0,0,0,0.0,0,0,0.0,0,0.0,0,0.8424930721299397,0.780448717948718,0.9152542372881356,False,False,False,clean,20160328_151752_1_361
0.4416170736703435,0.28338161706535847,0.9999999999907064,1076,3797,5,2,-3,3,1,4,0.8,0,0,0.0,0,0.0,0,0.4027777777777778,0.25217391304347825,1.0,True,False,False,merge,20160328_151752_1_721
0.7869376781697948,0.7641445739745402,0.8111323459145671,20930,22217,5,1,-4,4,1,4,0.8,0,0,0.0,0,0.0,0,0.8547510220032413,0.8610354223433242,0.8485576923076923,True,False,False,merge,20160328_151752_641_361
0.9036761138670553,0.8600280003571953,0.9519915589551068,30328,33571,1,1,0,0,0,0,0.0,0,0,0.0,0,0.0,0,0.9827973074046372,0.9661764705882353,1.0,False,False,False,clean,20160328_152022_1281_721
0.8157812985394968,0.7490017113512559,0.8956343792622832,8796,10518,1,2,1,1,0,0,0.0,0,0,0.0,1,0.5,2088,0.7426986801460265,0.6228070175438597,0.9197530864197531,False,False,True,island,20160328_152022_1921_1
0.7780054942657354,0.7059149357069413,0.8664950706615189,20591,25275,3,4,1,1,0,0,0.0,0,0,0.0,3,0.75,435,0.7885299142668043,0.7121212121212122,0.8833063209076175,False,False,True,island,20160328_152022_1921_361
0.8699592621408568,0.8180253077379547,0.928934506352953,10230,11617,1,1,0,0,0,0,0.0,0,0,0.0,0,0.0,0,0.9900822683965792,0.9887640449438202,0.9914040114613181,False,False,False,clean,20160328_152022_1921_721
0.6935717496625076,0.5785833333328512,0.8656027926681641,8021,12000,1,2,1,1,0,0,0.0,0,0,0.0,1,0.5,378,0.8031217243475121,0.7295597484276729,0.8931818181818182,False,False,True,island,20160328_152022_1_1081
0.6880492091378324,0.5455178820238145,0.9314036478948002,2522,4306,2,1,-1,1,1,2,1.0,0,0,0.0,0,0.0,0,0.7111111111111111,0.5517241379310345,1.0,True,False,False,merge,20160328_152022_1_361
0.738568588468726,0.6846348767557191,0.8017264634464504,7414,8682,2,3,1,1,0,0,0.0,0,0,0.0,1,0.3333333333333333,687,0.7943500484997766,0.7098445595854922,0.9016949152542373,False,False,True,island,20160328_152022_1_721
0.8346555204865551,0.8137162499302468,0.8567009105761985,17132,18037,1,1,0,0,0,0,0.0,0,0,0.0,0,0.0,0,0.8731152204836415,0.8608695652173913,0.8857142857142857,False,False,False,clean,20160328_152022_641_361
0.8061130751883735,0.7185964563994647,0.9179028781533423,15774,20149,3,2,-1,1,1,2,0.6666666666666666,0,0,0.0,0,0.0,0,0.9067385106982865,0.84375,0.979890310786106,True,False,False,merge,20160328_152022_641_721
0.8882684882682246,0.8523225990305772,0.9273798449606652,16125,17545,2,2,0,0,0,0,0.0,0,0,0.0,0,0.0,0,0.8949833826184805,0.8555133079847909,0.9382716049382716,False,False,False,clean,20160328_152305_1281_361
0.7891610532759372,0.6655476940553294,0.9691659772873812,13297,19363,2,2,0,0,0,0,0.0,0,0,0.0,1,0.5,508,0.7859622477760901,0.6854304635761589,0.9210526315789473,False,False,True,island,20160328_152305_1281_721
0.8215534181402789,0.7649551249948904,0.8871962115793034,22384,25961,3,2,-1,1,0,0,0.0,0,0,0.0,0,0.0,0,0.7423339516160858,0.792,0.6985294117647058,False,False,False,clean,20160328_152305_1921_361
0.9250139899269648,0.9077983890646156,0.9428951704899589,15778,16388,1,1,0,0,0,0,0.0,0,0,0.0,0,0.0,0,0.9776785714285714,0.9563318777292577,1.0,False,False,False,clean,20160328_152305_1921_721
0.7809973279658601,0.7029610194898157,0.8785229135757057,12809,16008,1,1,0,0,0,0,0.0,0,0,0.0,0,0.0,0,0.830576760531459,0.8005952380952381,0.8628912071535022,False,False,False,clean,20160328_152305_1_361
0.7585588171963115,0.6610169491521289,0.8898711795900565,11877,15989,2,2,0,0,0,0,0.0,0,0,0.0,0,0.0,0,0.7990061009609318,0.7015810276679841,0.9278523489932886,False,False,False,clean,20160328_152305_641_361
0.7923531456376336,0.7221541710662208,0.8776694045170033,19480,23675,2,2,0,0,0,0,0.0,0,0,0.0,0,0.0,0,0.8435880324410644,0.7735148514851485,0.9276218611521418,False,False,False,clean,20160328_152305_641_721
0.6940082644624515,0.5812424294855674,0.86106126634086,7802,11558,3,2,-1,1,0,0,0.0,0,0,0.0,0,0.0,0,0.8600733711880634,0.9207708779443254,0.8068833652007649,False,False,False,clean,20160328_152511_1281_361
0.8155900960705962,0.6970627503328477,0.9826839826821331,5313,7490,1,1,0,0,0,0,0.0,0,0,0.0,0,0.0,0,0.9685534591194969,0.9390243902439024,1.0,False,False,False,clean,20160328_152511_1281_721
0.7715823643009526,0.6940419869894336,0.8686279951883905,10809,13528,2,2,0,0,0,0,0.0,0,0,0.0,0,0.0,0,0.8886281870796182,0.8047882136279927,0.9919678714859438,False,False,False,clean,20160328_152511_1921_361
0.5373942470384624,0.7959899749353484,0.4056194125154462,7830,3990,1,1,0,0,0,0,0.0,0,0,0.0,0,0.0,0,0.47271239504767326,0.8728813559322034,0.3241206030150754,False,False,False,clean,20160328_152511_1921_721
0.6679545285679961,0.5551096017285859,0.8383847803778435,10723,16195,1,2,1,1,0,0,0.0,0,0,0.0,1,0.5,25,0.8446156153686116,0.7573099415204678,0.9546742209631728,False,False,True,island,20160328_152511_1_361
0.7830393067159446,0.653375342182401,0.9769094138535972,12949,19361,1,1,0,0,0,0,0.0,0,0,0.0,0,0.0,0,0.9565816147190108,0.9218989280245024,0.9939759036144579,False,False,False,clean,20160328_152511_641_361
0.7494532199252747,0.6598202824105271,0.8672665916711628,1778,2337,1,2,1,1,0,0,0.0,0,0,0.0,1,0.5,24,0.6332453825857519,0.8,0.5240174672489083,False,False,True,island,20160328_152511_641_721
0.7907297670262234,0.761789317274762,0.8219559530834343,11851,12787,2,2,0,0,0,0,0.0,1,1,0.5,0,0.0,0,0.8891034982708498,0.8753709198813057,0.9032738095238095,False,True,False,fragment,20160328_152747_1281_361
0.7362094870128006,0.5983949755736274,0.9564974902344869,1793,2866,1,1,0,0,0,0,0.0,0,0,0.0,0,0.0,0,0.8024691358024691,0.6701030927835051,1.0,False,False,False,clean,20160328_152747_1281_721
0.7770033800960854,0.8272611464962883,0.732502396931514,17731,15700,1,1,0,0,0,0,0.0,0,0,0.0,0,0.0,0,0.8825006368036098,0.9197860962566845,0.8481203007518797,False,False,False,clean,20160328_152747_1921_361
0.7695219685067981,0.6754807692302917,0.8939833442491868,10687,14144,1,1,0,0,0,0,0.0,0,0,0.0,0,0.0,0,0.9185383971650256,0.8634294385432474,0.9811616954474097,False,False,False,clean,20160328_152747_1_361
0.7518462845563192,0.6637433648738381,0.8669178598335592,13270,17332,1,1,0,0,0,0,0.0,0,0,0.0,0,0.0,0,0.9423071655259585,0.943758573388203,0.9408602150537635,False,False,False,clean,20160328_152747_641_361
0.8155164636859923,0.9475890985225619,0.7157561361780226,1263,954,1,1,0,0,0,0,0.0,0,0,0.0,0,0.0,0,0.7217898832684826,0.9464285714285714,0.5833333333333334,False,False,False,clean,20160328_153548_1281_1081
0.8864871946021572,0.9468308381125692,0.8333743842354269,8120,7147,1,1,0,0,0,0,0.0,0,0,0.0,0,0.0,0,0.94073092880359,0.9931740614334471,0.8935483870967742,False,False,False,clean,20160328_153548_1281_361
0.8281019072417433,0.8279853634505566,0.8282184838457,28414,28422,3,2,-1,1,0,0,0.0,0,0,0.0,1,0.5,101,0.8649329474191993,0.90995670995671,0.8241545893719807,False,False,True,island,20160328_153548_1281_721
0.9087922344592463,0.917527327553021,0.9002218934904583,13520,13265,1,1,0,0,0,0,0.0,0,0,0.0,0,0.0,0,0.9638932496075354,1.0,0.9303030303030303,False,False,False,clean,20160328_153548_1921_361
0.9078349891292876,0.8921462570311055,0.9240853829341005,17849,18488,2,1,-1,1,1,2,1.0,0,0,0.0,0,0.0,0,0.9650236346169471,0.9603053435114504,0.9697885196374623,True,False,False,merge,20160328_153548_1921_721
0.7916740254823283,0.8341219628896623,0.7533371746851275,20826,18809,1,1,0,0,0,0,0.0,0,0,0.0,0,0.0,0,0.9183987992051077,0.9229607250755287,0.9138817480719794,False,False,False,clean,20160328_153548_1_1
0.7399716094867793,0.7371849874469326,0.7427793788021957,31230,31467,1,1,0,0,0,0,0.0,0,0,0.0,0,0.0,0,0.8394754074023016,0.7510245901639344,0.9515418502202643,False,False,False,clean,20160328_153548_1_1081
0.8033864721239273,0.7533783783771058,0.8605054987442399,5183,5920,1,1,0,0,0,0,0.0,0,0,0.0,0,0.0,0,0.9186428942357625,0.9560439560439561,0.8840579710144928,False,False,False,clean,20160328_153548_641_1
0.7254623044094782,0.6826791938169001,0.7739663268807846,17462,19797,1,1,0,0,0,0,0.0,0,0,0.0,0,0.0,0,0.8728197334580313,0.8671428571428571,0.8785714285714286,False,False,False,clean,20160328_153548_641_1081
0.6637247569179777,0.5905763343530007,0.7575550623172997,5857,7513,10,3,-7,7,1,7,0.7,1,1,0.1,0,0.0,0,0.762450465888401,0.7566964285714286,0.7682926829268293,True,True,False,mixed,20160328_153548_641_361
0.7900911835182554,0.7865419170947477,0.793672627234717,15994,16139,2,1,-1,1,0,0,0.0,0,0,0.0,0,0.0,0,0.9379669917034757,0.9073107049608355,0.9707673568818515,False,False,False,clean,20160328_153548_641_721
0.684963225278749,0.5641054402685763,0.8717282024599208,5769,8915,1,3,2,2,0,0,0.0,0,0,0.0,2,0.6666666666666666,49,0.6974802797839864,0.5899122807017544,0.8530259365994236,False,False,True,island,20160328_153604_1281_1
0.7974767025087319,0.774578064946931,0.8217704763025518,16922,17953,1,1,0,0,0,0,0.0,0,0,0.0,0,0.0,0,0.8531372884253718,0.8333333333333334,0.8739054290718039,False,False,False,clean,20160328_153604_1281_361
0.7442390568790311,0.6389041766032906,0.891163425451304,11724,16353,1,2,1,1,0,0,0.0,0,0,0.0,1,0.5,287,0.8541877466562121,0.7613104524180967,0.972875226039783,False,False,True,island,20160328_153604_1281_721
0.7353674193789232,0.6796733212336453,0.8010036196110554,12156,14326,2,2,0,0,0,0,0.0,0,0,0.0,0,0.0,0,0.8703333003628325,0.8785834738617201,0.8622366288492707,False,False,False,clean,20160328_153604_1921_361
0.7991889767034389,0.7438761361879958,0.8633884666956965,11185,12982,1,1,0,0,0,0,0.0,0,0,0.0,0,0.0,0,0.9671673172203674,0.9578713968957872,0.9766454352441614,False,False,False,clean,20160328_153604_1921_721
0.8289406093172526,0.7778272154239689,0.8872441211293459,11822,13485,1,1,0,0,0,0,0.0,0,0,0.0,0,0.0,0,0.9272264222832735,0.8970588235294118,0.959493670886076,False,False,False,clean,20160328_153604_1_1
0.7617960697597055,0.6777939963186661,0.8695652173905963,12282,15757,1,1,0,0,0,0,0.0,0,0,0.0,0,0.0,0,0.8490907650010059,0.7564766839378239,0.9675456389452333,False,False,False,clean,20160328_153604_1_361
0.7742524537773229,0.6813981518676726,0.896405919660786,9460,12445,1,2,1,1,0,0,0.0,0,0,0.0,1,0.5,448,0.9342484220846866,0.8873239436619719,0.9864130434782609,False,False,True,island,20160328_153604_641_1
0.8506381870276504,0.8614994987596362,0.8400473324068323,19437,18953,1,1,0,0,0,0,0.0,0,0,0.0,0,0.0,0,0.9772121396112212,0.9742268041237113,0.9802158273381295,False,False,False,clean,20160328_153604_641_1081
0.7630532947568442,0.6802950677398967,0.8687353774160395,16242,20741,3,1,-2,2,1,2,0.6666666666666666,0,0,0.0,0,0.0,0,0.8958549886610833,0.8337053571428571,0.9680170575692963,True,False,False,merge,20160328_153604_641_361
0.7816142929546435,0.7322965513143395,0.8380544799939963,14721,16847,2,2,0,0,0,0,0.0,1,1,0.5,0,0.0,0,0.8730611368174234,0.9144215530903328,0.8352803738317757,False,True,False,fragment,20160328_153604_641_721
0.8712415988665171,0.906514538090149,0.838610827372017,2937,2717,1,1,0,0,0,0,0.0,0,0,0.0,0,0.0,0,0.9047993705743508,0.9259259259259259,0.8846153846153846,False,False,False,clean,20160328_153620_1281_1081
0.7970350991932812,0.8291436892738359,0.7673206079885191,45264,41889,2,1,-1,1,0,0,0.0,0,0,0.0,0,0.0,0,0.8677881753736482,0.9552845528455285,0.7949748743718593,False,False,False,clean,20160328_153620_1281_361
0.8479620357521772,0.7583441231474758,0.9615998540607645,21927,27804,12,2,-10,10,2,11,0.9166666666666666,0,0,0.0,0,0.0,0,0.9328788601919413,0.9197002141327623,0.9464406779661017,True,False,False,merge,20160328_153620_1281_721
0.9025363211027321,0.9241553202209539,0.8819056785362059,10390,9915,1,1,0,0,0,0,0.0,0,0,0.0,0,0.0,0,0.9769308800349579,0.9971264367816092,0.9575371549893843,False,False,False,clean,20160328_153620_1921_1081
0.9027501946265705,0.8628439531067051,0.9465267366313688,30015,32926,2,1,-1,1,1,2,1.0,0,0,0.0,0,0.0,0,0.9217806614400288,0.9671532846715328,0.8804744525547445,True,False,False,merge,20160328_153620_1921_361
0.9172789031998837,0.8861172976983264,0.9507120782486537,31387,33675,2,1,-1,1,1,2,1.0,0,0,0.0,0,0.0,0,0.9723962172223818,0.9894039735099338,0.9559633027522936,True,False,False,merge,20160328_153620_1_361
0.9555291319849738,0.925237949031432,0.9878708408441438,6101,6514,1,2,1,1,0,0,0.0,0,0,0.0,1,0.5,6,0.9438006003820615,0.9492753623188406,0.9383886255924171,False,False,True,island,20160328_153620_1_721
0.8570350336493759,0.7787175677211352,0.9528671328658002,7150,8749,4,2,-2,2,0,0,0.0,0,0,0.0,0,0.0,0,0.9120346498917191,0.9166666666666666,0.90744920993228,False,False,False,clean,20160328_153620_641_361
0.8738856339110457,0.8411087519720979,0.9093206418732028,47486,51337,3,1,-2,2,1,3,1.0,0,0,0.0,0,0.0,0,0.9385219883678122,0.9666448659254414,0.911989223170184,True,False,False,merge,20160328_153620_641_721
0.9650027427312314,0.9349489795908429,0.9970528224881012,8822,9408,1,1,0,0,0,0,0.0,0,0,0.0,0,0.0,0,0.9945652173913043,0.9891891891891892,1.0,False,False,False,clean,20160328_153629_1281_361
0.9095062087294096,0.8970630401831413,0.9222994314588662,23745,24413,1,1,0,0,0,0,0.0,0,0,0.0,0,0.0,0,0.9658065293784944,0.9913544668587896,0.9415422885572139,False,False,False,clean,20160328_153629_1281_721
0.9236613546443273,0.9117756893007681,0.9358609895547526,31307,32134,1,1,0,0,0,0,0.0,0,0,0.0,0,0.0,0,0.9713620307690312,0.9941176470588236,0.9496248660235799,False,False,False,clean,20160328_153629_1921_361
0.9136339552133477,0.8633393064190832,0.9701510216165324,33770,37948,3,1,-2,2,1,3,1.0,0,0,0.0,0,0.0,0,0.9592273615276671,0.966396292004635,0.9521640091116174,True,False,False,merge,20160328_153629_1_361
0.8498323303776701,0.7967955896280499,0.9104330708652456,10160,11609,2,1,-1,1,0,0,0.0,0,0,0.0,0,0.0,0,0.8439304234058426,0.9136904761904762,0.7840670859538784,False,False,False,clean,20160328_153629_641_361
0.9372746456639023,0.8984454638121501,0.9796116842065299,28791,31392,6,1,-5,5,1,6,1.0,0,0,0.0,0,0.0,0,0.9843063683029833,0.9701897018970189,0.9988399071925754,True,False,False,merge,20160328_153629_641_721
0.8766356448112971,0.8015560219069454,0.9672338717145958,32381,39074,7,1,-6,6,1,7,1.0,0,0,0.0,0,0.0,0,0.9567553563379931,0.9355877616747182,0.9789029535864979,True,False,False,merge,20160328_153829_1281_361
0.7955222103122597,0.7358448997560347,0.8657335406924165,3858,4539,3,1,-2,2,1,3,1.0,0,0,0.0,0,0.0,0,0.9430224546794781,0.9641434262948207,0.9228070175438596,True,False,False,merge,20160328_153829_1281_721
0.8212320873288492,0.7218272171251063,0.9523881575624389,19827,26160,14,1,-13,13,1,10,0.7142857142857143,0,0,0.0,0,0.0,0,0.9233420071735002,0.9047619047619048,0.9427012278308322,True,False,False,merge,20160328_153829_1921_1
0.8229687318367743,0.7196584671666606,0.9609120521146556,3684,4919,2,2,0,0,0,0,0.0,0,0,0.0,0,0.0,0,0.9166666666666666,0.8461538461538461,1.0,False,False,False,clean,20160328_153829_1921_361
0.823316293612382,0.7176725070297566,0.9654309491934089,17183,23115,4,1,-3,3,1,4,1.0,0,0,0.0,0,0.0,0,0.926506974269317,0.8922902494331065,0.963452566096423,True,False,False,merge,20160328_153829_1_1
0.864822134386782,0.8568072053245571,0.8729884293112475,7519,7661,1,1,0,0,0,0,0.0,0,0,0.0,0,0.0,0,0.9071551283303552,0.9529914529914529,0.8655256723716381,False,False,False,clean,20160328_153829_1_721
0.8618317495479328,0.833408501521686,0.8922621921771533,16568,17738,5,2,-3,3,1,3,0.6,0,0,0.0,0,0.0,0,0.9230906177674915,0.9289617486338798,0.9172932330827067,True,False,False,merge,20160328_153829_641_1
0.6846176911540122,0.5369708372525522,0.9442514474756919,6045,10630,2,2,0,0,1,2,1.0,0,0,0.0,1,0.5,1433,0.7900291815528949,0.6635514018691588,0.9760765550239234,True,False,True,mixed,20160328_153829_641_1081
0.8469211013552846,0.7445914723789702,0.9818584683548236,7221,9522,2,1,-1,1,0,0,0.0,0,0,0.0,0,0.0,0,0.9703455518327749,0.9473684210526315,0.9944649446494465,False,False,False,clean,20160328_153829_641_361
0.7956104252386906,0.6651376146769922,0.9897610921459482,2344,3488,2,1,-1,1,1,2,1.0,0,0,0.0,0,0.0,0,0.9224627749464411,0.8594594594594595,0.9954337899543378,True,False,False,merge,20160328_153829_641_721
0.18278145695303716,0.2296173044906022,0.15181518151731677,1818,1202,1,2,1,1,0,0,0.0,0,0,0.0,1,0.5,173,0.11320754716981131,0.10465116279069768,0.1232876712328767,False,False,True,island,20160329_103807_1081_1
0.7547720422903998,0.8474057363836892,0.6803950319127651,23188,18618,2,2,0,0,1,2,1.0,1,1,0.5,0,0.0,0,0.9662628004067781,0.936127744510978,0.9984025559105432,True,True,False,mixed,20160329_103807_361_1
0.7344927821844387,0.8040703318827787,0.6759975816201101,33080,27811,4,1,-3,3,1,3,0.75,0,0,0.0,0,0.0,0,0.7609835405371139,0.8792134831460674,0.6707818930041153,True,False,False,merge,20160329_103807_361_1281
0.6478340695496086,0.8328581444258785,0.5300749643025554,33616,21395,6,1,-5,5,1,3,0.5,0,0,0.0,0,0.0,0,0.7630321465777019,0.9169278996865203,0.6533713200379867,True,False,False,merge,20160329_103807_361_1921
0.8065159101154633,0.9265347290369299,0.7140246208141016,47602,36684,3,1,-2,2,0,0,0.0,0,0,0.0,0,0.0,0,0.9031478409772233,0.9664138678223185,0.84765625,False,False,False,clean,20160329_103807_361_641
0.6858882344204609,0.721230416904845,0.6538479686685915,21193,19213,1,1,0,0,0,0,0.0,0,0,0.0,0,0.0,0,0.6895753302110192,0.6822157434402333,0.6970954356846473,False,False,False,clean,20160329_103807_721_1
0.7130065975478016,0.7017625231878397,0.7246168582340775,2088,2156,2,1,-1,1,0,0,0.0,0,0,0.0,0,0.0,0,0.8130671506352086,0.9696969696969697,0.7,False,False,False,clean,20160329_103807_721_1281
0.6597153433081384,0.524757402338455,0.8881246490723075,7124,12057,5,1,-4,4,1,5,1.0,0,0,0.0,0,0.0,0,0.875925572684551,0.7867177522349936,0.9879518072289156,True,False,False,merge,20160330_165956_1281_721
0.7291743570808852,0.5984649565738249,0.9329345088146522,6352,9902,2,1,-1,1,1,2,1.0,0,0,0.0,0,0.0,0,0.9290344163269955,0.8685800604229608,0.998533724340176,True,False,False,merge,20160330_165956_1921_721
0.8321701199559257,0.8022497897384332,0.8644086995912273,8828,9512,1,1,0,0,0,0,0.0,0,0,0.0,0,0.0,0,0.941284981848499,0.8943396226415095,0.993431855500821,False,False,False,clean,20160330_165956_1_1081
0.6812174609526891,0.5296315516341156,0.9543669347279702,5347,9635,5,4,-1,1,2,3,0.6,1,1,0.2,0,0.0,0,0.9014892823323482,0.84,0.9726918075422627,True,True,False,mixed,20160330_165956_1_721
0.8142367519109864,0.7143782383413079,0.94654897633818,8157,10808,2,1,-1,1,1,2,1.0,0,0,0.0,0,0.0,0,0.9786357917420855,0.9895697522816167,0.967940813810111,True,False,False,merge,20160330_165956_641_721
0.7963102847180714,0.9423433954476579,0.6894652110477715,39754,29086,1,1,0,0,0,0,0.0,0,0,0.0,0,0.0,0,0.939765692945209,0.9807162534435262,0.9020979020979021,False,False,False,clean,20160330_170359_1281_721
0.8705110122597184,0.8744482589499893,0.8666090619426113,18517,18351,1,1,0,0,0,0,0.0,0,0,0.0,0,0.0,0,0.9364264110026821,0.9606299212598425,0.9134125636672326,False,False,False,clean,20160330_170359_1921_361
0.8854187791521023,0.9412187410170828,0.835864709635892,23505,20874,2,2,0,0,0,0,0.0,0,0,0.0,0,0.0,0,0.8426578854193737,0.9123134328358209,0.7828843106180665,False,False,False,clean,20160330_170359_1921_721
0.8498190249970522,0.8560401059615302,0.8436877123043027,35621,35107,1,1,0,0,0,0,0.0,0,0,0.0,0,0.0,0,0.9524835685809718,0.9631728045325779,0.9420289855072463,False,False,False,clean,20160330_170359_1_721
0.8650981395050085,0.8707767552606761,0.8594931080477484,31486,31078,1,1,0,0,0,0,0.0,0,0,0.0,0,0.0,0,0.9886295631358468,1.0,0.9775147928994082,False,False,False,clean,20160330_170359_641_721
0.8673264921969353,0.811406498522141,0.931524716315467,7667,8802,1,1,0,0,0,0,0.0,0,0,0.0,0,0.0,0,0.9848529753370233,0.9819819819819819,0.9877408056042032,False,False,False,clean,20160330_172309_1281_361
0.8657273393086065,0.7957875164297131,0.9491454135277217,26153,31193,4,2,-2,2,1,3,0.75,0,0,0.0,0,0.0,0,0.9246161976257281,0.8676789587852495,0.9895506792058516,True,False,False,merge,20160330_172309_1281_721
0.8970306075830983,0.8276850446800271,0.979058635819054,15042,17793,1,1,0,0,0,0,0.0,0,0,0.0,0,0.0,0,0.9728256834414861,0.955,0.9913294797687862,False,False,False,clean,20160330_172309_1921_361
0.8650811741760087,0.8133155538618853,0.9238842304566276,18485,20998,1,1,0,0,0,0,0.0,0,0,0.0,0,0.0,0,0.9872468641759424,0.9763113367174281,0.9984301412872841,False,False,False,clean,20160330_172309_1921_721
0.8898764133576414,0.9067574084985227,0.873612473539742,19369,18661,1,1,0,0,0,0,0.0,0,0,0.0,0,0.0,0,0.9875881081419754,0.9953775038520801,0.9799196787148594,False,False,False,clean,20160330_172309_1_721
0.7780528052789232,0.6373774923939257,0.9984118581207072,1889,2959,1,1,0,0,0,0,0.0,0,0,0.0,0,0.0,0,0.8970588235294117,0.8133333333333334,1.0,False,False,False,clean,20160330_172309_641_361
0.8605776231695073,0.8612325528673658,0.8599236888052577,30926,30879,3,1,-2,2,0,0,0.0,0,0,0.0,0,0.0,0,0.950906346021071,0.97508038585209,0.9279019466474405,False,False,False,clean,20160330_172309_641_721
0.7927927927913049,0.6812903225784475,0.9479353680388334,2228,3100,1,1,0,0,0,0,0.0,0,0,0.0,0,0.0,0,0.8984615384615384,0.8156424581005587,1.0,False,False,False,clean,20160402_150314_1281_1081
0.8289688398470518,0.7231561822116009,0.9710540688130875,5493,7376,1,1,0,0,0,0,0.0,0,0,0.0,0,0.0,0,0.9498866806523293,0.9276729559748428,0.9731903485254692,False,False,False,clean,20160402_150314_1281_361
0.8460244827717759,0.8150715900521363,0.8794210911449065,12299,13270,3,2,-1,1,1,2,0.6666666666666666,0,0,0.0,0,0.0,0,0.9772265556419452,0.9791666666666666,0.9752941176470589,True,False,False,merge,20160402_150314_1281_721
0.8542897327703449,0.79963138493874,0.9169685990328935,9936,11394,2,1,-1,1,1,2,1.0,0,0,0.0,0,0.0,0,0.9778775508366001,0.9645833333333333,0.9915433403805497,True,False,False,merge,20160402_150314_1921_1
0.8828562026968034,0.8212427303311257,0.9544646033406102,2811,3267,1,1,0,0,0,0,0.0,0,0,0.0,0,0.0,0,0.9786452286121603,0.9835164835164835,0.9738219895287958,False,False,False,clean,20160402_150314_1921_361
0.9000066885156679,0.8995253693425699,0.9004885230539715,29886,29918,1,1,0,0,0,0,0.0,0,0,0.0,0,0.0,0,0.9662100929546102,0.982982982982983,0.95,False,False,False,clean,20160402_150314_1_361
0.7921627731721717,0.7376497005981122,0.8553759357699301,9217,10688,2,1,-1,1,0,0,0.0,0,0,0.0,0,0.0,0,0.9021364000047768,0.8658536585365854,0.9415929203539823,False,False,False,clean,20160402_150314_1_721
0.8743061551740012,0.8973287757932684,0.8524353577861065,8315,7899,1,1,0,0,0,0,0.0,0,0,0.0,0,0.0,0,0.9722991689750692,1.0,0.9460916442048517,False,False,False,clean,20160402_150314_641_361
0.8551913110813782,0.8647205268226531,0.8458698299222884,25459,24904,1,1,0,0,0,0,0.0,0,0,0.0,0,0.0,0,0.9450513614870373,0.971830985915493,0.9197080291970803,False,False,False,clean,20160402_150314_641_721
0.937991147429222,0.9043542202844413,0.9742269499530444,35347,38078,2,1,-1,1,0,0,0.0,0,0,0.0,0,0.0,0,0.9734609597592598,0.9931412894375857,0.9545454545454546,False,False,False,clean,20160402_151049_1281_721
0.9322584135913505,0.9146406200228715,0.9505682445101232,18126,18838,1,1,0,0,0,0,0.0,0,0,0.0,0,0.0,0,0.9409333645696298,0.9312169312169312,0.9508547008547008,False,False,False,clean,20160402_151049_1921_1081
0.9275614822754747,0.9119778626956068,0.9436869375507028,22002,22767,1,1,0,0,0,0,0.0,0,0,0.0,0,0.0,0,0.9350988256898468,0.9772727272727273,0.896414342629482,False,False,False,clean,20160402_151049_1921_721
0.8874946314863991,0.8211755762117484,0.96546680750753,24614,28939,2,2,0,0,1,2,1.0,0,0,0.0,1,0.5,5,0.9260076567493317,0.8788235294117647,0.9785458879618594,True,False,True,mixed,20160402_151049_1_361
0.8518109762213174,0.760173702824569,0.9685699617814336,17531,22337,1,1,0,0,0,0,0.0,0,0,0.0,0,0.0,0,0.9771800257024629,0.9728601252609603,0.9815384615384616,False,False,False,clean,20160402_151049_1_721
0.8105242489675819,0.6843501326237257,0.9937409725517875,2077,3016,1,1,0,0,0,0,0.0,0,0,0.0,0,0.0,0,0.8862932061978546,0.8033707865168539,0.9883040935672515,False,False,False,clean,20160402_151049_641_361
0.9311588302351009,0.8934327425329495,0.9722114263503274,41168,44798,1,1,0,0,0,0,0.0,0,0,0.0,0,0.0,0,0.9687551482769665,0.9443155452436195,0.9944933920704846,False,False,False,clean,20160402_151049_641_721
0.9247363374877383,0.9295825552671949,0.9199403874808226,16775,16601,1,1,0,0,0,0,0.0,0,0,0.0,0,0.0,0,1.0,1.0,1.0,False,False,False,clean,20160402_151054_1281_1081
0.913129085610055,0.8441823212453121,0.9943396226398039,5830,6867,1,1,0,0,0,0,0.0,0,0,0.0,0,0.0,0,0.9819819819819819,0.9646017699115044,1.0,False,False,False,clean,20160402_151054_1281_361
0.9521973073458014,0.9321141152000787,0.9731649752180852,42370,44236,1,1,0,0,0,0,0.0,0,0,0.0,0,0.0,0,0.9897271744252296,0.9931895573212258,0.9862888482632541,False,False,False,clean,20160402_151054_1281_721
0.856110133266012,0.7753487048102616,0.9556522349302115,14251,17565,3,1,-2,2,1,3,1.0,0,0,0.0,0,0.0,0,0.9656699241860803,0.950509461426492,0.9813218390804598,True,False,False,merge,20160402_151054_1921_361
0.8793411075000893,0.9333603882377225,0.831232587907412,66405,59139,1,1,0,0,0,0,0.0,0,0,0.0,0,0.0,0,0.9504969851241281,0.9715415019762846,0.9303448275862068,False,False,False,clean,20160402_151054_1_361
0.05783456624055873,0.999999999883721,0.029778393351697446,2888,86,1,1,0,0,0,0,0.0,0,0,0.0,0,0.0,0,0.01680672268907563,1.0,0.00847457627118644,False,False,False,clean,20160402_151054_1_721
0.9138067234262645,0.9154136991111268,0.9122053798292191,11413,11373,1,1,0,0,0,0,0.0,0,0,0.0,0,0.0,0,0.953141416263921,0.9446064139941691,0.9618320610687023,False,False,False,clean,20160402_151054_641_361
0.9376798522525153,0.9042786729068863,0.97364313428133,22423,24143,1,1,0,0,0,0,0.0,0,0,0.0,0,0.0,0,0.9930394431554525,1.0,0.9861751152073732,False,False,False,clean,20160402_151054_641_721
0.8045343137230253,0.6729882111703076,0.999999999992384,1313,1951,1,1,0,0,0,0,0.0,0,0,0.0,0,0.0,0,0.9382716049382717,0.8837209302325582,1.0,False,False,False,clean,20160405_171348_1281_361
0.8858638474762149,0.8481684396725431,0.9270657106794149,37239,40703,2,1,-1,1,0,0,0.0,0,0,0.0,0,0.0,0,0.9631955134594218,0.9856957087126138,0.941699604743083,False,False,False,clean,20160405_171348_1281_721
0.8275659374360014,0.8684958695416618,0.790320218685739,40972,37284,4,3,-1,1,1,2,0.5,1,2,0.25,0,0.0,0,0.7886258760406418,0.9744835965978129,0.6623076923076923,True,True,False,mixed,20160405_171348_1921_721
0.7244702290075451,0.773370883204054,0.6813858383493357,43526,38349,5,2,-3,3,0,0,0.0,1,1,0.2,0,0.0,0,0.6930916268439642,0.8915094339622641,0.566916488222698,False,True,False,fragment,20160405_171348_1_721
0.8234786961841107,0.8172057849412627,0.8298486547082876,35680,36232,3,1,-2,2,0,0,0.0,0,0,0.0,0,0.0,0,0.9025452015382157,0.9561527581329562,0.8546296296296296,False,False,False,clean,20160405_171348_641_721
0.9049994034122647,0.9406687171341697,0.8719363590376272,21747,20158,2,1,-1,1,0,0,0.0,0,0,0.0,0,0.0,0,0.946098120786114,0.9930362116991643,0.9033970276008493,False,False,False,clean,20160407_163130_1281_721
0.912238706265229,0.9545083876974868,0.8735540273997155,18759,17168,1,1,0,0,0,0,0.0,0,0,0.0,0,0.0,0,0.9824815404661937,0.9887323943661972,0.9763092269326683,False,False,False,clean,20160407_163130_1921_721
0.6862934362923322,0.579304725690985,0.8417521704781304,2534,3682,2,3,1,1,0,0,0.0,0,0,0.0,1,0.3333333333333333,363,0.7012555109761864,0.5690376569037657,0.9135135135135135,False,False,True,island,20160407_163130_1_361
0.87022242657599,0.9009818506391544,0.8414939142995378,17993,16805,4,2,-2,2,1,2,0.5,0,0,0.0,0,0.0,0,0.9186667559880878,0.9489795918367347,0.8902305159165752,True,False,False,merge,20160407_163130_1_721
0.8908841806525197,0.9388439127515398,0.8475862390015141,21481,19393,1,1,0,0,0,0,0.0,0,0,0.0,0,0.0,0,0.9833795380286374,0.9970149253731343,0.9701120797011208,False,False,False,clean,20160407_163130_641_721
0.8831015326421799,0.8027936962744965,0.9812625864626728,11421,13960,2,1,-1,1,1,2,1.0,0,0,0.0,0,0.0,0,0.9931241441598928,0.9888888888888889,0.9973958333333334,True,False,False,merge,20160407_163257_1281_1
0.8934456992729559,0.8366668796722878,0.9584919472906599,13660,15649,1,1,0,0,0,0,0.0,0,0,0.0,0,0.0,0,0.9514593508487329,0.9175824175824175,0.9879336349924586,False,False,False,clean,20160407_163257_1281_361
0.8749999999994094,0.8320924261863516,0.9225732991731816,7026,7790,1,1,0,0,0,0,0.0,0,0,0.0,0,0.0,0,0.9915730337078652,0.9832869080779945,1.0,False,False,False,clean,20160407_163257_1281_721
0.7853417703909427,0.6789707827333425,0.9312335092332928,6064,8317,3,1,-2,2,1,3,1.0,0,0,0.0,0,0.0,0,0.9142680558008124,0.8650793650793651,0.9693877551020408,True,False,False,merge,20160407_163257_1921_1081
0.8640693871741333,0.8111318739978496,0.9243991481580097,6574,7492,1,1,0,0,0,0,0.0,0,0,0.0,0,0.0,0,0.9932705248990579,0.9866310160427807,1.0,False,False,False,clean,20160407_163257_1921_721
0.8794527202068979,0.8103088169470309,0.9614976101956438,11298,13406,1,1,0,0,0,0,0.0,0,0,0.0,0,0.0,0,0.9690564904410178,0.9485714285714286,0.9904458598726115,False,False,False,clean,20160407_163257_1_1
0.8546291653367121,0.7857502095550831,0.9367442790037606,10007,11930,2,1,-1,1,1,2,1.0,0,0,0.0,0,0.0,0,0.9954775058405829,0.9924357034795764,0.9985380116959064,True,False,False,merge,20160407_163257_641_361
0.4614988742357919,0.30478375392955664,0.9499470338957894,3776,11769,2,2,0,0,1,2,1.0,0,0,0.0,1,0.5,2200,0.559280640558915,0.4109014675052411,0.8753894080996885,True,False,True,mixed,20160407_165001_1281_1081
0.7920597622134493,0.7012357945720045,0.9099113618042627,12410,16103,2,2,0,0,0,0,0.0,0,0,0.0,0,0.0,0,0.9407604140511445,0.9089219330855018,0.974910394265233,False,False,False,clean,20160407_165001_1281_361
0.788387479015712,0.8327075511038117,0.7485467841726072,5333,4794,1,1,0,0,0,0,0.0,0,0,0.0,0,0.0,0,0.9211772263329447,0.9759036144578314,0.8722627737226277,False,False,False,clean,20160407_165001_1281_721
0.6516290726809941,0.5607651912967728,0.7776332899849737,3845,5332,1,1,0,0,0,0,0.0,0,0,0.0,0,0.0,0,0.6675314219260187,0.5942028985507246,0.7615062761506276,False,False,False,clean,20160407_165001_1921_361
0.6960506218630286,0.5427939424872019,0.969899665550365,6578,11754,2,1,-1,1,1,2,1.0,0,0,0.0,0,0.0,0,0.9249294614097731,0.8786692759295499,0.9763313609467456,True,False,False,merge,20160407_165001_1921_721
0.5986135181970549,0.49027679205040414,0.7684093437135296,4495,7045,2,2,0,0,0,0,0.0,0,0,0.0,0,0.0,0,0.7717422515589052,0.7641277641277642,0.779510022271715,False,False,False,clean,20160407_165001_1_1081
0.8779724655817278,0.8863427521244622,0.8697587917037478,17744,17412,1,1,0,0,0,0,0.0,0,0,0.0,0,0.0,0,0.9728831806049286,0.9845505617977528,0.9614890885750963,False,False,False,clean,20160407_165001_1_721
0.43199823943614435,0.2825680149700841,0.9168612797715233,2141,6947,2,4,2,2,1,2,1.0,0,0,0.0,3,0.75,645,0.5607008760951189,0.3950617283950617,0.9655172413793104,True,False,True,mixed,20160407_165001_641_1081
0.8790448492267322,0.8402294141740269,0.9216202336622662,15578,17087,1,1,0,0,0,0,0.0,0,0,0.0,0,0.0,0,0.9992395437262357,1.0,0.9984802431610942,False,False,False,clean,20160407_165001_641_361
0.5541198898526708,0.39492753623069166,0.9283179559905727,1409,3312,2,4,2,2,0,0,0.0,0,0,0.0,3,0.75,933,0.4349784644564746,0.28859060402684567,0.8827586206896552,False,False,True,island,20160407_165001_641_721
0.8013679890549913,0.7090292907269208,0.921358917895812,3179,4131,8,3,-5,5,1,3,0.375,0,0,0.0,0,0.0,0,0.7974445430346052,0.7735849056603774,0.8228228228228228,True,False,False,merge,IMG_2931_1297_485
0.9031078610599451,0.8564631884518534,0.9551258992797166,11120,12401,1,1,0,0,0,0,0.0,0,0,0.0,0,0.0,0,0.9954198473282443,0.9908814589665653,1.0,False,False,False,clean,IMG_2931_1297_969
0.8874920432838259,0.8206297822236306,0.9662162162145422,5772,6796,2,1,-1,1,1,2,1.0,0,0,0.0,0,0.0,0,0.9652124483410235,0.9433333333333334,0.9881305637982196,True,False,False,merge,IMG_2931_1945_485
0.866089011421251,0.8006067961155332,0.9432370603360835,6994,8240,1,1,0,0,0,0,0.0,0,0,0.0,0,0.0,0,0.9701190188334543,0.9607390300230947,0.9796839729119639,False,False,False,clean,IMG_2931_1945_969
0.8935510975735497,0.8771975047683264,0.9105260341408944,18687,19397,1,1,0,0,0,0,0.0,0,0,0.0,0,0.0,0,0.9834789528003843,0.996996996996997,0.9703225806451613,False,False,False,clean,IMG_2931_1_485
0.8912785420009457,0.8301248699266193,0.9621589024566846,13266,15376,2,2,0,0,0,0,0.0,0,0,0.0,0,0.0,0,0.9758009486953668,0.9797822706065319,0.9718518518518519,False,False,False,clean,IMG_2931_649_485
0.7996845425846486,0.6671052631549689,0.9980314960564435,1524,2280,1,2,1,1,0,0,0.0,0,0,0.0,1,0.5,67,0.8284789644012944,0.7071823204419889,1.0,False,False,True,island,IMG_2931_649_969
0.8803887888051948,0.8052575107289965,0.970982349135042,10821,13048,1,1,0,0,0,0,0.0,0,0,0.0,0,0.0,0,0.9569537527925044,0.9308510638297872,0.9845626072041166,False,False,False,clean,IMG_2941_1297_485
0.7780288274244035,0.6465104234097546,0.9767214397476981,5112,7723,2,1,-1,1,1,2,1.0,0,0,0.0,0,0.0,0,0.8841310086497427,0.8073170731707318,0.9770992366412213,True,False,False,merge,IMG_2941_1297_969
0.8930484777208634,0.8294799441708662,0.9671690370049054,14133,16479,1,1,0,0,0,0,0.0,0,0,0.0,0,0.0,0,0.9930843706777317,1.0,0.9862637362637363,False,False,False,clean,IMG_2941_1945_485
0.7515657620034931,0.6832810694822854,0.835014118594524,4958,6059,3,3,0,0,0,0,0.0,0,0,0.0,0,0.0,0,0.7983842459264427,0.7378917378917379,0.8696808510638298,False,False,False,clean,IMG_2941_1_485
0.8767812238051454,0.8054632406575297,0.961955469505361,10330,12337,3,2,-1,1,1,2,0.6666666666666666,0,0,0.0,0,0.0,0,0.9057877700431868,0.8922495274102079,0.9197431781701445,True,False,False,merge,IMG_2941_1_969
0.8964921505292208,0.8525608972063343,0.9451968005061018,12627,13999,1,1,0,0,0,0,0.0,0,0,0.0,0,0.0,0,0.9780419060121599,0.9896449704142012,0.966707768187423,False,False,False,clean,IMG_2941_649_969
0.5694056048071818,0.40115694164956306,0.980733756915391,4879,11928,3,1,-2,2,1,3,1.0,0,0,0.0,0,0.0,0,0.8010999083409716,0.6681957186544343,1.0,True,False,False,merge,IMG_2942_1297_485
0.48825994149696555,0.32447199747785593,0.9859514687069414,3132,9517,3,1,-2,2,1,3,1.0,0,0,0.0,0,0.0,0,0.7187206020696144,0.5609397944199707,1.0,True,False,False,merge,IMG_2942_1945_485
0.667701863353566,0.5259646391632091,0.9140096618339826,5175,8993,5,3,-2,2,1,4,0.8,0,0,0.0,1,0.3333333333333333,2,0.8998330550918197,0.8179059180576631,1.0,True,False,True,mixed,IMG_2942_1_485
0.3358351729210185,0.20230496453882774,0.9878787878745114,2310,11280,3,1,-2,2,1,3,1.0,0,0,0.0,0,0.0,0,0.5241228070175439,0.3551263001485884,1.0,True,False,False,merge,IMG_2942_649_485
